name,price,rating,battery,sim,processor,ram,display,camera,card,os
OnePlus N6x,"₹18,999",4.35;,7000 mAh Battery with 15W Fast Charging,"Dual Sim, 5G, VoLTE, Wi-Fi","Dimensity 6360 Apex, Octa Core Processor","4 GB RAM, 64 GB inbuilt","6.8 inches, 720 x 1570 px, 120 Hz Display with Punch Hole",13 MP Rear & 5 MP Front Camera,"Memory Card (Hybrid), upto 2 TB",Android v16
Samsung Galaxy S25 Ultra,"₹89,860",4.15;,5000 mAh Battery with 45W Fast Charging,"Dual Sim, 5G, VoLTE, Vo5G, NFC, eSIM, Wi-Fi","Snapdragon 8 Elite for Galaxy, Octa Core, 4.47 GHz Processor","12 GB RAM, 256 GB inbuilt","6.9 inches, 1440 x 3120 px, 120 Hz Display with Punch Hole",200 MP Quad Rear & 12 MP Front Camera,Memory Card Not Supported,Android v15
Vivo T4 Pro 5G (8GB RAM + 256GB),"₹29,999",4.2;,6500 mAh Battery with 90W Fast Charging,"Dual Sim, 5G, VoLTE, Vo5G, Wi-Fi, IR Blaster","Snapdragon 7 Gen4, Octa Core, 2.8 GHz Processor","8 GB RAM, 256 GB inbuilt","6.77 inches, 1080 x 2392 px, 120 Hz Display with Punch Hole",50 MP + 50 MP + 2 MP Triple Rear & 32 MP Front Camera,Memory Card Not Supported,Android v15
Motorola Edge 70 Fusion,"₹27,240",4.4;,7000 mAh Battery with 68W Fast Charging,"Dual Sim, 5G, VoLTE, Vo5G, NFC, Wi-Fi","Snapdragon 7s Gen4, Octa Core, 2.7 GHz Processor","8 GB RAM, 128 GB inbuilt","6.78 inches, 1272 x 2772 px, 144 Hz Display with Punch Hole",50 MP + 13 MP + Dedicated 3-in-1 light sensor Triple Rear & 32 MP Front Camera,Android v16,No FM Radio
Motorola Moto G64 5G (12GB RAM + 256GB),"₹16,889",4.1;,6000 mAh Battery with 33W Fast Charging,"Dual Sim, 5G, VoLTE, Vo5G, Wi-Fi","Dimensity 7025, Octa Core, 2.5 GHz Processor","12 GB RAM, 256 GB inbuilt","6.5 inches, 1080 x 2400 px, 120 Hz Display with Punch Hole",50 MP + 8 MP Dual Rear & 16 MP Front Camera,"Memory Card (Hybrid), upto 1 TB",Android v14
Vivo T5x 5G,"₹24,399",4.1;,7200 mAh Battery with 44W Fast Charging,"Dual Sim, 5G, VoLTE, Wi-Fi, IR Blaster","Dimensity 7400 Turbo, Octa Core, 2.6 GHz Processor","6 GB RAM, 128 GB inbuilt","6.76 inches, 1080 x 2344 px, 120 Hz Display with Punch Hole",50 MP + 2 MP Dual Rear & 32 MP Front Camera,Memory Card Not Supported,Android v16
Realme P2 Pro 5G,"₹17,999",4.25;,5200 mAh Battery with 80W Fast Charging,"Dual Sim, 5G, VoLTE, Wi-Fi","Snapdragon 7s Gen 2, Octa Core, 2.4 GHz Processor","8 GB RAM, 128 GB inbuilt","6.7 inches, 1080 x 2412 px, 120 Hz Display with Punch Hole",50 MP + 8 MP Dual Rear & 32 MP Front Camera,Android v14,No FM Radio
Vivo V60 5G (8GB RAM + 256GB),"₹33,994",4.1;,6500 mAh Battery with 90W Fast Charging,"Dual Sim, 5G, VoLTE, NFC, Wi-Fi, IR Blaster","Snapdragon 7 Gen4, Octa Core, 2.8 GHz Processor","8 GB RAM, 256 GB inbuilt","6.77 inches, 1080 x 2392 px, 120 Hz Display with Punch Hole",50 MP + 50 MP + 8 MP Triple Rear & 50 MP Front Camera,Memory Card Not Supported,Android v15
Poco X7 Pro 5G,"₹23,999",4.15;,6550 mAh Battery with 90W Fast Charging,"Dual Sim, 5G, VoLTE, NFC, Wi-Fi, IR Blaster","Dimensity 8400 Ultra, Octa Core, 3.25 GHz Processor","8 GB RAM, 256 GB inbuilt","6.67 inches, 1220 x 2712 px, 120 Hz Display with Punch Hole",50 MP + 8 MP Dual Rear & 20 MP Front Camera,Android v15,No FM Radio
Xiaomi Redmi 13 5G,"₹12,499",4.5;,5030 mAh Battery with 33W Fast Charging,"Dual Sim, 5G, VoLTE, Wi-Fi, IR Blaster","Snapdragon 4 Gen 2 AE, Octa Core, 2.3 GHz Processor","6 GB RAM, 128 GB inbuilt","6.79 inches, 1080 x 2460 px, 120 Hz Display with Punch Hole",108 MP + Macro Dual Rear & 13 MP Front Camera,"Memory Card (Hybrid), upto 1 TB",Android v14
OnePlus Nord 5 5G,"₹33,999",4.75;,6800 mAh Battery with 80W Fast Charging,"Dual Sim, 5G, VoLTE, NFC, Wi-Fi, IR Blaster","Snapdragon 8s Gen3, Octa Core, 3 GHz Processor","8 GB RAM, 256 GB inbuilt","6.83 inches, 1272 x 2800 px, 144 Hz Display with Punch Hole",50 MP + 8 MP Dual Rear & 50 MP Front Camera,Android v15,No FM Radio
Nothing Phone 3a,"₹24,999",4.25;,5000 mAh Battery with 50W Fast Charging,"Dual Sim, 5G, VoLTE, NFC, Wi-Fi","Snapdragon 7s Gen3, Octa Core, 2.5 GHz Processor","8 GB RAM, 128 GB inbuilt","6.77 inches, 1080 x 2392 px, 120 Hz Display with Punch Hole",50 MP + 50 MP + 8 MP Triple Rear & 32 MP Front Camera,Android v15,No FM Radio
Vivo T4x 5G (8GB RAM + 128GB),"₹18,999",4.1;,6500 mAh Battery with 44W Fast Charging,"Dual Sim, 5G, VoLTE, Wi-Fi, IR Blaster","Dimensity 7300, Octa Core, 2.5 GHz Processor","8 GB RAM, 128 GB inbuilt","6.72 inches, 1080 x 2408 px, 120 Hz Display with Punch Hole",50 MP + 2 MP Dual Rear & 8 MP Front Camera,Memory Card Not Supported,Android v15
OnePlus N6,"₹22,999",4.45;,8000 mAh Battery with 45W Fast Charging,"Dual Sim, 5G, VoLTE, NFC, Wi-Fi","Dimensity 6360 Apex, Octa Core Processor","4 GB RAM, 128 GB inbuilt","6.8 inches, 720 x 1570 px, 120 Hz Display with Punch Hole",50 MP Dual Rear & 8 MP Front Camera,"Memory Card Supported, upto 2 TB",Android v16
Samsung Galaxy M47 5G,"₹27,678",4.6;,6000 mAh Battery with 45W Fast Charging,"Dual Sim, 5G, VoLTE, NFC, Wi-Fi","Snapdragon 6 Gen3, Octa Core, 2.4 GHz Processor","6 GB RAM, 128 GB inbuilt","6.7 inches, 1080 x 2340 px, 120 Hz Display with Punch Hole",50 MP + 5 MP + 2 MP Triple Rear & 12 MP Front Camera,"Memory Card (Hybrid), upto 1 TB",Android v16
Motorola Edge 70 5G,"₹28,614",4.3;,5000 mAh Battery with 68W Fast Charging,"Dual Sim, 5G, VoLTE, Vo5G, NFC, Wi-Fi","Snapdragon 7 Gen4, Octa Core, 2.8 GHz Processor","8 GB RAM, 256 GB inbuilt","6.7 inches, 1220 x 2712 px, 120 Hz Display with Punch Hole",50 MP + 50 MP Dual Rear & 50 MP Front Camera,Android v16,No FM Radio
Realme P4x 5G,"₹19,999",4.45;,7000 mAh Battery with 45W Fast Charging,"Dual Sim, 5G, VoLTE, Wi-Fi","Dimensity 7400 Ultra, Octa Core, 2.6 GHz Processor","6 GB RAM, 128 GB inbuilt","6.72 inches, 1080 x 2400 px, 144 Hz Display with Punch Hole",50 MP + 2 MP Dual Rear & 8 MP Front Camera,Android v15,No FM Radio
Vivo Y19s 5G (4GB RAM + 64GB),"₹7,999",4.05;,6000 mAh Battery with 15W Fast Charging,"Dual Sim, 5G, VoLTE, Wi-Fi","Dimensity 6300, Octa Core, 2.4 GHz Processor","4 GB RAM, 64 GB inbuilt","6.74 inches, 720 x 1600 px, 90 Hz Display with Water Drop Notch",13 MP + 0.08 MP Dual Rear & 5 MP Front Camera,Memory Card Supported,Android v15
Apple iPhone 17,"₹82,900",4.6;,3692 mAh Battery with Fast Charging,"Dual Sim, 5G, VoLTE, NFC, eSIM, Wi-Fi","Apple A19, Hexa Core Processor","8 GB RAM, 256 GB inbuilt","6.3 inches, 1206 x 2622 px, 120 Hz Display with Small Notch",48 MP + 48 MP Dual Rear & 18 MP Front Camera,Memory Card Not Supported,iOS v26
Vivo V60e (8GB RAM + 256GB),"₹29,494",4.6;,6500 mAh Battery with 90W Fast Charging,"Dual Sim, 5G, VoLTE, NFC, Wi-Fi, IR Blaster","Dimensity 7360 Turbo, Octa Core, 2.5 GHz Processor","8 GB RAM, 256 GB inbuilt","6.77 inches, 1080 x 2392 px, 120 Hz Display with Punch Hole",200 MP + 8 MP Dual Rear & 50 MP Front Camera,Memory Card Not Supported,Android v15
OnePlus Nord 6,"₹42,999",4.6;,9000 mAh Battery with 80W Fast Charging,"Dual Sim, 5G, VoLTE, NFC, Wi-Fi, IR Blaster","Snapdragon 8s Gen4, Octa Core, 3.2 GHz Processor","8 GB RAM, 256 GB inbuilt","6.78 inches, 1272 x 2772 px, 165 Hz Display with Punch Hole",50 MP + 8 MP Dual Rear & 32 MP Front Camera,Memory Card Not Supported,Android v16
Poco M7 Pro 5G,"₹14,999",4;,5110 mAh Battery with 45W Fast Charging,"Dual Sim, 5G, VoLTE, Wi-Fi, IR Blaster","Dimensity 7025 Ultra, Octa Core, 2.5 GHz Processor","6 GB RAM, 128 GB inbuilt","6.67 inches, 1080 x 2400 px, 120 Hz Display with Punch Hole",50 MP + 2 MP Dual Rear & 20 MP Front Camera,"Memory Card (Hybrid), upto 1 TB",Android v14
Lava Virat V1 5G,"₹12,999",4.25;,6000 mAh Battery with 10W Fast Charging,"Dual Sim, 5G, VoLTE, Vo5G, Wi-Fi","Unisoc T8200, Octa Core Processor","4 GB RAM, 64 GB inbuilt","6.75 inches, 720 x 1600 px, 120 Hz Display with Punch Hole",13 MP Dual Rear & 5 MP Front Camera,"Memory Card (Hybrid), upto 1 TB",Android v16
Oppo K13 Turbo Pro,"₹30,999",4.1;,7000 mAh Battery with 80W Fast Charging,"Dual Sim, 5G, VoLTE, Wi-Fi, IR Blaster","Snapdragon 8s Gen4, Octa Core, 3.2 GHz Processor","8 GB RAM, 256 GB inbuilt","6.8 inches, 1280 x 2800 px, 120 Hz Display with Punch Hole",50 MP + 2 MP Dual Rear & 16 MP Front Camera,Memory Card Not Supported,Android v15
Samsung Galaxy S25 FE,"₹45,739",4.7;,4900 mAh Battery with 45W Fast Charging,"Dual Sim, 5G, VoLTE, Vo5G, NFC, eSIM, Wi-Fi","Exynos 2400, Deca Core, 3.2 GHz Processor","8 GB RAM, 128 GB inbuilt","6.7 inches, 1080 x 2340 px, 120 Hz Display with Punch Hole",50 MP + 12 MP + 8 MP Triple Rear & 12 MP Front Camera,Memory Card Not Supported,Android v16
OPPO Reno 14 5G,"₹38,439",4.75;,6000 mAh Battery with 80W Fast Charging,"Dual Sim, 5G, VoLTE, Wi-Fi, IR Blaster","Dimensity 8350, Octa Core, 3.35 GHz Processor","8 GB RAM, 256 GB inbuilt","6.59 inches, 1256 x 2760 px, 120 Hz Display with Punch Hole",50 MP + 50 MP + 8 MP Triple Rear & 50 MP Front Camera,Android v15,No FM Radio
Motorola Edge 60 Pro,"₹30,990",4.15;,6000 mAh Battery with 90W Fast Charging,"Dual Sim, 5G, VoLTE, Vo5G, NFC, Wi-Fi","Dimensity 8350 Extreme, Octa Core, 3.35 GHz Processor","8 GB RAM, 256 GB inbuilt","6.7 inches, 1220 x 2712 px, 120 Hz Display with Punch Hole",50 MP + 50 MP + 10 MP Triple Rear & 50 MP Front Camera,Android v15,No FM Radio
Motorola Moto G85 5G,"₹17,840",4.05;,5000 mAh Battery with 33W Fast Charging,"Dual Sim, 5G, VoLTE, Wi-Fi","Snapdragon 6s Gen3, Octa Core, 2.3 GHz Processor","8 GB RAM, 128 GB inbuilt","6.67 inches, 1080 x 2400 px, 120 Hz Display with Punch Hole",50 MP + 8 MP Dual Rear & 32 MP Front Camera,"Memory Card (Hybrid), upto 1 TB",Android v14
Vivo V70 FE,"₹41,990",4.4;,7000 mAh Battery with 90W Fast Charging,"Dual Sim, 5G, VoLTE, NFC, Wi-Fi, IR Blaster","Dimensity 7360 Turbo, Octa Core, 2.5 GHz Processor","8 GB RAM, 128 GB inbuilt","6.83 inches, 1260 x 2800 px, 120 Hz Display with Punch Hole",200 MP + 8 MP Dual Rear & 50 MP Front Camera,Memory Card Not Supported,Android v16
Vivo T4 5G,"₹24,999",4.15;,7300 mAh Battery with 90W Fast Charging,"Dual Sim, 5G, VoLTE, Wi-Fi, IR Blaster","Snapdragon 7s Gen3, Octa Core, 2.5 GHz Processor","8 GB RAM, 128 GB inbuilt","6.77 inches, 1080 x 2392 px, 120 Hz Display with Punch Hole",50 MP + 2 MP Dual Rear & 32 MP Front Camera,Memory Card Not Supported,Android v15
Xiaomi Redmi Note 14,"₹16,499",4.35;,5110 mAh Battery with 45W Fast Charging,"Dual Sim, 5G, VoLTE, Wi-Fi, IR Blaster","Dimensity 7025 Ultra, Octa Core, 2.5 GHz Processor","6 GB RAM, 128 GB inbuilt","6.67 inches, 1080 x 2400 px, 120 Hz Display with Punch Hole",50 MP + 8 MP + 2 MP Triple Rear & 20 MP Front Camera,"Memory Card (Hybrid), upto 1 TB",Android v14
Vivo V70 5G,"₹53,999",4.15;,6500 mAh Battery with 90W Fast Charging,"Dual Sim, 5G, VoLTE, NFC, Wi-Fi, IR Blaster","Snapdragon 7 Gen4, Octa Core, 2.8 GHz Processor","8 GB RAM, 256 GB inbuilt","6.59 inches, 1260 x 2750 px, 120 Hz Display with Punch Hole",50 MP + 50 MP + 8 MP Triple Rear & 50 MP Front Camera,Memory Card Not Supported,Android v16
Samsung Galaxy F16 5G,"₹12,499",4.2;,5000 mAh Battery with 25W Fast Charging,"Dual Sim, 5G, VoLTE, NFC, Wi-Fi","Dimensity 6300, Octa Core, 2.4 GHz Processor","4 GB RAM, 128 GB inbuilt","6.7 inches, 1080 x 2340 px, 90 Hz Display with Punch Hole",50 MP + 5 MP + 2 MP Triple Rear & 13 MP Front Camera,"Memory Card (Hybrid), upto 1.5 TB",Android v15
OnePlus Nord CE 6 5G,"₹33,999",4.25;,8000 mAh Battery with 80W Fast Charging,"Dual Sim, 5G, VoLTE, Wi-Fi, IR Blaster","Snapdragon 7s Gen4, Octa Core, 2.7 GHz Processor","8 GB RAM, 128 GB inbuilt","6.78 inches, 1272 x 2772 px, 144 Hz Display with Punch Hole",50 MP + 2 MP Dual Rear & 32 MP Front Camera,Android v16,No FM Radio
Motorola Edge 60 Fusion,"₹24,999",4.7;,5500 mAh Battery with 68W Fast Charging,"Dual Sim, 5G, VoLTE, Vo5G, Wi-Fi","Dimensity 7400, Octa Core, 2.5 GHz Processor","8 GB RAM, 256 GB inbuilt","6.7 inches, 1220 x 2712 px, 120 Hz Display with Punch Hole",50 MP + 13 MP Dual Rear & 32 MP Front Camera,"Memory Card (Hybrid), upto 1 TB",Android v15
OnePlus N6x (4GB RAM + 128GB),"₹20,999",4.3;,7000 mAh Battery with 15W Fast Charging,"Dual Sim, 5G, VoLTE, Wi-Fi","Dimensity 6360 Apex, Octa Core Processor","4 GB RAM, 128 GB inbuilt","6.8 inches, 720 x 1570 px, 120 Hz Display with Punch Hole",13 MP Rear & 5 MP Front Camera,"Memory Card (Hybrid), upto 2 TB",Android v16
Motorola Edge 60 Stylus,"₹20,560",4.7;,5000 mAh Battery with 68W Fast Charging,"Dual Sim, 5G, VoLTE, Vo5G, NFC, eSIM, Wi-Fi","Snapdragon 7s Gen2, Octa Core, 2.4 GHz Processor","8 GB RAM, 256 GB inbuilt","6.7 inches, 1220 x 2712 px, 120 Hz Display with Punch Hole",50 MP + 13 MP Dual Rear & 32 MP Front Camera,"Memory Card Supported, upto 1 TB",Android v15
Vivo X200T,"₹59,999",4.15;,6200 mAh Battery with 90W Fast Charging,"Dual Sim, 5G, VoLTE, NFC, eSIM, Wi-Fi, IR Blaster","Dimensity 9400 Plus, Octa Core, 3.63 GHz Processor","12 GB RAM, 256 GB inbuilt","6.67 inches, 1260 x 2800 px, 120 Hz Display with Punch Hole",50 MP + 50 MP + 50 MP Triple Rear & 32 MP Front Camera,Memory Card Not Supported,Android v16
Realme GT 7T,"₹34,999",4.7;,7000 mAh Battery with 120W Fast Charging,"Dual Sim, 5G, VoLTE, Vo5G, NFC, Wi-Fi, IR Blaster","Dimensity 8400-MAX, Octa Core, 3.25 GHz Processor","8 GB RAM, 256 GB inbuilt","6.8 inches, 1280 x 2800 px, 120 Hz Display with Punch Hole",50 MP + 8 MP Dual Rear & 32 MP Front Camera,Memory Card Not Supported,Android v15
Oppo K13 (8GB RAM + 256GB),"₹23,999",4.15;,7000 mAh Battery with 80W Fast Charging,"Dual Sim, 5G, VoLTE, Wi-Fi, IR Blaster","Snapdragon 6 Gen4, Octa Core, 2.3 GHz Processor","8 GB RAM, 256 GB inbuilt","6.67 inches, 1080 x 2400 px, 120 Hz Display with Punch Hole",50 MP + 2 MP Dual Rear & 16 MP Front Camera,Android v15,No FM Radio
iQOO Z11 Lite 5G,"₹19,499",4.2;,6500 mAh Battery with 44W Fast Charging,"Dual Sim, 5G, VoLTE, Wi-Fi","Dimensity 6300, Octa Core, 2.4 GHz Processor","4 GB RAM, 128 GB inbuilt","6.74 inches, 720 x 1600 px, 120 Hz Display with Water Drop Notch",50 MP + 0.08 MP Dual Rear & 5 MP Front Camera,"Memory Card (Hybrid), upto 2 TB",Android v16
Realme P4 Power 5G,"₹27,999",4.75;,10001 mAh Battery with 80W Fast Charging,"Dual Sim, 5G, VoLTE, Wi-Fi, IR Blaster","Dimensity 7400 Ultra, Octa Core, 2.6 GHz Processor","8 GB RAM, 128 GB inbuilt","6.8 inches, 1280 x 2800 px, 144 Hz Display with Punch Hole",50 MP + 8 MP Dual Rear & 16 MP Front Camera,Memory Card Not Supported,Android v16
Samsung Galaxy A17 5G,"₹19,499",4.1;,5000 mAh Battery with 25W Fast Charging,"Dual Sim, 5G, VoLTE, NFC, Wi-Fi","Exynos 1330, Octa Core, 2.4 GHz Processor","6 GB RAM, 128 GB inbuilt","6.7 inches, 1080 x 2340 px, 90 Hz Display with Water Drop Notch",50 MP + 5 MP + 2 MP Triple Rear & 13 MP Front Camera,"Memory Card (Hybrid), upto 2 TB",Android v15
Samsung Galaxy F05,"₹6,499",4;,5000 mAh Battery with 25W Fast Charging,"Dual Sim, 4G, VoLTE, Wi-Fi","Helio G85, Octa Core, 2 GHz Processor","4 GB RAM, 64 GB inbuilt","6.74 inches, 720 x 1600 px Display with Water Drop Notch",50 MP + 2 MP Dual Rear & 8 MP Front Camera,"Memory Card Supported, upto 1 TB",Android v14
Nokia 210 4G (2026),"₹3,042",4.35;,1450 mAh Battery,4G,No Wifi,"64 MB RAM, 128 MB inbuilt","2.4 inches, 240 x 320 px Display",0.3 MP Rear & 0.3 MP Front Camera,Memory Card Supported,No FM Radio
Vivo T5 Lite 5G,"₹19,999",4.55;,6500 mAh Battery with 44W Fast Charging,"Dual Sim, 5G, VoLTE, Wi-Fi","Dimensity 6300, Octa Core, 2.4 GHz Processor","4 GB RAM, 128 GB inbuilt","6.74 inches, 720 x 1600 px, 120 Hz Display with Water Drop Notch",50 MP + 0.08 MP Dual Rear & 5 MP Front Camera,"Memory Card (Hybrid), upto 2 TB",Android v16
Vivo T5x 5G (8GB RAM + 128GB),"₹24,999",4.25;,7200 mAh Battery with 44W Fast Charging,"Dual Sim, 5G, VoLTE, Wi-Fi, IR Blaster","Dimensity 7400 Turbo, Octa Core, 2.6 GHz Processor","8 GB RAM, 128 GB inbuilt","6.76 inches, 1080 x 2344 px, 120 Hz Display with Punch Hole",50 MP + 2 MP Dual Rear & 32 MP Front Camera,Memory Card Not Supported,Android v16
Samsung Galaxy S24 5G (Snapdragon),"₹49,999",4.65;,4000 mAh Battery with 25W Fast Charging,"Dual Sim, 5G, VoLTE, Vo5G, NFC, eSIM, Wi-Fi","Snapdragon 8 Gen3, Octa Core, 3.3 GHz Processor","8 GB RAM, 256 GB inbuilt","6.2 inches, 1080 x 2340 px, 120 Hz Display with Punch Hole",50 MP + 12 MP + 10 MP Triple Rear & 12 MP Front Camera,Android v15,No FM Radio
Motorola Signature,"₹54,389",4.2;,5200 mAh Battery with 90W Fast Charging,"Dual Sim, 5G, VoLTE, Vo5G, NFC, Wi-Fi","Snapdragon 8 Gen5, Octa Core, 3.8 GHz Processor","12 GB RAM, 256 GB inbuilt","6.8 inches, 1264 x 2780 px, 165 Hz Display with Punch Hole",50 MP + 50 MP + 50 MP Triple Rear & 50 MP Front Camera,Android v16,No FM Radio
Samsung Galaxy Z Fold 8 Ultra,"₹1,99,999",4.35;,5000 mAh Battery with 45W Fast Charging,"Dual Sim, 5G, VoLTE, Vo5G, NFC, eSIM, Wi-Fi","Snapdragon 8 Elite Gen 5, Octa Core, 4.74 GHz Processor","12 GB RAM, 256 GB inbuilt","8 inches, 2256 x 2504 px, 120 Hz Display with Punch Hole","Foldable Display, Dual Display",200 MP + 50 MP + 10 MP Triple Rear & 10 MP + 10 MP Dual Front Camera,Android v17
Motorola Moto G35 5G,"₹12,499",4.1;,5000 mAh Battery with 18W Fast Charging,"Dual Sim, 5G, VoLTE, Vo5G, Wi-Fi","Unisoc T760, Octa Core, 2.2 GHz Processor","4 GB RAM, 128 GB inbuilt","6.72 inches, 1080 x 2400 px, 120 Hz Display with Punch Hole",50 MP + 8 MP Dual Rear & 16 MP Front Camera,"Memory Card (Hybrid), upto 1 TB",Android v14
Motorola Edge 70 Pro,"₹37,630",4.2;,6500 mAh Battery with 90W Fast Charging,"Dual Sim, 5G, VoLTE, Vo5G, NFC, Wi-Fi","Dimensity 8500 Extreme, Octa Core, 3.4 GHz Processor","8 GB RAM, 256 GB inbuilt","6.8 inches, 1272 x 2772 px, 144 Hz Display with Punch Hole",50 MP + 50 MP Dual Rear & 50 MP Front Camera,Android v16,No FM Radio
Poco X7 5G,"₹17,999",4.4;,5500 mAh Battery with 45W Fast Charging,"Dual Sim, 5G, VoLTE, Vo5G, NFC, Wi-Fi, IR Blaster","Dimensity 7300 Ultra, Octa Core, 2.5 GHz Processor","8 GB RAM, 128 GB inbuilt","6.67 inches, 1220 x 2712 px, 120 Hz Display with Punch Hole",50 MP + 8 MP + 2 MP Triple Rear & 20 MP Front Camera,Android v14,No FM Radio
Samsung Galaxy F16 5G (6GB RAM + 128GB),"₹13,999",4.1;,5000 mAh Battery with 25W Fast Charging,"Dual Sim, 5G, VoLTE, NFC, Wi-Fi","Dimensity 6300, Octa Core, 2.4 GHz Processor","6 GB RAM, 128 GB inbuilt","6.7 inches, 1080 x 2340 px, 90 Hz Display with Punch Hole",50 MP + 5 MP + 2 MP Triple Rear & 13 MP Front Camera,"Memory Card (Hybrid), upto 1.5 TB",Android v15
Realme C100x,"₹15,499",4.5;,8000 mAh Battery with 45W Fast Charging,"Dual Sim, 4G, VoLTE, Wi-Fi","Unisoc T7250, Octa Core, 1.8 GHz Processor","4 GB RAM, 64 GB inbuilt","6.81 inches, 720 x 1570 px, 120 Hz Display with Water Drop Notch",50 MP Rear & 5 MP Front Camera,Memory Card Supported,Android v16
Tecno Spark Go 5G,"₹9,999",4.05;,6000 mAh Battery with 18W Fast Charging,"Dual Sim, 5G, VoLTE, Wi-Fi, IR Blaster","Dimensity 6400, Octa Core, 2.5 GHz Processor","4 GB RAM, 128 GB inbuilt","6.74 inches, 720 x 1600 px, 120 Hz Display with Punch Hole",50 MP Rear & 5 MP Front Camera,Memory Card Supported,Android v15
Xiaomi Redmi 14C 5G (6GB RAM + 128GB),"₹11,999",4.75;,5160 mAh Battery with 18W Fast Charging,"Dual Sim, 5G, VoLTE, Wi-Fi","Snapdragon 4 Gen2, Octa Core, 2.2 GHz Processor","6 GB RAM, 128 GB inbuilt","6.88 inches, 720 x 1640 px, 120 Hz Display with Water Drop Notch",50 MP Dual Rear & 8 MP Front Camera,"Memory Card Supported, upto 1 TB",Android v14
Vivo X300 FE,"₹86,999",4.4;,6500 mAh Battery with 90W Fast Charging,"Dual Sim, 5G, VoLTE, NFC, eSIM, Wi-Fi, IR Blaster","Snapdragon 8 Gen5, Octa Core, 3.8 GHz Processor","12 GB RAM, 256 GB inbuilt","6.31 inches, 1216 x 2640 px, 120 Hz Display with Punch Hole",50 MP + 50 MP + 8 MP Triple Rear & 50 MP Front Camera,Memory Card Not Supported,Android v16
Samsung Galaxy S25 5G,"₹64,000",4.35;,4000 mAh Battery with 25W Fast Charging,"Dual Sim, 5G, VoLTE, Vo5G, NFC, eSIM, Wi-Fi","Snapdragon 8 Elite, Octa Core, 4.47 GHz Processor","12 GB RAM, 256 GB inbuilt","6.2 inches, 1080 x 2340 px, 120 Hz Display with Punch Hole",50 MP + 12 MP + 10 MP Triple Rear & 12 MP Front Camera,Android v15,No FM Radio
Apple iPhone 16,"₹67,900",4.75;,3561 mAh Battery with Fast Charging,"Dual Sim, 5G, VoLTE, NFC, eSIM, Wi-Fi","Bionic A18, Hexa Core, 4.04 GHz Processor","8 GB RAM, 128 GB inbuilt","6.1 inches, 1179 x 2556 px Display with Dynamic Island Display",48 MP + 12 MP Dual Rear & 12 MP Front Camera,Memory Card Not Supported,iOS v18
Samsung Galaxy M56 5G,"₹25,999",4.5;,5000 mAh Battery with 45W Fast Charging,"Dual Sim, 5G, VoLTE, Wi-Fi","Exynos 1480, Octa Core, 2.7 GHz Processor","8 GB RAM, 128 GB inbuilt","6.74 inches, 1080 x 2340 px, 120 Hz Display with Punch Hole",50 MP + 8 MP + 2 MP Triple Rear & 12 MP Front Camera,Android v15,No FM Radio
OPPO K14,"₹19,999",4.3;,7000 mAh Battery with 45W Fast Charging,"Dual Sim, 5G, VoLTE, NFC, Wi-Fi, IR Blaster","Dimensity 6300, Octa Core, 2.4 GHz Processor","6 GB RAM, 128 GB inbuilt","6.75 inches, 720 x 1570 px, 120 Hz Display with Punch Hole",50 MP + 2 MP Dual Rear & 8 MP Front Camera,Memory Card (Hybrid),Android v15
OPPO Reno 16 5G,"₹61,999",4.75;,6700 mAh Battery with 80W Fast Charging,"Dual Sim, 5G, VoLTE, Vo5G, Wi-Fi, IR Blaster","Snapdragon 7 Gen4, Octa Core, 2.8 GHz Processor","8 GB RAM, 256 GB inbuilt","6.32 inches, 1216 x 2640 px, 120 Hz Display with Punch Hole",50 MP + 50 MP + 50 MP Triple Rear & 50 MP Front Camera,Memory Card Not Supported,Android v16
Moto G57 Power,"₹19,999",4.3;,7000 mAh Battery with 33W Fast Charging,"Dual Sim, 5G, eSIM, Wi-Fi","Snapdragon 6s Gen4, Octa Core, 2.4 GHz Processor","8 GB RAM, 128 GB inbuilt","6.72 inches, 1080 x 2400 px, 120 Hz Display with Punch Hole",50 MP + 8 MP Dual Rear & 8 MP Front Camera,Android v16,Bluetooth
Xiaomi Redmi Turbo 5,"₹37,999",4.45;,7540 mAh Battery with 100W Fast Charging,"Dual Sim, 5G, VoLTE, NFC, Wi-Fi, IR Blaster","Dimensity 8500 Ultra, Octa Core, 3.4 GHz Processor","8 GB RAM, 256 GB inbuilt","6.59 inches, 1268 x 2756 px, 120 Hz Display with Punch Hole",50 MP + 8 MP Dual Rear & 20 MP Front Camera,Android v16,No FM Radio
Realme P4 5G,"₹25,999",4.25;,7000 mAh Battery with 80W Fast Charging,"Dual Sim, 5G, VoLTE, Wi-Fi, IR Blaster","Dimensity 7400 Ultra, Octa Core, 2.6 GHz Processor","6 GB RAM, 128 GB inbuilt","6.77 inches, 1080 x 2392 px, 144 Hz Display with Punch Hole",50 MP + 8 MP Dual Rear & 16 MP Front Camera,Android v15,No FM Radio
Samsung Galaxy F36 5G,"₹19,044",4.45;,5000 mAh Battery with 25W Fast Charging,"Dual Sim, 5G, VoLTE, NFC, Wi-Fi","Exynos 1380, Octa Core, 2.4 GHz Processor","6 GB RAM, 128 GB inbuilt","6.7 inches, 1080 x 2340 px, 120 Hz Display with Water Drop Notch",50 MP + 8 MP + 2 MP Triple Rear & 13 MP Front Camera,"Memory Card (Hybrid), upto 2 TB",Android v15
Vivo Y28e 5G (4GB RAM + 64GB),"₹9,999",4;,5000 mAh Battery with 15W Fast Charging,"Dual Sim, 5G, VoLTE, Wi-Fi","Dimensity 6300, Octa Core, 2.4 GHz Processor","4 GB RAM, 64 GB inbuilt","6.56 inches, 720 x 1612 px, 90 Hz Display with Water Drop Notch",13 MP + 0.08 MP Dual Rear & 5 MP Front Camera,"Memory Card (Hybrid), upto 1 TB",Android v14
Samsung Galaxy S26 Ultra 5G,"₹1,39,999",4.45;,5000 mAh Battery with 60W Fast Charging,"Dual Sim, 5G, VoLTE, Vo5G, NFC, eSIM, Wi-Fi","Snapdragon 8 Elite Gen 5 for Galaxy, Octa Core, 4.74 GHz Processor","12 GB RAM, 256 GB inbuilt","6.9 inches, 1440 x 3120 px, 120 Hz Display with Punch Hole",200 MP Quad Rear & 12 MP Front Camera,Memory Card Not Supported,Android v16
OnePlus N6 5G (6GB RAM + 128GB),"₹24,999",4.1;,8000 mAh Battery with 45W Fast Charging,"Dual Sim, 5G, VoLTE, NFC, Wi-Fi","Dimensity 6360 Apex, Octa Core Processor","6 GB RAM, 128 GB inbuilt","6.8 inches, 720 x 1570 px, 120 Hz Display with Punch Hole",50 MP Dual Rear & 8 MP Front Camera,"Memory Card Supported, upto 2 TB",Android v16
Motorola Moto G34 5G (8GB RAM + 128GB),"₹14,999",4.25;,5000 mAh Battery with 18W Fast Charging,"Dual Sim, 5G, VoLTE, Vo5G, Wi-Fi","Snapdragon 695, Octa Core, 2.2 GHz Processor","8 GB RAM, 128 GB inbuilt","6.5 inches, 720 x 1600 px, 120 Hz Display with Punch Hole",50 MP + 2 MP Dual Rear & 16 MP Front Camera,"Memory Card (Hybrid), upto 1 TB",Android v14
iQOO 15R,"₹49,999",4.15;,7600 mAh Battery with 100W Fast Charging,"Dual Sim, 5G, VoLTE, NFC, Wi-Fi, IR Blaster","Snapdragon 8 Gen5, Octa Core, 3.8 GHz Processor","8 GB RAM, 256 GB inbuilt","6.59 inches, 1260 x 2750 px, 144 Hz Display with Punch Hole",50 MP + 8 MP Dual Rear & 32 MP Front Camera,Android v16,No FM Radio
Oppo F31 Pro 5G,"₹25,999",4.55;,7000 mAh Battery with 80W Fast Charging,"Dual Sim, 5G, VoLTE, Wi-Fi","Dimensity 7300 Energy, Octa Core, 2.5 GHz Processor","8 GB RAM, 128 GB inbuilt","6.57 inches, 1080 x 2372 px, 120 Hz Display with Punch Hole",50 MP + 2 MP Dual Rear & 32 MP Front Camera,Android v15,No FM Radio
Realme P4 Pro 5G,"₹26,999",4.55;,7000 mAh Battery with 80W Fast Charging,"Dual Sim, 5G, VoLTE, Wi-Fi, IR Blaster","Snapdragon 7 Gen 4, Octa Core Processor","8 GB RAM, 128 GB inbuilt","6.8 inches, 1280 x 2800 px, 144 Hz Display with Punch Hole",50 MP + 8 MP Dual Rear & 50 MP Front Camera,Android v15,No FM Radio
Nothing Phone 3 5G,"₹79,999",4.35;,5500 mAh Battery with 65W Fast Charging,"Dual Sim, 5G, VoLTE, NFC, eSIM, Wi-Fi","Snapdragon 8s Gen4, Octa Core, 3.2 GHz Processor","12 GB RAM, 256 GB inbuilt","6.67 inches, 1260 x 2800 px, 120 Hz Display with Punch Hole",50 MP + 50 MP + 50 MP Triple Rear & 50 MP Front Camera,Android v15,No FM Radio
Vivo X300,"₹75,999",4.5;,6040 mAh Battery with 90W Fast Charging,"Dual Sim, 5G, VoLTE, NFC, eSIM, Wi-Fi, IR Blaster","Dimensity 9500, Octa Core, 4.21 GHz Processor","12 GB RAM, 256 GB inbuilt","6.31 inches, 1216 x 2640 px, 120 Hz Display with Punch Hole",200 MP + 50 MP + 50 MP Triple Rear & 50 MP Front Camera,Memory Card Not Supported,Android v16
Realme P4R 5G,"₹18,338",4.15;,8000 mAh Battery with 45W Fast Charging,"Dual Sim, 5G, VoLTE, Wi-Fi","Dimensity 6300, Octa Core, 2.4 GHz Processor","4 GB RAM, 128 GB inbuilt","6.81 inches, 720 x 1570 px, 144 Hz Display with Punch Hole",50 MP Rear & 8 MP Front Camera,Android v16,No FM Radio
Apple iPhone 17 Pro Max,"₹1,43,990",4.25;,4832 mAh Battery with Fast Charging,"Dual Sim, 5G, VoLTE, NFC, eSIM, Wi-Fi","Apple A19 Pro, Hexa Core Processor","12 GB RAM, 256 GB inbuilt","6.9 inches, 1320 x 2868 px, 120 Hz Display with Dynamic Island",48 MP + 48 MP + 48 MP Triple Rear & 18 MP Front Camera,Memory Card Not Supported,iOS v26
Poco X7 5G (8GB RAM + 256GB),"₹19,999",4.2;,5500 mAh Battery with 45W Fast Charging,"Dual Sim, 5G, VoLTE, Vo5G, NFC, Wi-Fi, IR Blaster","Dimensity 7300 Ultra, Octa Core, 2.5 GHz Processor","8 GB RAM, 256 GB inbuilt","6.67 inches, 1220 x 2712 px, 120 Hz Display with Punch Hole",50 MP + 8 MP + 2 MP Triple Rear & 20 MP Front Camera,Android v14,No FM Radio
OnePlus Nord CE 5 5G,"₹33,000",4.1;,7100 mAh Battery with 80W Fast Charging,"Dual Sim, 5G, VoLTE, Wi-Fi, IR Blaster","Dimensity 8350 Apex, Octa Core, 3.35 GHz Processor","8 GB RAM, 128 GB inbuilt","6.77 inches, 1080 x 2392 px, 120 Hz Display with Punch Hole",50 MP + 8 MP Dual Rear & 16 MP Front Camera,"Memory Card (Hybrid), upto 1 TB",Android v15
Motorola Edge 70 Fusion 5G (8GB RAM + 256 GB),"₹31,899",4.45;,7000 mAh Battery with 68W Fast Charging,"Dual Sim, 5G, VoLTE, Vo5G, NFC, Wi-Fi","Snapdragon 7s Gen4, Octa Core, 2.7 GHz Processor","8 GB RAM, 256 GB inbuilt","6.78 inches, 1272 x 2772 px, 144 Hz Display with Punch Hole",50 MP + 13 MP + Dedicated 3-in-1 light sensor Triple Rear & 32 MP Front Camera,Android v16,No FM Radio
Samsung Galaxy M17e 5G,"₹14,649",4.65;,6000 mAh Battery with 25W Fast Charging,"Dual Sim, 5G, VoLTE, Wi-Fi","Dimensity 6300, Octa Core, 2.4 GHz Processor","4 GB RAM, 128 GB inbuilt","6.7 inches, 720 x 1600 px, 120 Hz Display with Water Drop Notch",50 MP + 2 MP Dual Rear & 8 MP Front Camera,"Memory Card (Hybrid), upto 2 TB",Android v16
Apple iPhone 15,"₹58,900",4.65;,3349 mAh Battery with Fast Charging,"Dual Sim, 5G, VoLTE, NFC, eSIM, Wi-Fi","Bionic A16, Hexa Core, 3.46 GHz Processor","6 GB RAM, 128 GB inbuilt","6.1 inches, 1179 x 2556 px Display with Dynamic Island",48 MP + 12 MP Dual Rear & 12 MP Front Camera,Memory Card Not Supported,iOS v17
Vivo T5 Pro,"₹35,986",4;,9020 mAh Battery with 90W Fast Charging,"Dual Sim, 5G, VoLTE, Vo5G, Wi-Fi, IR Blaster","Snapdragon 7s Gen4, Octa Core, 2.7 GHz Processor","8 GB RAM, 128 GB inbuilt","6.83 inches, 1260 x 2800 px, 144 Hz Display with Punch Hole",50 MP + 2 MP Dual Rear & 32 MP Front Camera,Memory Card Not Supported,Android v16
OnePlus 15,"₹85,999",4.5;,7300 mAh Battery with 120W Fast Charging,"Dual Sim, 5G, VoLTE, Vo5G, NFC, eSIM, Wi-Fi, IR Blaster","Snapdragon 8 Elite Gen 5, Octa Core, 4.6 GHz Processor","12 GB RAM, 256 GB inbuilt","6.78 inches, 1272 x 2772 px, 165 Hz Display with Punch Hole",50 MP + 50 MP + 50 MP Triple Rear & 32 MP Front Camera,Memory Card Not Supported,Android v16
Vivo T4R 5G,"₹22,999",4.75;,5700 mAh Battery with 44W Fast Charging,"Dual Sim, 5G, VoLTE, Vo5G, Wi-Fi","Dimensity 7400, Octa Core, 2.6 GHz Processor","8 GB RAM, 128 GB inbuilt","6.77 inches, 1080 x 2392 px, 120 Hz Display with Punch Hole",50 MP + 2 MP Dual Rear & 32 MP Front Camera,Memory Card Not Supported,Android v15
Infinix Note 50X 5G,"₹13,499",4.2;,5500 mAh Battery with 45W Fast Charging,"Dual Sim, 5G, VoLTE, Wi-Fi, IR Blaster","Dimensity 7300 Ultimate, Octa Core, 2.5 GHz Processor","6 GB RAM, 128 GB inbuilt","6.67 inches, 720 x 1600 px, 120 Hz Display with Punch Hole",50 MP Dual Rear & 8 MP Front Camera,Memory Card (Hybrid),Android v15
Samsung Galaxy A36 5G,"₹28,999",4.7;,5000 mAh Battery with 45W Fast Charging,"Dual Sim, 5G, VoLTE, NFC, Wi-Fi","Snapdragon 6 Gen3, Octa Core, 2.4 GHz Processor","8 GB RAM, 128 GB inbuilt","6.7 inches, 1080 x 2340 px, 120 Hz Display with Punch Hole",50 MP + 8 MP + 5 MP Triple Rear & 12 MP Front Camera,Android v15,No FM Radio
Honor 200,"₹29,999",4.65;,5200 mAh Battery with 100W Fast Charging,"Dual Sim, 5G, VoLTE, NFC, Wi-Fi","Snapdragon 7 Gen3, Octa Core, 2.63 GHz Processor","8 GB RAM, 256 GB inbuilt","6.7 inches, 1200 x 2664 px, 120 Hz Display with Punch Hole",50 MP + 50 MP + 12 MP Triple Rear & 50 MP Front Camera,Android v14,No FM Radio
Moto G96 5G,"₹22,990",4.6;,5500 mAh Battery with 33W Fast Charging,"Dual Sim, 5G, VoLTE, Wi-Fi","Snapdragon 7s Gen2, Octa Core, 2.4 GHz Processor","8 GB RAM, 128 GB inbuilt","6.67 inches, 1080 x 2400 px, 144 Hz Display with Punch Hole",50 MP + 8 MP Dual Rear & 32 MP Front Camera,Memory Card Not Supported,Android v15
Poco X7 Pro (12GB RAM + 256GB),"₹25,999",4.55;,6550 mAh Battery with 90W Fast Charging,"Dual Sim, 5G, VoLTE, NFC, Wi-Fi, IR Blaster","Dimensity 8400 Ultra, Octa Core, 3.25 GHz Processor","12 GB RAM, 256 GB inbuilt","6.67 inches, 1220 x 2712 px, 120 Hz Display with Punch Hole",50 MP + 8 MP Dual Rear & 20 MP Front Camera,Android v15,No FM Radio
Motorola Moto G67 Power 5G,"₹21,699",4;,7000 mAh Battery with 30W Fast Charging,"Dual Sim, 5G, VoLTE, Wi-Fi","Snapdragon 7s Gen2, Octa Core, 2.4 GHz Processor","8 GB RAM, 128 GB inbuilt","6.7 inches, 1080 x 2400 px, 120 Hz Display with Punch Hole",50 MP + 8 MP Dual Rear & 32 MP Front Camera,Android v15,No FM Radio
Realme GT 7,"₹39,999",4.2;,7000 mAh Battery with 120W Fast Charging,"Dual Sim, 5G, VoLTE, Vo5G, NFC, Wi-Fi, IR Blaster","Dimensity 9400e, Octa Core, 3.4 GHz Processor","8 GB RAM, 256 GB inbuilt","6.78 inches, 1264 x 2780 px, 120 Hz Display with Punch Hole",50 MP + 50 MP + 8 MP Triple Rear & 32 MP Front Camera,Memory Card Not Supported,Android v15
OPPO K13,"₹21,999",4.15;,7000 mAh Battery with 80W Fast Charging,"Dual Sim, 5G, VoLTE, Wi-Fi, IR Blaster","Snapdragon 6 Gen4, Octa Core, 2.3 GHz Processor","8 GB RAM, 128 GB inbuilt","6.67 inches, 1080 x 2400 px, 120 Hz Display with Punch Hole",50 MP + 2 MP Dual Rear & 16 MP Front Camera,Android v15,No FM Radio
Samsung Galaxy M17 5G,"₹15,999",4;,5000 mAh Battery with 25W Fast Charging,"Dual Sim, 5G, VoLTE, NFC, Wi-Fi","Exynos 1330, Octa Core, 2.4 GHz Processor","4 GB RAM, 128 GB inbuilt","6.7 inches, 1080 x 2340 px, 90 Hz Display with Water Drop Notch",50 MP + 5 MP + 2 MP Triple Rear & 13 MP Front Camera,"Memory Card (Hybrid), upto 2 TB",Android v15
Motorola Moto G86 Power 5G,"₹19,990",4.5;,6720 mAh Battery with 33W Fast Charging,"Dual Sim, 5G, VoLTE, Wi-Fi","Dimensity 7400, Octa Core, 2.6 GHz Processor","8 GB RAM, 128 GB inbuilt","6.7 inches, 1220 x 2712 px, 120 Hz Display with Punch Hole",50 MP + 8 MP Dual Rear & 32 MP Front Camera,"Memory Card (Hybrid), upto 1 TB",Android v15
Nothing Phone 4a,"₹35,249",4.15;,5400 mAh Battery with 50W Fast Charging,"Dual Sim, 5G, VoLTE, Wi-Fi","Snapdragon 7s Gen4, Octa Core, 2.7 GHz Processor","8 GB RAM, 128 GB inbuilt","6.78 inches, 1224 x 2720 px, 120 Hz Display with Punch Hole",50 MP + 50 MP + 8 MP Triple Rear & 32 MP Front Camera,Android v16,No FM Radio
Samsung Galaxy Z Fold 8 5G,"₹1,79,999",4.6;,4800 mAh Battery with 45W Fast Charging,"Dual Sim, 5G, VoLTE, Vo5G, NFC, eSIM, Wi-Fi","Snapdragon 8 Elite Gen 5, Octa Core, 4.74 GHz Processor","12 GB RAM, 256 GB inbuilt","7.6 inches, 1828 x 2448 px, 120 Hz Display with Punch Hole","Foldable Display, Dual Display",50 MP + 50 MP Dual Rear & 10 MP + 10 MP Dual Front Camera,Android v17
Xiaomi Redmi Note 15 5G Special Edition,"₹23,495",4.3;,5800 mAh Battery with 45W Fast Charging,"Dual Sim, 5G, VoLTE, Wi-Fi, IR Blaster","Snapdragon 6 Gen3, Octa Core, 2.4 GHz Processor","6 GB RAM, 128 GB inbuilt","6.77 inches, 2392 x 1080 px, 120 Hz Display with Punch Hole",50 MP + 2 MP Dual Rear & 20 MP Front Camera,"Memory Card (Hybrid), upto 1 TB",Android v15
Vivo X200 FE (16GB RAM + 512GB),"₹59,999",4.4;,6500 mAh Battery with 90W Fast Charging,"Dual Sim, 5G, VoLTE, NFC, Wi-Fi, IR Blaster","Dimensity 9300 Plus, Octa Core, 3.25 GHz Processor","16 GB RAM, 512 GB inbuilt","6.31 inches, 1216 x 2640 px, 120 Hz Display with Punch Hole",50 MP + 50 MP + 8 MP Triple Rear & 50 MP Front Camera,Memory Card Not Supported,Android v15
Google Pixel 10 5G,"₹67,200",4.5;,4970 mAh Battery with 30W Fast Charging,"Dual Sim, 5G, VoLTE, Vo5G, NFC, eSIM, Wi-Fi","Tensor G5, Octa Core, 3.78 GHz Processor","12 GB RAM, 256 GB inbuilt","6.3 inches, 1080 x 2424 px, 120 Hz Display with Punch Hole",48 MP + 13 MP + 10.8 MP Triple Rear & 10.5 MP Front Camera,Android v16,No FM Radio
Samsung Galaxy A27 5G,"₹30,400",4.35;,5000 mAh Battery with 25W Fast Charging,"Dual Sim, 5G, VoLTE, NFC, Wi-Fi","Snapdragon 6 Gen3, Octa Core, 2.4 GHz Processor","6 GB RAM, 128 GB inbuilt","6.7 inches, 1080 x 2340 px, 120 Hz Display with Punch Hole",50 MP + 5 MP + 2 MP Triple Rear & 12 MP Front Camera,"Memory Card (Hybrid), upto 2 TB",Android v16
Oppo Reno 15 Pro Mini,"₹59,999",4.3;,6200 mAh Battery with 80W Fast Charging,"Dual Sim, 5G, VoLTE, Wi-Fi, IR Blaster","Dimensity 8450, Octa Core, 3.25 GHz Processor","12 GB RAM, 256 GB inbuilt","6.32 inches, 1216 x 2640 px, 120 Hz Display with Punch Hole",200 MP + 50 MP + 50 MP Triple Rear & 50 MP Front Camera,Android v16,No FM Radio
iQOO 15,"₹76,999",4.1;,7000 mAh Battery with 100W Fast Charging,"Dual Sim, 5G, VoLTE, NFC, Wi-Fi, IR Blaster","Snapdragon 8 Elite Gen 5, Octa Core, 4.6 GHz Processor","12 GB RAM, 256 GB inbuilt","6.85 inches, 1440 x 3168 px, 144 Hz Display with Punch Hole",50 MP + 50 MP + 50 MP Triple Rear & 32 MP Front Camera,Android v16,No FM Radio
Samsung Galaxy A35 5G,"₹32,990",4.65;,5000 mAh Battery with 25W Fast Charging,"Dual Sim, 5G, VoLTE, NFC, Wi-Fi","Exynos 1380, Octa Core, 2.4 GHz Processor","8 GB RAM, 128 GB inbuilt","6.6 inches, 1080 x 2340 px, 120 Hz Display with Punch Hole",50 MP + 8 MP + 5 MP Triple Rear & 13 MP Front Camera,"Memory Card (Hybrid), upto 1 TB",Android v14
OnePlus Nord CE 6 Lite,"₹25,999",4.3;,7000 mAh Battery with 45W Fast Charging,"Dual Sim, 5G, VoLTE, Wi-Fi, IR Blaster","Dimensity 7400 Apex, Octa Core, 2.6 GHz Processor","6 GB RAM, 128 GB inbuilt","6.72 inches, 1080 x 2400 px, 144 Hz Display with Punch Hole",50 MP + 2 MP Dual Rear & 8 MP Front Camera,"Memory Card (Hybrid), upto 2 TB",Android v16
Infinix Hot 50 5G,"₹9,999",4.3;,5000 mAh Battery with 18W Fast Charging,"Dual Sim, 5G, VoLTE, Wi-Fi","Dimensity 6300, Octa Core, 2.4 GHz Processor","4 GB RAM, 128 GB inbuilt","6.7 inches, 720 x 1600 px, 120 Hz Display with Punch Hole",48 MP + Depth Sensor Dual Rear & 8 MP Front Camera,"Memory Card (Hybrid), upto 1 TB",Android v14
Google Pixel 10A,"₹48,690",4.4;,5100 mAh Battery with 30W Fast Charging,"Dual Sim, 5G, VoLTE, NFC, eSIM, Wi-Fi","Tensor G4, Octa Core, 3.1 GHz Processor","8 GB RAM, 256 GB inbuilt","6.3 inches, 1080 x 2424 px, 120 Hz Display with Punch Hole",48 MP + 13 MP Dual Rear & 13 MP Front Camera,Memory Card Not Supported,Android v16
Poco F7 5G,"₹35,999",4.75;,7550 mAh Battery with 90W Fast Charging,"Dual Sim, 5G, VoLTE, NFC, Wi-Fi, IR Blaster","Snapdragon 8s Gen4, Octa Core, 3.2 GHz Processor","12 GB RAM, 256 GB inbuilt","6.83 inches, 1280 x 2772 px, 120 Hz Display with Punch Hole",50 MP + 8 MP Dual Rear & 20 MP Front Camera,Memory Card Not Supported,Android v15
Realme P3 Ultra,"₹31,999",4.35;,6000 mAh Battery with 80W Fast Charging,"Dual Sim, 5G, VoLTE, Wi-Fi, IR Blaster","Dimensity 8350 Ultra, Octa Core, 3.35 GHz Processor","8 GB RAM, 128 GB inbuilt","6.83 inches, 1272 x 2800 px, 120 Hz Display with Punch Hole",50 MP + 8 MP Dual Rear & 16 MP Front Camera,Memory Card Not Supported,Android v15
Samsung Galaxy A56 5G,"₹34,999",4.3;,5000 mAh Battery with 45W Fast Charging,"Dual Sim, 5G, VoLTE, NFC, eSIM, Wi-Fi","Exynos 1580, Octa Core, 2.9 GHz Processor","8 GB RAM, 128 GB inbuilt","6.7 inches, 1080 x 2340 px, 120 Hz Display with Punch Hole",50 MP + 12 MP + 5 MP Triple Rear & 12 MP Front Camera,Android v15,No FM Radio
Poco M7 5G,"₹12,499",4.1;,5160 mAh Battery with 18W Fast Charging,"Dual Sim, 5G, VoLTE, Wi-Fi","Snapdragon 4 Gen2, Octa Core, 2.2 GHz Processor","6 GB RAM, 128 GB inbuilt","6.88 inches, 720 x 1640 px, 120 Hz Display with Water Drop Notch",50 MP Rear & 8 MP Front Camera,"Memory Card Supported, upto 1 TB",Android v14
Motorola Edge 50 Fusion (12GB RAM + 256GB),"₹22,790",4.25;,5000 mAh Battery with 68W Fast Charging,"Dual Sim, 5G, VoLTE, Vo5G, NFC, Wi-Fi","Snapdragon 7s Gen2, Octa Core, 2.4 GHz Processor","12 GB RAM, 256 GB inbuilt","6.67 inches, 1080 x 2400 px, 144 Hz Display with Punch Hole",50 MP + 13 MP Dual Rear & 32 MP Front Camera,Memory Card Not Supported,Android v14
OnePlus Nord 6 5G (12GB RAM +256GB),"₹47,999",4.25;,9000 mAh Battery with 80W Fast Charging,"Dual Sim, 5G, VoLTE, NFC, Wi-Fi, IR Blaster","Snapdragon 8s Gen4, Octa Core, 3.2 GHz Processor","12 GB RAM, 256 GB inbuilt","6.78 inches, 1272 x 2772 px, 165 Hz Display with Punch Hole",50 MP + 8 MP Dual Rear & 32 MP Front Camera,Memory Card Not Supported,Android v16
SAMSUNG Galaxy S26 5G,"₹77,999",4;,4300 mAh Battery with 25W Fast Charging,"Dual Sim, 5G, VoLTE, Vo5G, NFC, eSIM, Wi-Fi","Exynos 2600, Deca Core, 3.8 GHz Processor","12 GB RAM, 256 GB inbuilt","6.3 inches, 1080 x 2340 px, 120 Hz Display with Punch Hole",50 MP + 12 MP + 10 MP Triple Rear & 12 MP Front Camera,Android v16,No FM Radio
Oppo K13 Turbo (8GB RAM + 256GB),"₹27,999",4.45;,7000 mAh Battery with 80W Fast Charging,"Dual Sim, 5G, VoLTE, Wi-Fi, IR Blaster","Dimensity 8450, Octa Core, 3.25 GHz Processor","8 GB RAM, 256 GB inbuilt","6.8 inches, 1280 x 2800 px, 120 Hz Display with Punch Hole",50 MP + 2 MP Dual Rear & 16 MP Front Camera,Memory Card Not Supported,Android v15
OnePlus 13,"₹59,999",4.35;,6000 mAh Battery with 100W Fast Charging,"Dual Sim, 5G, VoLTE, Vo5G, NFC, eSIM, Wi-Fi, IR Blaster","Snapdragon 8 Elite, Octa Core, 4.32 GHz Processor","12 GB RAM, 256 GB inbuilt","6.82 inches, 1440 x 3168 px, 120 Hz Display with Punch Hole",50 MP + 50 MP + 50 MP Triple Rear & 32 MP Front Camera,Memory Card Not Supported,Android v15
Poco M7 Pro 5G (8GB RAM + 256GB),"₹16,999",4.45;,5110 mAh Battery with 45W Fast Charging,"Dual Sim, 5G, VoLTE, Wi-Fi, IR Blaster","Dimensity 7025 Ultra, Octa Core, 2.5 GHz Processor","8 GB RAM, 256 GB inbuilt","6.67 inches, 1080 x 2400 px, 120 Hz Display with Punch Hole",50 MP + 2 MP Dual Rear & 20 MP Front Camera,"Memory Card (Hybrid), upto 1 TB",Android v14
Vivo T5x 5G (8GB RAM + 256GB),"₹30,999",4.1;,7200 mAh Battery with 44W Fast Charging,"Dual Sim, 5G, VoLTE, Wi-Fi, IR Blaster","Dimensity 7400 Turbo, Octa Core, 2.6 GHz Processor","8 GB RAM, 256 GB inbuilt","6.76 inches, 1080 x 2344 px, 120 Hz Display with Punch Hole",50 MP + 2 MP Dual Rear & 32 MP Front Camera,Memory Card Not Supported,Android v16
Xiaomi Redmi Note 15 5G,"₹25,970",4.6;,5520 mAh Battery with 45W Fast Charging,"Dual Sim, 5G, VoLTE, NFC, Wi-Fi, IR Blaster","Snapdragon 6 Gen3, Octa Core, 2.4 GHz Processor","8 GB RAM, 128 GB inbuilt","6.77 inches, 1080 x 2392 px, 120 Hz Display with Punch Hole",108 MP + 8 MP Dual Rear & 20 MP Front Camera,"Memory Card (Hybrid), upto 1 TB",Android v15
Realme 15 Pro 5G (8GB RAM + 256GB),"₹32,999",4.4;,7000 mAh Battery with 80W Fast Charging,"Dual Sim, 5G, VoLTE, Wi-Fi","Snapdragon 7 Gen4, Octa Core, 2.8 GHz Processor","8 GB RAM, 256 GB inbuilt","6.8 inches, 1280 x 2800 px, 144 Hz Display with Punch Hole",50 MP + 50 MP Dual Rear & 50 MP Front Camera,Android v15,No FM Radio
Nothing Phone 2a (8GB RAM + 256GB),"₹24,999",4.35;,5000 mAh Battery with 45W Fast Charging,"Dual Sim, 5G, VoLTE, NFC, Wi-Fi","Dimensity 7200 Pro, Octa Core, 2.8 GHz Processor","8 GB RAM, 256 GB inbuilt","6.7 inches, 1084 x 2412 px, 120 Hz Display with Punch Hole",50 MP + 50 MP Dual Rear & 32 MP Front Camera,Android v14,No FM Radio
Vivo T4 Pro 5G (12GB RAM + 256GB),"₹31,999",4;,6500 mAh Battery with 90W Fast Charging,"Dual Sim, 5G, VoLTE, Vo5G, Wi-Fi, IR Blaster","Snapdragon 7 Gen4, Octa Core, 2.8 GHz Processor","12 GB RAM, 256 GB inbuilt","6.77 inches, 1080 x 2392 px, 120 Hz Display with Punch Hole",50 MP + 50 MP + 2 MP Triple Rear & 32 MP Front Camera,Memory Card Not Supported,Android v15
Vivo X300 Ultra,"₹1,59,999",4.5;,6600 mAh Battery with 100W Fast Charging,"Dual Sim, 5G, VoLTE, NFC, Wi-Fi, IR Blaster","Snapdragon 8 Elite Gen 5, Octa Core, 4.6 GHz Processor","16 GB RAM, 512 GB inbuilt","6.82 inches, 1440 x 3168 px, 144 Hz Display with Punch Hole",200 MP + 200 MP + 50 MP Triple Rear & 50 MP Front Camera,Memory Card Not Supported,Android v16
Realme 15x 5G,"₹18,999",4.75;,7000 mAh Battery with 60W Fast Charging,"Dual Sim, 5G, VoLTE, Wi-Fi","Dimensity 6300, Octa Core, 2.4 GHz Processor","6 GB RAM, 128 GB inbuilt","6.81 inches, 720 x 1570 px, 144 Hz Display with Punch Hole",50 MP + 2 MP Dual Rear & 50 MP Front Camera,Memory Card (Hybrid),Android v15
Samsung Galaxy F70e 5G (6GB RAM + 128GB),"₹16,619",4.45;,6000 mAh Battery with 25W Fast Charging,"Dual Sim, 5G, VoLTE, Wi-Fi","Dimensity 6300, Octa Core, 2.4 GHz Processor","6 GB RAM, 128 GB inbuilt","6.7 inches, 720 x 1600 px, 120 Hz Display with Water Drop Notch",50 MP + 2 MP Dual Rear & 8 MP Front Camera,"Memory Card (Hybrid), upto 2 TB",Android v16
OPPO A6x 5G,"₹17,999",4.7;,6500 mAh Battery with 45W Fast Charging,"Dual Sim, 5G, VoLTE, Wi-Fi","Dimensity 6300, Octa Core, 2.4 GHz Processor","4 GB RAM, 64 GB inbuilt","6.75 inches, 720 x 1570 px, 120 Hz Display with Punch Hole",13 MP Rear & 5 MP Front Camera,Memory Card (Hybrid),Android v15
Xiaomi Redmi Note 15 Pro 5G,"₹31,999",4.65;,6580 mAh Battery with 45W Fast Charging,"Dual Sim, 5G, VoLTE, eSIM, Wi-Fi, IR Blaster","Dimensity 7400 Ultra, Octa Core, 2.6 GHz Processor","8 GB RAM, 128 GB inbuilt","6.83 inches, 1280 x 2772 px, 120 Hz Display with Punch Hole",200 MP + 8 MP Dual Rear & 20 MP Front Camera,Android v15,No FM Radio
OnePlus Nord CE 6 5G (8GB RAM + 256GB),"₹36,999",4.5;,8000 mAh Battery with 80W Fast Charging,"Dual Sim, 5G, VoLTE, Wi-Fi, IR Blaster","Snapdragon 7s Gen4, Octa Core, 2.7 GHz Processor","8 GB RAM, 256 GB inbuilt","6.78 inches, 1272 x 2772 px, 144 Hz Display with Punch Hole",50 MP + 2 MP Dual Rear & 32 MP Front Camera,Android v16,No FM Radio
iQOO Neo 10 (8GB RAM + 256GB),"₹41,999",4.55;,7000 mAh Battery with 120W Fast Charging,"Dual Sim, 5G, VoLTE, NFC, Wi-Fi, IR Blaster","Snapdragon 8s Gen4, Octa Core, 3.2 GHz Processor","8 GB RAM, 256 GB inbuilt","6.78 inches, 1260 x 2800 px, 144 Hz Display with Punch Hole",50 MP + 8 MP Dual Rear & 32 MP Front Camera,Android v15,No FM Radio
Motorola Moto G37 Power 5G (4GB RAM + 64GB),"₹15,475",4.55;,7000 mAh Battery with 30W Fast Charging,"Dual Sim, 5G, VoLTE, Wi-Fi","Dimensity 6400, Octa Core, 2.5 GHz Processor","4 GB RAM, 64 GB inbuilt","6.67 inches, 1604 x 720 px, 120 Hz Display with Punch Hole",50 MP Rear & 8 MP Front Camera,"Memory Card (Hybrid), upto 1 TB",Android v16
iQOO Z11x,"₹24,999",4.6;,7200 mAh Battery with 44W Fast Charging,"Dual Sim, 5G, VoLTE, Wi-Fi, IR Blaster","Dimensity 7400 Turbo, Octa Core, 2.6 GHz Processor","6 GB RAM, 128 GB inbuilt","6.76 inches, 1080 x 2344 px, 120 Hz Display with Punch Hole",50 MP + 2 MP Dual Rear & 32 MP Front Camera,Android v16,No FM Radio
Nothing Phone (4a) Pro,"₹43,411",4.05;,5400 mAh Battery with 50W Fast Charging,"Dual Sim, 5G, VoLTE, NFC, Wi-Fi","Snapdragon 7 Gen 4, Octa Core, 2.8 GHz Processor","8 GB RAM, 128 GB inbuilt","6.83 inches, 1260 x 2800 px, 144 Hz Display with Punch Hole",50 MP + 50 MP + 8 MP Triple Rear & 32 MP Front Camera,Memory Card Not Supported,Android v16
OPPO Reno 16C,"₹46,999",4.6;,7000 mAh Battery with 80W Fast Charging,"Dual Sim, 5G, VoLTE, Vo5G, Wi-Fi","Dimensity 7300 Energy, Octa Core, 2.5 GHz Processor","8 GB RAM, 128 GB inbuilt","6.57 inches, 2372 x 1080 px, 120 Hz Display with Punch Hole",50 MP + 50 MP + 8 MP Triple Rear & 50 MP Front Camera,Memory Card (Hybrid),Android v16
OPPO K14x 5G,"₹16,999",4.35;,6500 mAh Battery with 45W Fast Charging,"Dual Sim, 5G, VoLTE, Wi-Fi","Dimensity 6300, Octa Core, 2.4 GHz Processor","4 GB RAM, 128 GB inbuilt","6.75 inches, 720 x 1570 px, 120 Hz Display with Punch Hole",50 MP + 2 MP Dual Rear & 5 MP Front Camera,Memory Card (Hybrid),Android v15
Realme Narzo 100x 5G,"₹20,499",4.05;,8000 mAh Battery with 45W Fast Charging,"Dual Sim, 5G, VoLTE, Wi-Fi","Dimensity 6300, Octa Core, 2.4 GHz Processor","4 GB RAM, 128 GB inbuilt","6.81 inches, 720 x 1570 px, 144 Hz Display with Punch Hole",50 MP Dual Rear & 8 MP Front Camera,Memory Card (Hybrid),Android v16
Apple iPhone 17 Pro,"₹1,29,490",4.1;,3988 mAh Battery with Fast Charging,"Dual Sim, 5G, VoLTE, NFC, eSIM, Wi-Fi","Apple A19 Pro, Hexa Core Processor","12 GB RAM, 256 GB inbuilt","6.3 inches, 1206 x 2622 px, 120 Hz Display with Dynamic Island",48 MP + 48 MP + 48 MP Triple Rear & 18 MP Front Camera,Memory Card Not Supported,iOS v26
Motorola Edge 60 Pro (12GB RAM + 256GB),"₹32,389",4.35;,6000 mAh Battery with 90W Fast Charging,"Dual Sim, 5G, VoLTE, Vo5G, NFC, Wi-Fi","Dimensity 8350 Extreme, Octa Core, 3.35 GHz Processor","12 GB RAM, 256 GB inbuilt","6.7 inches, 1220 x 2712 px, 120 Hz Display with Punch Hole",50 MP + 50 MP + 10 MP Triple Rear & 50 MP Front Camera,Android v15,No FM Radio
OPPO Reno 14 Pro 5G,"₹49,999",4.65;,6200 mAh Battery with 80W Fast Charging,"Dual Sim, 5G, VoLTE, NFC, eSIM, Wi-Fi, IR Blaster","Dimensity 8450, Octa Core, 3.25 GHz Processor","12 GB RAM, 256 GB inbuilt","6.83 inches, 1272 x 2800 px, 120 Hz Display with Punch Hole",50 MP + 50 MP + 50 MP Triple Rear & 50 MP Front Camera,Android v15,No FM Radio
Samsung Galaxy S24 Ultra,"₹1,19,999",4.35;,5000 mAh Battery with 45W Fast Charging,"Dual Sim, 5G, VoLTE, Vo5G, NFC, eSIM, Wi-Fi","Snapdragon 8 Gen3, Octa Core, 3.3 GHz Processor","12 GB RAM, 256 GB inbuilt","6.8 inches, 1440 x 3120 px, 120 Hz Display with Punch Hole",200 MP Quad Rear & 12 MP Front Camera,Memory Card Not Supported,Android v14
Samsung Galaxy A57 5G,"₹52,990",4.5;,5000 mAh Battery with 45W Fast Charging,"Dual Sim, 5G, VoLTE, NFC, eSIM, Wi-Fi","Exynos 1680, Octa Core, 2.9 GHz Processor","8 GB RAM, 256 GB inbuilt","6.7 inches, 1080 x 2340 px, 120 Hz Display with Punch Hole",50 MP + 12 MP + 5 MP Triple Rear & 12 MP Front Camera,Memory Card Not Supported,Android v16
Vivo T5e,"₹13,999",4.6;,5500 mAh Battery with 15W Fast Charging,"Dual Sim, 4G, VoLTE, Wi-Fi","Unisoc T7225, Octa Core, 1.8 GHz Processor","4 GB RAM, 64 GB inbuilt","6.74 inches, 1600 x 720 px, 90 Hz Display with Water Drop Notch",8 MP Rear & 5 MP Front Camera,"Memory Card Supported, upto 2 TB",Android v16
Motorola Edge 70 Max,"₹54,999",4.2;,7100 mAh Battery with 90W Fast Charging,"Dual Sim, 5G, VoLTE, Vo5G, NFC, eSIM, Wi-Fi","Snapdragon 8 Gen5, Octa Core, 3.8 GHz Processor","8 GB RAM, 256 GB inbuilt","6.8 inches, 1440 x 3168 px, 144 Hz Display with Punch Hole",50 MP + 8 MP Dual Rear & 32 MP Front Camera,Android v16,No FM Radio
Nothing Phone 3a Pro,"₹27,999",4.75;,5000 mAh Battery with 50W Fast Charging,"Dual Sim, 5G, VoLTE, NFC, Wi-Fi","Snapdragon 7s Gen 3, Octa Core, 2.5 GHz Processor","8 GB RAM, 128 GB inbuilt","6.77 inches, 1080 x 2392 px, 120 Hz Display with Punch Hole",50 MP + 50 MP + 8 MP Triple Rear & 50 MP Front Camera,Memory Card Not Supported,Android v15
Motorola Edge 70 Fusion 5G (12GB RAM + 512GB),"₹33,999",4.15;,7000 mAh Battery with 68W Fast Charging,"Dual Sim, 5G, VoLTE, Vo5G, NFC, Wi-Fi","Snapdragon 7s Gen4, Octa Core, 2.7 GHz Processor","12 GB RAM, 512 GB inbuilt","6.78 inches, 1272 x 2772 px, 144 Hz Display with Punch Hole",50 MP + 13 MP + Dedicated 3-in-1 light sensor Triple Rear & 32 MP Front Camera,Android v16,No FM Radio
Motorola Edge 70 Pro Plus 5G,"₹46,850",4.15;,6500 mAh Battery with 90W Fast Charging,"Dual Sim, 5G, VoLTE, Vo5G, NFC, Wi-Fi","Dimensity 8500 Extreme, Octa Core, 3.4 GHz Processor","12 GB RAM, 256 GB inbuilt","6.78 inches, 1272 x 2772 px, 144 Hz Display with Punch Hole",50 MP + 50 MP + 50 MP Triple Rear & 50 MP Front Camera,Android v16,No FM Radio
Realme P4 Power 5G (8GB RAM + 256GB),"₹29,999",4;,10001 mAh Battery with 80W Fast Charging,"Dual Sim, 5G, VoLTE, Wi-Fi, IR Blaster","Dimensity 7400 Ultra, Octa Core, 2.6 GHz Processor","8 GB RAM, 256 GB inbuilt","6.8 inches, 1280 x 2800 px, 144 Hz Display with Punch Hole",50 MP + 8 MP Dual Rear & 16 MP Front Camera,Memory Card Not Supported,Android v16
Poco M7 Plus 5G,"₹16,900",4.55;,7000 mAh Battery with 33W Fast Charging,"Dual Sim, 5G, VoLTE, Wi-Fi, IR Blaster","Snapdragon 6s Gen3, Octa Core, 2.3 GHz Processor","6 GB RAM, 128 GB inbuilt","6.9 inches, 1080 x 2340 px, 144 Hz Display with Punch Hole",50 MP Rear & 8 MP Front Camera,"Memory Card (Hybrid), upto 2 TB",Android v15
Poco X8 Pro 5G,"₹36,999",4.65;,6500 mAh Battery with 100W Fast Charging,"Dual Sim, 5G, VoLTE, Wi-Fi, IR Blaster","Dimensity 8500 Ultra, Octa Core, 3.4 GHz Processor","8 GB RAM, 256 GB inbuilt","6.59 inches, 2756 x 1268 px, 120 Hz Display with Punch Hole",50 MP + 8 MP Dual Rear & 20 MP Front Camera,Android v16,No FM Radio
Infinix Note 50X 5G (8GB RAM + 128 GB),"₹14,999",4.6;,5500 mAh Battery with 45W Fast Charging,"Dual Sim, 5G, VoLTE, Wi-Fi, IR Blaster","Dimensity 7300 Ultimate, Octa Core, 2.5 GHz Processor","8 GB RAM, 128 GB inbuilt","6.67 inches, 720 x 1600 px, 120 Hz Display with Punch Hole",50 MP Dual Rear & 8 MP Front Camera,Memory Card (Hybrid),Android v15
Nothing Phone 3a Lite,"₹22,999",4.25;,5000 mAh Battery with 33W Fast Charging,"Dual Sim, 5G, VoLTE, NFC, Wi-Fi","Dimensity 7300 Pro, Octa Core, 2.5 GHz Processor","8 GB RAM, 128 GB inbuilt","6.77 inches, 1084 x 2392 px, 120 Hz Display with Punch Hole",50 MP + 8 MP + 2 MP Triple Rear & 16 MP Front Camera,"Memory Card (Hybrid), upto 2 TB",Android v15
Oppo K13 Turbo Pro (12GB+256GB),"₹32,999",4.1;,7000 mAh Battery with 80W Fast Charging,"Dual Sim, 5G, VoLTE, Wi-Fi, IR Blaster","Snapdragon 8s Gen4, Octa Core, 3.2 GHz Processor","12 GB RAM, 256 GB inbuilt","6.8 inches, 1280 x 2800 px, 120 Hz Display with Punch Hole",50 MP + 2 MP Dual Rear & 16 MP Front Camera,Memory Card Not Supported,Android v15
Vivo Y400 5G,"₹25,999",4.2;,6000 mAh Battery with 90W Fast Charging,"Dual Sim, 5G, VoLTE, Wi-Fi","Snapdragon 4 Gen2, Octa Core, 2.2 GHz Processor","8 GB RAM, 128 GB inbuilt","6.67 inches, 1080 x 2400 px, 120 Hz Display with Punch Hole",50 MP + 2 MP Dual Rear & 32 MP Front Camera,Android v15,No FM Radio
Samsung Galaxy A07 5G,"₹16,490",4.3;,6000 mAh Battery with 25W Fast Charging,"Dual Sim, 5G, VoLTE, Wi-Fi","Dimensity 6300, Octa Core, 2.4 GHz Processor","4 GB RAM, 128 GB inbuilt","6.74 inches, 720 x 1600 px, 120 Hz Display with Water Drop Notch",50 MP + 2 MP Dual Rear & 8 MP Front Camera,"Memory Card Supported, upto 2 TB",Android v16
Samsung Galaxy S25 FE (8GB RAM + 256GB),"₹51,499",4.05;,4900 mAh Battery with 45W Fast Charging,"Dual Sim, 5G, VoLTE, Vo5G, NFC, eSIM, Wi-Fi","Exynos 2400, Deca Core, 3.2 GHz Processor","8 GB RAM, 256 GB inbuilt","6.7 inches, 1080 x 2340 px, 120 Hz Display with Punch Hole",50 MP + 12 MP + 8 MP Triple Rear & 12 MP Front Camera,Memory Card Not Supported,Android v16
OnePlus 15R 5G,"₹59,999",4.35;,7400 mAh Battery with 80W Fast Charging,"Dual Sim, 5G, VoLTE, Vo5G, NFC, Wi-Fi, IR Blaster","Snapdragon 8 Gen5, Octa Core, 3.84 GHz Processor","12 GB RAM, 256 GB inbuilt","6.83 inches, 1272 x 2800 px, 165 Hz Display with Punch Hole",50 MP + 8 MP Dual Rear & 32 MP Front Camera,Memory Card Not Supported,Android v16
Samsung Galaxy M36 5G,"₹19,999",4.55;,5000 mAh Battery with 25W Fast Charging,"Dual Sim, 5G, VoLTE, Wi-Fi","Exynos 1380, Octa Core, 2.4 GHz Processor","6 GB RAM, 128 GB inbuilt","6.7 inches, 1080 x 2340 px, 120 Hz Display with Punch Hole",50 MP + 8 MP + 2 MP Triple Rear & 13 MP Front Camera,Memory Card (Hybrid),Android v15
Realme GT 7T (12GB RAM + 256GB),"₹37,990",4.3;,7000 mAh Battery with 120W Fast Charging,"Dual Sim, 5G, VoLTE, Vo5G, NFC, Wi-Fi, IR Blaster","Dimensity 8400-MAX, Octa Core, 3.25 GHz Processor","12 GB RAM, 256 GB inbuilt","6.8 inches, 1280 x 2800 px, 120 Hz Display with Punch Hole",50 MP + 8 MP Dual Rear & 32 MP Front Camera,Memory Card Not Supported,Android v15
POCO C71 (6GB RAM + 128GB),"₹9,999",4;,5200 mAh Battery with 15W Fast Charging,"Dual Sim, 4G, VoLTE, Wi-Fi","Unisoc T7250, Octa Core, 1.8 GHz Processor","6 GB RAM, 128 GB inbuilt","6.88 inches, 720 x 1640 px, 120 Hz Display with Water Drop Notch",32 MP Dual Rear & 8 MP Front Camera,"Memory Card Supported, upto 2 TB",Android v15
Vivo V70 FE 5G (8GB RAM + 256GB),"₹43,990",4.4;,7000 mAh Battery with 90W Fast Charging,"Dual Sim, 5G, VoLTE, NFC, Wi-Fi, IR Blaster","Dimensity 7360 Turbo, Octa Core, 2.5 GHz Processor","8 GB RAM, 256 GB inbuilt","6.83 inches, 1260 x 2800 px, 120 Hz Display with Punch Hole",200 MP + 8 MP Dual Rear & 50 MP Front Camera,Memory Card Not Supported,Android v16
Lava Virat V1 4G,"₹9,999",4.4;,5000 mAh Battery with 10W Fast Charging,"Dual Sim, 4G, VoLTE, Wi-Fi",Unisoc 9863a,"4 GB RAM, 64 GB inbuilt","6.75 inches, 720 x 1600 px, 90 Hz Display with Punch Hole",13 MP Dual Rear & 5 MP Front Camera,"Memory Card (Hybrid), upto 256 GB",Android 15 Go
Vivo Y31 5G,"₹18,999",4.3;,6500 mAh Battery with 44W Fast Charging,"Dual Sim, 5G, VoLTE, Wi-Fi","Snapdragon 4 Gen2, Octa Core, 2.2 GHz Processor","4 GB RAM, 128 GB inbuilt","6.68 inches, 720 x 1608 px, 120 Hz Display with Water Drop Notch",50 MP Rear & 8 MP Front Camera,Memory Card (Hybrid),Android v15
Xiaomi Redmi 15 5G,"₹21,499",4.55;,7000 mAh Battery with 33W Fast Charging,"Dual Sim, 5G, VoLTE, Wi-Fi, IR Blaster","Snapdragon 6s Gen3, Octa Core, 2.3 GHz Processor","6 GB RAM, 128 GB inbuilt","6.9 inches, 1080 x 2340 px, 144 Hz Display with Punch Hole",50 MP Dual Rear & 8 MP Front Camera,"Memory Card (Hybrid), upto 1 TB",Android v15
Samsung Galaxy S24 FE 5G,"₹39,999",4;,4700 mAh Battery with 25W Fast Charging,"Dual Sim, 5G, VoLTE, Vo5G, NFC, eSIM, Wi-Fi","Exynos 2400e, Deca Core, 3.11 GHz Processor","8 GB RAM, 128 GB inbuilt","6.7 inches, 1080 x 2340 px, 120 Hz Display with Punch Hole",50 MP + 12 MP + 8 MP Triple Rear & 10 MP Front Camera,Memory Card Not Supported,Android v14
Infinix Hot 50 5G (8 GB RAM + 128 GB),"₹10,999",4.2;,5000 mAh Battery with 18W Fast Charging,"Dual Sim, 5G, VoLTE, Wi-Fi","Dimensity 6300, Octa Core, 2.4 GHz Processor","8 GB RAM, 128 GB inbuilt","6.7 inches, 720 x 1600 px, 120 Hz Display with Punch Hole",48 MP + Depth Sensor Dual Rear & 8 MP Front Camera,"Memory Card (Hybrid), upto 1 TB",Android v14
Infinix Note 40X 5G (12GB RAM +256GB),"₹15,999",4.25;,5000 mAh Battery with 18W Fast Charging,"Dual Sim, 5G, VoLTE, NFC, Wi-Fi","Dimensity 6300, Octa Core, 2.4 GHz Processor","12 GB RAM, 256 GB inbuilt","6.78 inches, 1080 x 2406 px, 120 Hz Display with Punch Hole",108 MP + 2 MP Triple Rear & 8 MP Front Camera,"Memory Card Supported, upto 1 TB",Android v14
Samsung Galaxy A37 5G,"₹34,999",4.25;,5000 mAh Battery with 45W Fast Charging,"Dual Sim, 5G, VoLTE, NFC, Wi-Fi","Exynos 1480, Octa Core, 2.7 GHz Processor","8 GB RAM, 128 GB inbuilt","6.7 inches, 1080 x 2340 px, 120 Hz Display with Punch Hole",50 MP + 8 MP + 5 MP Triple Rear & 12 MP Front Camera,Memory Card Not Supported,Android v16
Realme 16 Pro 5G,"₹40,999",4.05;,7000 mAh Battery with 80W Fast Charging,"Dual Sim, 5G, VoLTE, Wi-Fi","Dimensity 7300 Max, Octa Core Processor","8 GB RAM, 128 GB inbuilt","6.78 inches, 1272 x 2772 px, 144 Hz Display with Punch Hole",200 MP + 8 MP Dual Rear & 50 MP Front Camera,Memory Card Not Supported,Android v16
Infinix Note 60 Pro 5G,"₹33,999",4.75;,6500 mAh Battery with 90W Fast Charging,"Dual Sim, 5G, VoLTE, NFC, Wi-Fi, IR Blaster","Snapdragon 7s Gen4, Octa Core, 2.4 GHz Processor","8 GB RAM, 128 GB inbuilt","6.78 inches, 1208 x 2644 px, 144 Hz Display with Punch Hole",50 MP + 8 MP Dual Rear & 13 MP Front Camera,"Memory Card Supported, upto 1 TB",Android v16
Vivo Y11 5G,"₹16,989",4.25;,6500 mAh Battery with 15W Fast Charging,"Dual Sim, 5G, VoLTE, Wi-Fi, IR Blaster","Dimensity 6300, Octa Core, 2.4 GHz Processor","4 GB RAM, 64 GB inbuilt","6.74 inches, 720 x 1600 px, 120 Hz Display with Water Drop Notch",13 MP + 0.08 MP Dual Rear & 5 MP Front Camera,"Memory Card (Hybrid), upto 2 TB",Android v16
Samaung Galaxy F70e,"₹14,397",4.7;,6000 mAh Battery with 25W Fast Charging,"Dual Sim, 5G, VoLTE, Wi-Fi","Dimensity 6300, Octa Core, 2.4 GHz Processor","4 GB RAM, 128 GB inbuilt","6.7 inches, 720 x 1600 px, 120 Hz Display with Water Drop Notch",50 MP + 2 MP Dual Rear & 8 MP Front Camera,"Memory Card (Hybrid), upto 2 TB",Android v16
Motorola Signature (16GB RAM + 1TB),"₹69,990",4.1;,5200 mAh Battery with 90W Fast Charging,"Dual Sim, 5G, VoLTE, Vo5G, NFC, Wi-Fi","Snapdragon 8 Gen5, Octa Core, 3.8 GHz Processor","16 GB RAM, 1 TB inbuilt","6.8 inches, 1264 x 2780 px, 165 Hz Display with Punch Hole",50 MP + 50 MP + 50 MP Triple Rear & 50 MP Front Camera,Android v16,No FM Radio
OPPO Reno 15 5G,"₹47,999",4.3;,6500 mAh Battery with 80W Fast Charging,"Dual Sim, 5G, VoLTE, Wi-Fi, IR Blaster","Snapdragon 7 Gen4, Octa Core, 2.8 GHz Processor","8 GB RAM, 256 GB inbuilt","6.59 inches, 1256 x 2760 px, 120 Hz Display with Punch Hole",50 MP + 50 MP + 8 MP Triple Rear & 50 MP Front Camera,Memory Card Not Supported,Android v16
OnePlus 13s 5G,"₹54,999",4.25;,5850 mAh Battery with 80W Fast Charging,"Dual Sim, 5G, VoLTE, Vo5G, NFC, Wi-Fi, IR Blaster","Snapdragon 8 Elite, Octa Core, 4.32 GHz Processor","12 GB RAM, 256 GB inbuilt","6.32 inches, 1216 x 2640 px, 120 Hz Display with Punch Hole",50 MP + 50 MP Dual Rear & 32 MP Front Camera,Memory Card Not Supported,Android v15
Xiaomi Redmi Note 14 Pro Plus,"₹26,999",4.4;,6200 mAh Battery with 90W Fast Charging,"Dual Sim, 5G, VoLTE, Wi-Fi, IR Blaster","Snapdragon 7s Gen3, Octa Core, 2.5 GHz Processor","8 GB RAM, 128 GB inbuilt","6.67 inches, 1220 x 2712 px, 120 Hz Display with Punch Hole",50 MP + 50 MP + 8 MP Triple Rear & 20 MP Front Camera,Memory Card Not Supported,Android v14
iQOO Z11 Lite 5G (6GB RAM + 256GB),"₹24,499",4.65;,6500 mAh Battery with 44W Fast Charging,"Dual Sim, 5G, VoLTE, Wi-Fi","Dimensity 6300, Octa Core, 2.4 GHz Processor","6 GB RAM, 256 GB inbuilt","6.74 inches, 720 x 1600 px, 120 Hz Display with Water Drop Notch",50 MP + 0.08 MP Dual Rear & 5 MP Front Camera,"Memory Card (Hybrid), upto 2 TB",Android v16
Realme 16 5G,"₹31,910",4.55;,7000 mAh Battery with 60W Fast Charging,"Dual Sim, 5G, VoLTE, Wi-Fi","Dimensity 6400 Turbo, Octa Core, 2.5 GHz Processor","8 GB RAM, 128 GB inbuilt","6.57 inches, 1080 x 2372 px, 120 Hz Display with Punch Hole",50 MP + 2 MP Dual Rear & 50 MP Front Camera,Memory Card (Hybrid),Android v16
Vivo V70 Elite 5G (12GB RAM + 256GB),"₹63,999",4.7;,6500 mAh Battery with 90W Fast Charging,"Dual Sim, 5G, VoLTE, NFC, Wi-Fi, IR Blaster","Snapdragon 8s Gen3, Octa Core, 3 GHz Processor","12 GB RAM, 256 GB inbuilt","6.59 inches, 1260 x 2750 px, 120 Hz Display with Punch Hole",50 MP + 50 MP + 8 MP Triple Rear & 50 MP Front Camera,Memory Card Not Supported,Android v16
Apple iPhone 13,"₹45,690",4.35;,3240 mAh Battery with Fast Charging,"Dual Sim, 5G, VoLTE, NFC, eSIM, Wi-Fi","Bionic A15, Hexa Core, 3.22 GHz Processor","4 GB RAM, 128 GB inbuilt","6.1 inches, 1170 x 2532 px Display with Small Notch",12 MP + 12 MP Dual Rear & 12 MP Front Camera,Memory Card Not Supported,iOS v15
Philips S7210,"₹18,865",4.6;,5700 mAh Battery,"Dual Sim, 5G, VoLTE, Wi-Fi","Unisoc T765, Octa Core, 2.3 GHz Processor","8 GB RAM, 128 GB inbuilt","6.75 inches, 720 x 1612 px Display with Water Drop Notch",50 MP Rear & 8 MP Front Camera,Android v16,No FM Radio
Motorola Edge 50 5G,"₹22,990",4.6;,5000 mAh Battery with 68W Fast Charging,"Dual Sim, 5G, VoLTE, Vo5G, NFC, Wi-Fi","Snapdragon 7 Gen1 AE, Octa Core, 2.5 GHz Processor","8 GB RAM, 256 GB inbuilt","6.67 inches, 1220 x 2712 px, 120 Hz Display",50 MP + 13 MP + 10 MP Triple Rear & 32 MP Front Camera,Android v14,No FM Radio
Motorola Moto G37 Power (8GB RAM + 128GB),"₹19,767",4.15;,7000 mAh Battery with 30W Fast Charging,"Dual Sim, 5G, VoLTE, Wi-Fi","Dimensity 6400, Octa Core, 2.5 GHz Processor","8 GB RAM, 128 GB inbuilt","6.67 inches, 1604 x 720 px, 120 Hz Display with Punch Hole",50 MP Rear & 8 MP Front Camera,"Memory Card (Hybrid), upto 1 TB",Android v16
Infinix Smart 8 (8GB RAM + 128 GB),"₹8,999",4.6;,5000 mAh Battery with 10W Fast Charging,"Dual Sim, 4G, VoLTE, Wi-Fi","Helio G36, Octa Core, 2.2 GHz Processor","8 GB RAM, 128 GB inbuilt","6.6 inches, 720 x 1612 px, 90 Hz Display with Punch Hole",50 MP Dual Rear & 8 MP Front Camera,"Memory Card Supported, upto 2 TB",Android v13
Tecno Camon 50 Ultra,"₹39,998",4.25;,6500 mAh Battery with 45W Fast Charging,"Dual Sim, 5G, NFC, Wi-Fi, IR Blaster","Dimensity 7400 Ultimate, Octa Core, 2.6 GHz Processor","8 GB RAM, 256 GB inbuilt","6.78 inches, 1208 x 2644 px, 144 Hz Display",50 MP + 50 MP + 8 MP Triple Rear & 50 MP Front Camera,Android v16,Bluetooth
Vivo T5 Pro 5G (12GB RAM + 256GB),"₹39,999",4.3;,9020 mAh Battery with 90W Fast Charging,"Dual Sim, 5G, VoLTE, Vo5G, Wi-Fi, IR Blaster","Snapdragon 7s Gen4, Octa Core, 2.7 GHz Processor","12 GB RAM, 256 GB inbuilt","6.83 inches, 1260 x 2800 px, 144 Hz Display with Punch Hole",50 MP + 2 MP Dual Rear & 32 MP Front Camera,Memory Card Not Supported,Android v16
Samsung Galaxy M17e 5G (6GB RAM + 128GB),"₹18,499",4.2;,6000 mAh Battery with 25W Fast Charging,"Dual Sim, 5G, VoLTE, Wi-Fi","Dimensity 6300, Octa Core, 2.4 GHz Processor","6 GB RAM, 128 GB inbuilt","6.7 inches, 720 x 1600 px, 120 Hz Display with Water Drop Notch",50 MP + 2 MP Dual Rear & 8 MP Front Camera,"Memory Card (Hybrid), upto 2 TB",Android v16
Poco M8,"₹20,465",4.25;,5520 mAh Battery with 45W Fast Charging,"Dual Sim, 5G, VoLTE, Wi-Fi, IR Blaster","Snapdragon 6 Gen3, Octa Core Processor","6 GB RAM, 128 GB inbuilt","6.77 inches, 1080 x 2392 px, 120 Hz Display with Punch Hole",50 MP + 2 MP Dual Rear & 20 MP Front Camera,"Memory Card (Hybrid), upto 1 TB",Android v15
Infinix GT 30 Pro,"₹29,999",4.25;,5500 mAh Battery with 45W Fast Charging,"Dual Sim, 5G, VoLTE, NFC, Wi-Fi, IR Blaster","Dimensity 8350 Ultimate, Octa Core, 3.35 GHz Processor","8 GB RAM, 256 GB inbuilt","6.78 inches, 1224 x 2720 px, 144 Hz Display with Punch Hole",108 MP + 8 MP Dual Rear & 13 MP Front Camera,Android v15,Bluetooth
Motorola Edge 70 Fusion 5G (12GB RAM + 256 GB),"₹34,099",4.15;,7000 mAh Battery with 68W Fast Charging,"Dual Sim, 5G, VoLTE, Vo5G, NFC, Wi-Fi","Snapdragon 7s Gen4, Octa Core, 2.7 GHz Processor","12 GB RAM, 256 GB inbuilt","6.78 inches, 1272 x 2772 px, 144 Hz Display with Punch Hole",50 MP + 13 MP + Dedicated 3-in-1 light sensor Triple Rear & 32 MP Front Camera,Android v16,No FM Radio
Motorola Edge 60 Pro (16GB RAM + 512GB),"₹37,999",4.15;,6000 mAh Battery with 90W Fast Charging,"Dual Sim, 5G, VoLTE, Vo5G, NFC, Wi-Fi","Dimensity 8350 Extreme, Octa Core, 3.35 GHz Processor","16 GB RAM, 512 GB inbuilt","6.7 inches, 1220 x 2712 px, 120 Hz Display with Punch Hole",50 MP + 50 MP + 10 MP Triple Rear & 50 MP Front Camera,Android v15,No FM Radio
Samsung Galaxy S25 Edge,"₹62,950",4.45;,3900 mAh Battery with 25W Fast Charging,"Dual Sim, 5G, VoLTE, Vo5G, NFC, eSIM, Wi-Fi","Snapdragon 8 Elite, Octa Core, 4.47 GHz Processor","12 GB RAM, 256 GB inbuilt","6.7 inches, 1440 x 3120 px, 120 Hz Display with Punch Hole",200 MP + 12 MP Dual Rear & 12 MP Front Camera,Android v15,No FM Radio
Samsung Galaxy F16 5G (8GB RAM + 128GB),"₹15,499",4.65;,5000 mAh Battery with 25W Fast Charging,"Dual Sim, 5G, VoLTE, NFC, Wi-Fi","Dimensity 6300, Octa Core, 2.4 GHz Processor","8 GB RAM, 128 GB inbuilt","6.7 inches, 1080 x 2340 px, 90 Hz Display with Punch Hole",50 MP + 5 MP + 2 MP Triple Rear & 13 MP Front Camera,"Memory Card (Hybrid), upto 1.5 TB",Android v15
Motorola Moto G45 5G (8GB RAM + 128GB),"₹12,269",4.15;,5000 mAh Battery with 18W Fast Charging,"Dual Sim, 5G, VoLTE, Wi-Fi","Snapdragon 6s Gen3, Octa Core, 2.3 GHz Processor","8 GB RAM, 128 GB inbuilt","6.5 inches, 720 x 1600 px, 120 Hz Display with Punch Hole",50 MP + 2 MP Dual Rear & 16 MP Front Camera,"Memory Card (Hybrid), upto 1 TB",Android v14
OnePlus Nord 4 5G (8GB RAM + 256GB),"₹29,999",4;,5500 mAh Battery with 100W Fast Charging,"Dual Sim, 5G, VoLTE, NFC, Wi-Fi, IR Blaster","Snapdragon 7+ Gen3, Octa Core, 2.8 GHz Processor","8 GB RAM, 256 GB inbuilt","6.74 inches, 1240 x 2772 px, 120 Hz Display with Punch Hole",50 MP + 8 MP Dual Rear & 16 MP Front Camera,Android v14,No FM Radio
Realme P4 Lite 5G,"₹15,195",4.4;,7000 mAh Battery with 15W Fast Charging,"Dual Sim, 5G, VoLTE, Wi-Fi","Dimensity 6300, Octa Core, 2.4 GHz Processor","4 GB RAM, 64 GB inbuilt","6.81 inches, 720 x 1570 px, 144 Hz Display with Punch Hole",13 MP Rear & 5 MP Front Camera,Memory Card (Hybrid),Android v16
Vivo Y51 Pro,"₹27,999",4.2;,7200 mAh Battery with 44W Fast Charging,"Dual Sim, 5G, VoLTE, Wi-Fi, IR Blaster","Dimensity 7360 Turbo, Octa Core, 2.5 GHz Processor","8 GB RAM, 128 GB inbuilt","6.75 inches, 720 x 1570 px, 120 Hz Display with Punch Hole",50 MP + 2 MP Dual Rear & 8 MP Front Camera,Memory Card Not Supported,Android v16
Realme P4x 5G (8GB RAM + 128GB),"₹21,499",4.55;,7000 mAh Battery with 45W Fast Charging,"Dual Sim, 5G, VoLTE, Wi-Fi","Dimensity 7400 Ultra, Octa Core, 2.6 GHz Processor","8 GB RAM, 128 GB inbuilt","6.72 inches, 1080 x 2400 px, 144 Hz Display with Punch Hole",50 MP + 2 MP Dual Rear & 8 MP Front Camera,Android v15,No FM Radio
Samsung Galaxy A17 5G (8GB RAM + 128GB),"₹23,000",4;,5000 mAh Battery with 25W Fast Charging,"Dual Sim, 5G, VoLTE, NFC, Wi-Fi","Exynos 1330, Octa Core, 2.4 GHz Processor","8 GB RAM, 128 GB inbuilt","6.7 inches, 1080 x 2340 px, 90 Hz Display with Water Drop Notch",50 MP + 5 MP + 2 MP Triple Rear & 13 MP Front Camera,"Memory Card (Hybrid), upto 2 TB",Android v15
Google Pixel 9A,"₹47,400",4.4;,5100 mAh Battery with 23W Fast Charging,"Dual Sim, 5G, VoLTE, NFC, eSIM, Wi-Fi","Tensor G4, Octa Core, 3.1 GHz Processor","8 GB RAM, 256 GB inbuilt","6.3 inches, 1080 x 2424 px, 120 Hz Display with Punch Hole",48 MP + 13 MP Dual Rear & 13 MP Front Camera,Memory Card Not Supported,Android v15
Apple iPhone 16 Pro Max,"₹1,34,900",4.2;,4685 mAh Battery with Fast Charging,"Dual Sim, 5G, VoLTE, NFC, eSIM, Wi-Fi","Bionic A18 Pro, Hexa Core, 4.05 GHz Processor","8 GB RAM, 256 GB inbuilt","6.9 inches, 1320 x 2868 px, 120 Hz Display with Dynamic Island",48 MP + 48 MP + 12 MP Triple Rear & 12 MP Front Camera,Memory Card Not Supported,iOS v18
Xiaomi Redmi 15C 5G,"₹16,390",4.45;,6000 mAh Battery with 33W Fast Charging,"Dual Sim, 5G, VoLTE, Wi-Fi","Dimensity 6300, Octa Core, 2.4 GHz Processor","4 GB RAM, 128 GB inbuilt","6.9 inches, 720 x 1600 px, 120 Hz Display with Punch Hole",50 MP + Auxiliary lens Dual Rear & 8 MP Front Camera,"Memory Card Supported, upto 1 TB",Android v15
Oppo Find X9 Pro 5G,"₹1,09,999",4.55;,7500 mAh Battery with 80W Fast Charging,"Dual Sim, 5G, VoLTE, NFC, Wi-Fi, IR Blaster","Dimensity 9500, Octa Core, 4.21 GHz Processor","16 GB RAM, 512 GB inbuilt","6.78 inches, 1272 x 2772 px, 120 Hz Display with Punch Hole",200 MP + 50 MP + 50 MP Triple Rear & 50 MP Front Camera,Memory Card Not Supported,Android v16
Poco M7 Plus 5G (4GB RAM + 128GB),"₹15,840",4.55;,7000 mAh Battery with 33W Fast Charging,"Dual Sim, 5G, VoLTE, Wi-Fi, IR Blaster","Snapdragon 6s Gen3, Octa Core, 2.3 GHz Processor","4 GB RAM, 128 GB inbuilt","6.9 inches, 1080 x 2340 px, 144 Hz Display with Punch Hole",50 MP Rear & 8 MP Front Camera,"Memory Card (Hybrid), upto 2 TB",Android v15
OPPO K13x 5G (6GB RAM +128GB),"₹16,999",4.65;,6000 mAh Battery with 45W Fast Charging,"Dual Sim, 5G, VoLTE, Wi-Fi","Dimensity 6300, Octa Core, 2.4 GHz Processor","6 GB RAM, 128 GB inbuilt","6.67 inches, 720 x 1604 px, 120 Hz Display with Punch Hole",50 MP + 2 MP Dual Rear & 8 MP Front Camera,"Memory Card (Hybrid), upto 2 TB",Android v15
Oppo Find X9 5G,"₹79,999",4;,7025 mAh Battery with 80W Fast Charging,"Dual Sim, 5G, VoLTE, NFC, Wi-Fi, IR Blaster","Dimensity 9500, Octa Core, 4.21 GHz Processor","12 GB RAM, 256 GB inbuilt","6.59 inches, 1256 x 2760 px, 120 Hz Display with Punch Hole",50 MP + 50 MP + 50 MP Triple Rear & 32 MP Front Camera,Android v16,No FM Radio
Realme Narzo 80 Pro 5G (8GB RAM + 256GB),"₹27,999",4.7;,6000 mAh Battery with 80W Fast Charging,"Dual Sim, 5G, VoLTE, Wi-Fi","Dimensity 7400, Octa Core, 2.6 GHz Processor","8 GB RAM, 256 GB inbuilt","6.72 inches, 1080 x 2392 px, 120 Hz Display with Punch Hole",50 MP + 2 MP Dual Rear & 16 MP Front Camera,Android v15,No FM Radio
Samsung Galaxy S25 Ultra (12GB RAM + 512GB),"₹1,07,499",4.65;,5000 mAh Battery with 45W Fast Charging,"Dual Sim, 5G, VoLTE, Vo5G, NFC, eSIM, Wi-Fi","Snapdragon 8 Elite for Galaxy, Octa Core, 4.47 GHz Processor","12 GB RAM, 512 GB inbuilt","6.9 inches, 1440 x 3120 px, 120 Hz Display with Punch Hole",200 MP Quad Rear & 12 MP Front Camera,Memory Card Not Supported,Android v15
Motorola Moto G37,"₹14,729",4.6;,5200 mAh Battery with 20W Fast Charging,"Dual Sim, 5G, VoLTE, Wi-Fi","Dimensity 6400, Octa Core, 2.5 GHz Processor","4 GB RAM, 64 GB inbuilt","6.67 inches, 1604 x 720 px, 120 Hz Display with Punch Hole",50 MP Rear & 8 MP Front Camera,"Memory Card (Hybrid), upto 1 TB",Android v16
Realme 16T 5G,"₹26,979",4.35;,8000 mAh Battery with 45W Fast Charging,"Dual Sim, 5G, VoLTE, Wi-Fi","Dimensity 6300, Octa Core, 2.4 GHz Processor","6 GB RAM, 128 GB inbuilt","6.8 inches, 720 x 1570 px, 144 Hz Display with Punch Hole",50 MP + 2 MP Dual Rear & 16 MP Front Camera,"Memory Card (Hybrid), upto 2 TB",Android v16
Xiaomi Redmi A7 Pro 5G,"₹14,499",4.6;,6300 mAh Battery with 15W Fast Charging,"Dual Sim, 5G, VoLTE, Wi-Fi","Unisoc T8300, Octa Core, 2.2 GHz Processor","4 GB RAM, 64 GB inbuilt","6.9 inches, 720 x 1600 px, 120 Hz Display with Water Drop Notch",32 MP Dual Rear & 8 MP Front Camera,"Memory Card (Hybrid), upto 2 TB",Android v16
Vivo Y21 5G,"₹18,989",4.35;,6500 mAh Battery with 44W Fast Charging,"Dual Sim, 5G, VoLTE, NFC, Wi-Fi, IR Blaster","Dimensity 6300, Octa Core, 2.4 GHz Processor","4 GB RAM, 128 GB inbuilt","6.74 inches, 720 x 1600 px, 120 Hz Display with Water Drop Notch",50 MP + 0.08 MP Dual Rear & 5 MP Front Camera,Memory Card Supported,Android v16
Xiaomi Redmi Note 15 Pro Plus,"₹39,999",4.65;,6500 mAh Battery with 100W Fast Charging,"Dual Sim, 5G, VoLTE, NFC, eSIM, Wi-Fi, IR Blaster","Snapdragon 7s Gen4, Octa Core, 2.7 GHz Processor","8 GB RAM, 256 GB inbuilt","6.83 inches, 1280 x 2772 px, 120 Hz Display with Punch Hole",200 MP + 8 MP Dual Rear & 32 MP Front Camera,Memory Card Not Supported,Android v15
Apple iPhone 15 Plus,"₹69,900",4.75;,4383 mAh Battery with Fast Charging,"Dual Sim, 5G, VoLTE, NFC, eSIM, Wi-Fi","Bionic A16, Hexa Core, 3.46 GHz Processor","6 GB RAM, 128 GB inbuilt","6.7 inches, 1290 x 2796 px Display with Dynamic Island",48 MP + 12 MP Dual Rear & 12 MP Front Camera,Memory Card Not Supported,iOS v17
Oppo A6c 4G,"₹14,999",4.25;,7000 mAh Battery with 15W Fast Charging,"Dual Sim, 4G, Wi-Fi","Unisoc T7250, Octa Core, 1.8 GHz Processor","4 GB RAM, 64 GB inbuilt","6.75 inches, 720 x 1570 px, 120 Hz Display with Water Drop Notch",13 MP Rear & 5 MP Front Camera,Memory Card (Hybrid),Android v15
Ai+ Nova 2 Pro,"₹16,999",4.75;,6000 mAh Battery with 18W Fast Charging,"Dual Sim, 5G, VoLTE, Wi-Fi","Dimensity 7100, Octa Core, 2.4 GHz Processor","6 GB RAM, 128 GB inbuilt","6.9 inches, 2340 x 1080 px, 144 Hz Display with Punch Hole",48 MP + 8 MP Dual Rear & 13 MP Front Camera,"Memory Card Supported, upto 2 TB",Android v16
Motorola Signature (16GB RAM + 512GB),"₹60,379",4.3;,5200 mAh Battery with 90W Fast Charging,"Dual Sim, 5G, VoLTE, Vo5G, NFC, Wi-Fi","Snapdragon 8 Gen5, Octa Core, 3.8 GHz Processor","16 GB RAM, 512 GB inbuilt","6.8 inches, 1264 x 2780 px, 165 Hz Display with Punch Hole",50 MP + 50 MP + 50 MP Triple Rear & 50 MP Front Camera,Android v16,No FM Radio
Peace i17 Air,"₹8,299",4.1;,"6.56 inches, 1640 x 720 px Display","Dual Sim, 4G, VoLTE, Wi-Fi","4 GB RAM, 128 GB inbuilt",5000 mAh Battery,20 MP Rear & 8 MP Front Camera,"Memory Card Supported, upto 128 GB",Android v14.0,No FM Radio
Vivo Y31 5G (6GB RAM + 128GB),"₹19,999",4.1;,6500 mAh Battery with 44W Fast Charging,"Dual Sim, 5G, VoLTE, Wi-Fi","Snapdragon 4 Gen2, Octa Core, 2.2 GHz Processor","6 GB RAM, 128 GB inbuilt","6.68 inches, 720 x 1608 px, 120 Hz Display with Water Drop Notch",50 MP Rear & 8 MP Front Camera,Memory Card (Hybrid),Android v15
Realme 15 Pro 5G (12GB RAM + 256GB),"₹37,999",4.45;,7000 mAh Battery with 80W Fast Charging,"Dual Sim, 5G, VoLTE, Wi-Fi","Snapdragon 7 Gen4, Octa Core, 2.8 GHz Processor","12 GB RAM, 256 GB inbuilt","6.8 inches, 1280 x 2800 px, 144 Hz Display with Punch Hole",50 MP + 50 MP Dual Rear & 50 MP Front Camera,Android v15,No FM Radio
OnePlus 13R 5G,"₹52,999",4;,6000 mAh Battery with 80W Fast Charging,"Dual Sim, 5G, VoLTE, NFC, Wi-Fi, IR Blaster","Snapdragon 8 Gen3, Octa Core, 3.3 GHz Processor","12 GB RAM, 256 GB inbuilt","6.78 inches, 1264 x 2780 px, 120 Hz Display with Punch Hole",50 MP + 50 MP + 8 MP Triple Rear & 16 MP Front Camera,Memory Card Not Supported,Android v15
Samsung Galaxy M47 5G (8GB RAM + 256GB),"₹39,999",4.2;,6000 mAh Battery with 45W Fast Charging,"Dual Sim, 5G, VoLTE, NFC, Wi-Fi","Snapdragon 6 Gen3, Octa Core, 2.4 GHz Processor","8 GB RAM, 256 GB inbuilt","6.7 inches, 1080 x 2340 px, 120 Hz Display with Punch Hole",50 MP + 5 MP + 2 MP Triple Rear & 12 MP Front Camera,"Memory Card (Hybrid), upto 1 TB",Android v16
Xiaomi Redmi 15A 5G,"₹15,429",4.75;,6300 mAh Battery with 33W Fast Charging,"Dual Sim, 5G, VoLTE, Wi-Fi, IR Blaster","Unisoc T8300, Octa Core, 2.2 GHz Processor","4 GB RAM, 64 GB inbuilt","6.9 inches, 720 x 1600 px, 120 Hz Display with Punch Hole",32 MP Rear & 8 MP Front Camera,"Memory Card (Hybrid), upto 1 TB",Android v16
Vivo V70 Elite,"₹66,999",4.25;,6500 mAh Battery with 90W Fast Charging,"Dual Sim, 5G, VoLTE, NFC, Wi-Fi, IR Blaster","Snapdragon 8s Gen3, Octa Core, 3 GHz Processor","8 GB RAM, 256 GB inbuilt","6.59 inches, 1260 x 2750 px, 120 Hz Display with Punch Hole",50 MP + 50 MP + 8 MP Triple Rear & 50 MP Front Camera,Memory Card Not Supported,Android v16
Realme GT 8 Pro,"₹72,999",4.35;,7000 mAh Battery with 120W Fast Charging,"Dual Sim, 5G, VoLTE, NFC, Wi-Fi, IR Blaster","Snapdragon 8 Elite Gen 5, Octa Core, 4.6 GHz Processor","12 GB RAM, 256 GB inbuilt","6.79 inches, 1440 x 3136 px, 144 Hz Display with Punch Hole",200 MP + 50 MP + 50 MP Triple Rear & 32 MP Front Camera,Memory Card Not Supported,Android v16
iQOO Z11 Lite 5G (6GB RAM + 128GB),"₹21,499",4.2;,6500 mAh Battery with 44W Fast Charging,"Dual Sim, 5G, VoLTE, Wi-Fi","Dimensity 6300, Octa Core, 2.4 GHz Processor","6 GB RAM, 128 GB inbuilt","6.74 inches, 720 x 1600 px, 120 Hz Display with Water Drop Notch",50 MP + 0.08 MP Dual Rear & 5 MP Front Camera,"Memory Card (Hybrid), upto 2 TB",Android v16
Realme P4R 5G (6GB RAM + 128GB),"₹20,399",4.05;,8000 mAh Battery with 45W Fast Charging,"Dual Sim, 5G, VoLTE, Wi-Fi","Dimensity 6300, Octa Core, 2.4 GHz Processor","6 GB RAM, 128 GB inbuilt","6.81 inches, 720 x 1570 px, 144 Hz Display with Punch Hole",50 MP Rear & 8 MP Front Camera,Android v16,No FM Radio
Motorola Edge 50 Fusion,"₹20,849",4.65;,5000 mAh Battery with 68W Fast Charging,"Dual Sim, 5G, VoLTE, Vo5G, NFC, Wi-Fi","Snapdragon 7s Gen2, Octa Core, 2.4 GHz Processor","8 GB RAM, 128 GB inbuilt","6.67 inches, 1080 x 2400 px, 144 Hz Display with Punch Hole",50 MP + 13 MP Dual Rear & 32 MP Front Camera,Memory Card Not Supported,Android v14
Xiaomi 17T 5G,"₹64,999",4.55;,6500 mAh Battery with 67W Fast Charging,"Dual Sim, 5G, VoLTE, NFC, eSIM, Wi-Fi, IR Blaster","Dimensity 8500 Ultra, Octa Core, 3.4 GHz Processor","12 GB RAM, 256 GB inbuilt","6.59 inches, 1268 x 2756 px, 120 Hz Display with Punch Hole",50 MP + 50 MP + 12 MP Triple Rear & 32 MP Front Camera,Android v16,No FM Radio
Poco X8 Pro Max,"₹49,990",4.05;,9000 mAh Battery with 100W Fast Charging,"Dual Sim, 5G, VoLTE, Wi-Fi, IR Blaster","Dimensity 9500s, Octa Core, 3.73 GHz Processor","12 GB RAM, 256 GB inbuilt","6.83 inches, 1280 x 2772 px, 120 Hz Display with Punch Hole",50 MP + 8 MP Dual Rear & 20 MP Front Camera,Android v16,No FM Radio
Oppo A6 5G,"₹22,490",4.75;,7000 mAh Battery with 45W Fast Charging,"Dual Sim, 5G, NFC, Wi-Fi","Dimensity 6300, Octa Core, 2.4 GHz Processor","4 GB RAM, 128 GB inbuilt","6.75 inches, 720 x 1570 px, 120 Hz Display with Punch Hole",50 MP + 2 MP Dual Rear & 8 MP Front Camera,Memory Card Supported,Android v15
OnePlus 15 5G (16GB RAM + 512GB),"₹93,999",4.4;,7300 mAh Battery with 120W Fast Charging,"Dual Sim, 5G, VoLTE, Vo5G, NFC, eSIM, Wi-Fi, IR Blaster","Snapdragon 8 Elite Gen 5, Octa Core, 4.6 GHz Processor","16 GB RAM, 512 GB inbuilt","6.78 inches, 1272 x 2772 px, 165 Hz Display with Punch Hole",50 MP + 50 MP + 50 MP Triple Rear & 32 MP Front Camera,Memory Card Not Supported,Android v16
Poco M7 5G (8GB RAM + 128GB),"₹13,499",4.75;,5160 mAh Battery with 18W Fast Charging,"Dual Sim, 5G, VoLTE, Wi-Fi","Snapdragon 4 Gen2, Octa Core, 2.2 GHz Processor","8 GB RAM, 128 GB inbuilt","6.88 inches, 720 x 1640 px, 120 Hz Display with Water Drop Notch",50 MP Rear & 8 MP Front Camera,"Memory Card Supported, upto 1 TB",Android v14
Realme 14x (8GB RAM + 128GB),"₹15,999",4.1;,6000 mAh Battery with 45W Fast Charging,"Dual Sim, 5G, VoLTE, Wi-Fi","Dimensity 6300, Octa Core, 2.4 GHz Processor","8 GB RAM, 128 GB inbuilt","6.67 inches, 720 x 1604 px, 120 Hz Display with Punch Hole",50 MP + 2 MP Dual Rear & 8 MP Front Camera,Memory Card (Hybrid),Android v14
Google Pixel 8A,"₹34,999",4.65;,4492 mAh Battery with Fast Charging,"Dual Sim, 5G, VoLTE, NFC, Wi-Fi","Tensor G3, Nine-Cores, 3 GHz Processor","8 GB RAM, 128 GB inbuilt","6.1 inches, 1080 x 2400 px, 120 Hz Display with Punch Hole",64 MP + 13 MP Dual Rear & 13 MP Front Camera,Memory Card Not Supported,Android v14
Samsung Galaxy F15 5G,"₹13,499",4.35;,6000 mAh Battery with 25W Fast Charging,"Dual Sim, 5G, VoLTE, Wi-Fi","Dimensity 6100 Plus, Octa Core, 2.2 GHz Processor","4 GB RAM, 128 GB inbuilt","6.45 inches, 1080 x 2340 px, 90 Hz Display with Water Drop Notch",50 MP + 5 MP + 2 MP Triple Rear & 13 MP Front Camera,"Memory Card (Hybrid), upto 1 TB",Android v14
Oppo A6 Pro 5G,"₹26,999",4.55;,7000 mAh Battery with 80W Fast Charging,"Dual Sim, 5G, Wi-Fi","Dimensity 6300, Octa Core, 2.4 GHz Processor","8 GB RAM, 128 GB inbuilt","6.75 inches, 720 x 1570 px, 120 Hz Display with Punch Hole",50 MP Dual Rear & 16 MP Front Camera,Memory Card (Hybrid),Android v15
Oppo F31 Pro Plus 5G,"₹32,999",4.15;,7000 mAh Battery with 80W Fast Charging,"Dual Sim, 5G, VoLTE, Wi-Fi","Snapdragon 7 Gen3, Octa Core, 2.63 GHz Processor","8 GB RAM, 256 GB inbuilt","6.8 inches, 1280 x 2800 px, 120 Hz Display with Punch Hole",50 MP + 2 MP Dual Rear & 32 MP Front Camera,Android v15,No FM Radio
Samsung Galaxy F17 5G,"₹17,900",4.4;,5000 mAh Battery with 25W Fast Charging,"Dual Sim, 5G, VoLTE, NFC, Wi-Fi","Exynos 1330, Octa Core, 2.4 GHz Processor","4 GB RAM, 128 GB inbuilt","6.7 inches, 1080 x 2340 px, 90 Hz Display with Water Drop Notch",50 MP + 5 MP + 2 MP Triple Rear & 13 MP Front Camera,"Memory Card (Hybrid), upto 2 TB",Android v15
Vivo T4R 5G (8GB RAM + 256GB),"₹24,999",4.5;,5700 mAh Battery with 44W Fast Charging,"Dual Sim, 5G, VoLTE, Vo5G, Wi-Fi","Dimensity 7400, Octa Core, 2.6 GHz Processor","8 GB RAM, 256 GB inbuilt","6.77 inches, 1080 x 2392 px, 120 Hz Display with Punch Hole",50 MP + 2 MP Dual Rear & 32 MP Front Camera,Memory Card Not Supported,Android v15
Nothing Phone 3 (16GB RAM + 512GB),"₹52,999",4.2;,5500 mAh Battery with 65W Fast Charging,"Dual Sim, 5G, VoLTE, NFC, eSIM, Wi-Fi","Snapdragon 8s Gen4, Octa Core, 3.2 GHz Processor","16 GB RAM, 512 GB inbuilt","6.67 inches, 1260 x 2800 px, 120 Hz Display with Punch Hole",50 MP + 50 MP + 50 MP Triple Rear & 50 MP Front Camera,Android v15,No FM Radio
Motorola Edge 60 Fusion 5G (12GB RAM + 256GB),"₹27,299",4.75;,5500 mAh Battery with 68W Fast Charging,"Dual Sim, 5G, VoLTE, Vo5G, Wi-Fi","Dimensity 7400, Octa Core, 2.5 GHz Processor","12 GB RAM, 256 GB inbuilt","6.7 inches, 1220 x 2712 px, 120 Hz Display with Punch Hole",50 MP + 13 MP Dual Rear & 32 MP Front Camera,"Memory Card (Hybrid), upto 1 TB",Android v15
Nothing Phone 4(b),"₹32,999",4.4;,6000 mAh Battery with 33W Fast Charging,"Dual Sim, 5G, VoLTE, Wi-Fi","Snapdragon 6 Gen4, Octa Core, 2.3 GHz Processor","8 GB RAM, 128 GB inbuilt","6.77 inches, 1080 x 2344 px, 120 Hz Display with Punch Hole",50 MP + 8 MP Dual Rear & 16 MP Front Camera,Android v16,No FM Radio
Motorola Moto G77 Power,"₹25,404",4.3;,7000 mAh Battery with 30W Fast Charging,"Dual Sim, 5G, VoLTE, Wi-Fi","Dimensity 6400, Octa Core, 2.5 GHz Processor","8 GB RAM, 128 GB inbuilt","6.72 inches, 1080 x 2400 px, 120 Hz Display with Punch Hole",50 MP + 8 MP Dual Rear & 32 MP Front Camera,"Memory Card (Hybrid), upto 1 TB",Android v16
Vivo V70 5G (12GB RAM + 256GB),"₹64,999",4.1;,6500 mAh Battery with 90W Fast Charging,"Dual Sim, 5G, VoLTE, NFC, Wi-Fi, IR Blaster","Snapdragon 7 Gen4, Octa Core, 2.8 GHz Processor","12 GB RAM, 256 GB inbuilt","6.59 inches, 1260 x 2750 px, 120 Hz Display with Punch Hole",50 MP + 50 MP + 8 MP Triple Rear & 50 MP Front Camera,Memory Card Not Supported,Android v16
OPPO Reno 15 Pro 5G,"₹63,490",4.7;,6500 mAh Battery with 80W Fast Charging,"Dual Sim, 5G, VoLTE, NFC, Wi-Fi, IR Blaster","Dimensity 8450, Octa Core, 3.25 GHz Processor","12 GB RAM, 256 GB inbuilt","6.78 inches, 1272 x 2772 px, 120 Hz Display with Punch Hole",200 MP + 50 MP + 50 MP Triple Rear & 50 MP Front Camera,Memory Card Not Supported,Android v16
Nothing Phone 3a Lite (8GB RAM + 256GB),"₹24,999",4.3;,5000 mAh Battery with 33W Fast Charging,"Dual Sim, 5G, VoLTE, NFC, Wi-Fi","Dimensity 7300 Pro, Octa Core, 2.5 GHz Processor","8 GB RAM, 256 GB inbuilt","6.77 inches, 1084 x 2392 px, 120 Hz Display with Punch Hole",50 MP + 8 MP + 2 MP Triple Rear & 16 MP Front Camera,"Memory Card (Hybrid), upto 2 TB",Android v15
Lava Agni 4 5G,"₹27,999",4.55;,5000 mAh Battery with 66W Fast Charging,"Dual Sim, 5G, VoLTE, Vo5G, Wi-Fi","Dimensity 8350, Octa Core, 3.35 GHz Processor","8 GB RAM, 256 GB inbuilt","6.67 inches, 1220 x 2712 px, 120 Hz Display with Punch Hole",50 MP + 8 MP Dual Rear & 50 MP Front Camera,Memory Card Not Supported,Android v15
Vivo V60 5G,"₹45,140",4.65;,6500 mAh Battery with 90W Fast Charging,"Dual Sim, 5G, VoLTE, NFC, Wi-Fi, IR Blaster","Snapdragon 7 Gen4, Octa Core, 2.8 GHz Processor","8 GB RAM, 128 GB inbuilt","6.77 inches, 1080 x 2392 px, 120 Hz Display with Punch Hole",50 MP + 50 MP + 8 MP Triple Rear & 50 MP Front Camera,Memory Card Not Supported,Android v15
Realme GT 7T (12GB RAM + 512GB),"₹38,499",4.3;,7000 mAh Battery with 120W Fast Charging,"Dual Sim, 5G, VoLTE, Vo5G, NFC, Wi-Fi, IR Blaster","Dimensity 8400-MAX, Octa Core, 3.25 GHz Processor","12 GB RAM, 512 GB inbuilt","6.8 inches, 1280 x 2800 px, 120 Hz Display with Punch Hole",50 MP + 8 MP Dual Rear & 32 MP Front Camera,Memory Card Not Supported,Android v15
OPPO K14 5G (6GB RAM + 256GB),"₹21,999",4.25;,7000 mAh Battery with 45W Fast Charging,"Dual Sim, 5G, VoLTE, NFC, Wi-Fi, IR Blaster","Dimensity 6300, Octa Core, 2.4 GHz Processor","6 GB RAM, 256 GB inbuilt","6.75 inches, 720 x 1570 px, 120 Hz Display with Punch Hole",50 MP + 2 MP Dual Rear & 8 MP Front Camera,Memory Card (Hybrid),Android v15
Samsung Galaxy A16 5G (6GB RAM + 128GB),"₹15,999",4.6;,5000 mAh Battery with 25W Fast Charging,"Dual Sim, 5G, VoLTE, NFC, Wi-Fi","Dimensity 6300, Octa Core, 2.4 GHz Processor","6 GB RAM, 128 GB inbuilt","6.7 inches, 1080 x 2340 px, 90 Hz Display with Water Drop Notch",50 MP + 5 MP + 2 MP Triple Rear & 13 MP Front Camera,"Memory Card (Hybrid), upto 1.5 TB",Android v14
Samsung Galaxy M47 5G (8GB RAM + 128 GB),"₹34,999",4.25;,6000 mAh Battery with 45W Fast Charging,"Dual Sim, 5G, VoLTE, NFC, Wi-Fi","Snapdragon 6 Gen3, Octa Core, 2.4 GHz Processor","8 GB RAM, 128 GB inbuilt","6.7 inches, 1080 x 2340 px, 120 Hz Display with Punch Hole",50 MP + 5 MP + 2 MP Triple Rear & 12 MP Front Camera,"Memory Card (Hybrid), upto 1 TB",Android v16
Vivo V70 FE 5G (12GB RAM + 256GB),"₹44,999",4.7;,7000 mAh Battery with 90W Fast Charging,"Dual Sim, 5G, VoLTE, NFC, Wi-Fi, IR Blaster","Dimensity 7360 Turbo, Octa Core, 2.5 GHz Processor","12 GB RAM, 256 GB inbuilt","6.83 inches, 1260 x 2800 px, 120 Hz Display with Punch Hole",200 MP + 8 MP Dual Rear & 50 MP Front Camera,Memory Card Not Supported,Android v16
Motorola Edge 70 Max 5G (12GB RAM+ 256GB),"₹59,899",4.15;,7100 mAh Battery with 90W Fast Charging,"Dual Sim, 5G, VoLTE, Vo5G, NFC, eSIM, Wi-Fi","Snapdragon 8 Gen5, Octa Core, 3.8 GHz Processor","12 GB RAM, 256 GB inbuilt","6.8 inches, 1440 x 3168 px, 144 Hz Display with Punch Hole",50 MP + 8 MP Dual Rear & 32 MP Front Camera,Android v16,No FM Radio
Samsung Galaxy A17 5G (8GB RAM + 256GB),"₹25,499",4.5;,5000 mAh Battery with 25W Fast Charging,"Dual Sim, 5G, VoLTE, NFC, Wi-Fi","Exynos 1330, Octa Core, 2.4 GHz Processor","8 GB RAM, 256 GB inbuilt","6.7 inches, 1080 x 2340 px, 90 Hz Display with Water Drop Notch",50 MP + 5 MP + 2 MP Triple Rear & 13 MP Front Camera,"Memory Card (Hybrid), upto 2 TB",Android v15
Samsung Galaxy A06 5G (6GB RAM + 128GB),"₹14,499",4.7;,5000 mAh Battery with 25W Fast Charging,"Dual Sim, 5G, VoLTE, Wi-Fi","Dimensity 6300, Octa Core, 2.4 GHz Processor","6 GB RAM, 128 GB inbuilt","6.7 inches, 720 x 1600 px, 90 Hz Display with Water Drop Notch",50 MP + 2 MP Dual Rear & 8 MP Front Camera,"Memory Card Supported, upto 1 TB",Android v15
Poco C75 5G,"₹10,999",4.1;,5160 mAh Battery with 18W Fast Charging,"Dual Sim, 5G, VoLTE, Wi-Fi","Snapdragon 4s Gen2, Octa Core, 2 GHz Processor","4 GB RAM, 64 GB inbuilt","6.88 inches, 720 x 1650 px, 120 Hz Display with Water Drop Notch",50 MP Dual Rear & 5 MP Front Camera,"Memory Card Supported, upto 1 TB",Android v14
Google Pixel 8 Pro,"₹49,850",4.7;,5050 mAh Battery with 30W Fast Charging,"Dual Sim, 5G, VoLTE, NFC, Wi-Fi","Tensor G3, Nine Cores, 3 GHz Processor","12 GB RAM, 128 GB inbuilt","6.7 inches, 1344 x 2992 px, 120 Hz Display with Punch Hole",50 MP + 48 MP + 48 MP Triple Rear & 10.5 MP Front Camera,Android v14,No FM Radio
Motorola Edge 70 Pro 5G (12GB RAM + 256GB),"₹41,939",4.5;,6500 mAh Battery with 90W Fast Charging,"Dual Sim, 5G, VoLTE, Vo5G, NFC, Wi-Fi","Dimensity 8500 Extreme, Octa Core, 3.4 GHz Processor","12 GB RAM, 256 GB inbuilt","6.8 inches, 1272 x 2772 px, 144 Hz Display with Punch Hole",50 MP + 50 MP Dual Rear & 50 MP Front Camera,Android v16,No FM Radio
OPPO K14x 5G  (6GB RAM + 128GB),"₹18,999",4.3;,6500 mAh Battery with 45W Fast Charging,"Dual Sim, 5G, VoLTE, Wi-Fi","Dimensity 6300, Octa Core, 2.4 GHz Processor","6 GB RAM, 128 GB inbuilt","6.75 inches, 720 x 1570 px, 120 Hz Display with Punch Hole",50 MP + 2 MP Dual Rear & 5 MP Front Camera,Memory Card (Hybrid),Android v15
Vivo X300 Pro 5G,"₹1,19,999",4.35;,6510 mAh Battery with 90W Fast Charging,"Dual Sim, 5G, VoLTE, NFC, Wi-Fi, IR Blaster","Dimensity 9500, Octa Core, 4.21 GHz Processor","16 GB RAM, 512 GB inbuilt","6.78 inches, 1260 x 2800 px, 120 Hz Display with Punch Hole",200 MP + 50 MP + 50 MP Triple Rear & 50 MP Front Camera,Memory Card Not Supported,Android v16
Google Pixel 10 Pro XL,"₹1,12,380",4.35;,5200 mAh Battery with 45W Fast Charging,"Dual Sim, 5G, VoLTE, Vo5G, NFC, eSIM, Wi-Fi","Tensor G5, Octa Core, 3.78 GHz Processor","16 GB RAM, 256 GB inbuilt","6.8 inches, 1344 x 2992 px, 120 Hz Display with Punch Hole",50 MP + 48 MP + 48 MP Triple Rear & 42 MP Front Camera,Android v16,No FM Radio
Oppo K13 Turbo,"₹30,999",4.45;,7000 mAh Battery with 80W Fast Charging,"Dual Sim, 5G, VoLTE, Wi-Fi, IR Blaster","Dimensity 8450, Octa Core, 3.25 GHz Processor","8 GB RAM, 128 GB inbuilt","6.8 inches, 1280 x 2800 px, 120 Hz Display with Punch Hole",50 MP + 2 MP Dual Rear & 16 MP Front Camera,Memory Card Not Supported,Android v15
Realme P3 Ultra (8GB RAM + 256GB),"₹28,999",4.7;,6000 mAh Battery with 80W Fast Charging,"Dual Sim, 5G, VoLTE, Wi-Fi, IR Blaster","Dimensity 8350 Ultra, Octa Core, 3.35 GHz Processor","8 GB RAM, 256 GB inbuilt","6.83 inches, 1272 x 2800 px, 120 Hz Display with Punch Hole",50 MP + 8 MP Dual Rear & 16 MP Front Camera,Memory Card Not Supported,Android v15
Samsung Galaxy S25 (12GB RAM + 128GB),"₹59,999",4.1;,4000 mAh Battery with 25W Fast Charging,"Dual Sim, 5G, VoLTE, Vo5G, NFC, eSIM, Wi-Fi","Snapdragon 8 Elite, Octa Core, 4.47 GHz Processor","12 GB RAM, 128 GB inbuilt","6.2 inches, 1080 x 2340 px, 120 Hz Display with Punch Hole",50 MP + 12 MP + 10 MP Triple Rear & 12 MP Front Camera,Android v15,No FM Radio
Samsung Galaxy Z Fold 8 Ultra (16GB RAM + 1TB),"₹2,59,999",4.35;,5000 mAh Battery with 45W Fast Charging,"Dual Sim, 5G, VoLTE, Vo5G, NFC, eSIM, Wi-Fi","Snapdragon 8 Elite Gen 5, Octa Core, 4.74 GHz Processor","16 GB RAM, 1 TB inbuilt","8 inches, 2256 x 2504 px, 120 Hz Display with Punch Hole","Foldable Display, Dual Display",200 MP + 50 MP + 10 MP Triple Rear & 10 MP + 10 MP Dual Front Camera,Android v17
OPPO Find X9 Ultra,"₹1,69,999",4;,7050 mAh Battery with 100W Fast Charging,"Dual Sim, 5G, VoLTE, NFC, eSIM, Wi-Fi, IR Blaster","Snapdragon 8 Elite Gen5, Octa Core, 4.6 GHz Processor","12 GB RAM, 512 GB inbuilt","6.82 inches, 1440 x 3168 px, 144 Hz Display with Punch Hole",200 MP Penta Rear & 50 MP Front Camera,Memory Card Not Supported,Android v16
Oppo F33,"₹34,999",4.75;,7000 mAh Battery with 80W Fast Charging,"Dual Sim, 5G, VoLTE, Wi-Fi, IR Blaster","Dimensity 6360 MAX, Octa Core Processor","6 GB RAM, 128 GB inbuilt","6.57 inches, 1080 x 2372 px, 120 Hz Display with Punch Hole",50 MP + 2 MP Dual Rear & 16 MP Front Camera,Memory Card (Hybrid),Android v16
Lava Bold 2 5G,"₹15,999",4.05;,5000 mAh Battery with 33W Fast Charging,"Dual Sim, 5G, VoLTE, Vo5G, Wi-Fi","Dimensity 7060, Octa Core, 2.6 GHz Processor","6 GB RAM, 128 GB inbuilt","6.67 inches, 1080 x 2400 px, 120 Hz Display with Punch Hole",50 MP + 2 MP Dual Rear & 8 MP Front Camera,Memory Card (Hybrid),Android v15
Xiaomi 17 5G,"₹89,999",4.2;,6330 mAh Battery with 100W Fast Charging,"Dual Sim, 5G, VoLTE, Vo5G, NFC, eSIM, Wi-Fi, IR Blaster","Snapdragon 8 Elite Gen 5, Octa Core, 4.6 GHz Processor","12 GB RAM, 512 GB inbuilt","6.3 inches, 1220 x 2656 px, 120 Hz Display with Punch Hole",50 MP + 50 MP + 50 MP Triple Rear & 50 MP Front Camera,Android v16,No FM Radio
Realme Narzo Power 5G (8GB RAM +256GB),"₹29,999",4.5;,10001 mAh Battery with 80W Fast Charging,"Dual Sim, 5G, VoLTE, Wi-Fi, IR Blaster","Dimensity 7400 Ultra, Octa Core, 2.6 GHz Processor","8 GB RAM, 256 GB inbuilt","6.8 inches, 1280 x 2800 px, 144 Hz Display with Punch Hole",50 MP + 8 MP Dual Rear & 16 MP Front Camera,Memory Card Not Supported,Android v16
Samsung Galaxy M17 5G (6GB RAM + 128GB),"₹19,999",4.4;,5000 mAh Battery with 25W Fast Charging,"Dual Sim, 5G, VoLTE, NFC, Wi-Fi","Exynos 1330, Octa Core, 2.4 GHz Processor","6 GB RAM, 128 GB inbuilt","6.7 inches, 1080 x 2340 px, 90 Hz Display with Water Drop Notch",50 MP + 5 MP + 2 MP Triple Rear & 13 MP Front Camera,"Memory Card (Hybrid), upto 2 TB",Android v15
Samsung Galaxy F36 5G (8GB RAM + 128GB),"₹21,627",4.55;,5000 mAh Battery with 25W Fast Charging,"Dual Sim, 5G, VoLTE, NFC, Wi-Fi","Exynos 1380, Octa Core, 2.4 GHz Processor","8 GB RAM, 128 GB inbuilt","6.7 inches, 1080 x 2340 px, 120 Hz Display with Water Drop Notch",50 MP + 8 MP + 2 MP Triple Rear & 13 MP Front Camera,"Memory Card (Hybrid), upto 2 TB",Android v15
Jio JioPhone Prima 2 4G,"₹2,799",4.35;,"2.4 inches, 240 x 320 px Display","Single Sim, 4G, VoLTE, Wi-Fi","512 MB RAM, 4 GB inbuilt",2000 mAh Battery,0.3 MP Rear & 0.3 MP Front Camera,"Memory Card Supported, upto 128 GB",KaiOS v2.5.3,Bluetooth
Vivo V40 5G,"₹34,999",4.35;,5500 mAh Battery with 80W Fast Charging,"Dual Sim, 5G, VoLTE, Wi-Fi","Snapdragon 7 Gen3, Octa Core, 2.63 GHz Processor","8 GB RAM, 128 GB inbuilt","6.78 inches, 1260 x 2800 px, 120 Hz Display with Punch Hole",50 MP + 50 MP Dual Rear & 50 MP Front Camera,Memory Card Not Supported,Android v14
Vivo T5 Lite 5G (6GB RAM + 128GB),"₹21,999",4.65;,6500 mAh Battery with 44W Fast Charging,"Dual Sim, 5G, VoLTE, Wi-Fi","Dimensity 6300, Octa Core, 2.4 GHz Processor","6 GB RAM, 128 GB inbuilt","6.74 inches, 720 x 1600 px, 120 Hz Display with Water Drop Notch",50 MP + 0.08 MP Dual Rear & 5 MP Front Camera,"Memory Card (Hybrid), upto 2 TB",Android v16
Ai+ Nova 2 Ultra,"₹18,999",4.5;,6000 mAh Battery with Fast Charging,"Dual Sim, 5G, VoLTE, Wi-Fi","Dimensity 7400, Octa Core, 2.6 GHz Processor","6 GB RAM, 128 GB inbuilt","6.78 inches, 2772 x 1272 px, 120 Hz Display with Punch Hole",50 MP + 8 MP Dual Rear & 13 MP Front Camera,"Memory Card (Hybrid), upto 1 TB",Android v16
Apple iPhone 17e,"₹62,490",4.7;,4005 mAh Battery with Fast Charging,"Dual Sim, 5G, VoLTE, NFC, eSIM, Wi-Fi","Apple A19, Hexa Core Processor","8 GB RAM, 256 GB inbuilt","6.1 inches, 1170 x 2532 px Display with Small Notch",48 MP Rear & 12 MP Front Camera,Memory Card Not Supported,iOS v26.3
Realme Narzo 90x,"₹19,499",4.55;,7000 mAh Battery with 60W Fast Charging,"Dual Sim, 5G, VoLTE, Wi-Fi","Dimensity 6300, Octa Core, 2.4 GHz Processor","6 GB RAM, 128 GB inbuilt","6.8 inches, 720 x 1570 px, 144 Hz Display with Punch Hole",50 MP + 2 MP Dual Rear & 8 MP Front Camera,"Memory Card (Hybrid), upto 2 TB",Android v15
Lava A7 Torch 2026,"₹1,649",4.1;,"2.4 inches, 320 x 240 px Display",Dual Sim,"32 MB RAM, 32 MB inbuilt",2575 mAh Battery,0.3 MP Rear Camera,"Memory Card Supported, upto 32 GB",Bluetooth,
Apple iPhone 16 Plus,"₹76,990",4.05;,4674 mAh Battery with Fast Charging,"Dual Sim, 5G, VoLTE, NFC, eSIM, Wi-Fi","Bionic A18, Hexa Core, 4.04 GHz Processor",128 GB inbuilt,"6.7 inches, 1290 x 2796 px Display with Dynamic Island",48 MP + 12 MP Dual Rear & 12 MP Front Camera,Memory Card Not Supported,iOS v18
Vivo Y28e 5G,"₹11,499",4.35;,5000 mAh Battery with 15W Fast Charging,"Dual Sim, 5G, VoLTE, Wi-Fi","Dimensity 6300, Octa Core, 2.4 GHz Processor","4 GB RAM, 128 GB inbuilt","6.56 inches, 720 x 1612 px, 90 Hz Display with Water Drop Notch",13 MP + 0.08 MP Dual Rear & 5 MP Front Camera,"Memory Card (Hybrid), upto 1 TB",Android v14
Samsung Galaxy F55 5G,"₹24,999",4.6;,5000 mAh Battery with 45W Fast Charging,"Dual Sim, 5G, VoLTE, NFC, Wi-Fi","Snapdragon 7 Gen1, Octa Core, 2.4 GHz Processor","8 GB RAM, 128 GB inbuilt","6.7 inches, 1080 x 2400 px, 120 Hz Display with Punch Hole",50 MP + 8 MP + 2 MP Triple Rear & 50 MP Front Camera,"Memory Card (Hybrid), upto 1 TB",Android v14
Motorola Moto G37 Power 5G,"₹16,685",4.25;,7000 mAh Battery with 30W Fast Charging,"Dual Sim, 5G, VoLTE, Wi-Fi","Dimensity 6400, Octa Core, 2.5 GHz Processor","4 GB RAM, 128 GB inbuilt","6.67 inches, 1604 x 720 px, 120 Hz Display with Punch Hole",50 MP Rear & 8 MP Front Camera,"Memory Card (Hybrid), upto 1 TB",Android v16
Vivo T5 Pro 5G (8GB RAM + 256GB),"₹39,999",4.25;,9020 mAh Battery with 90W Fast Charging,"Dual Sim, 5G, VoLTE, Vo5G, Wi-Fi, IR Blaster","Snapdragon 7s Gen4, Octa Core, 2.7 GHz Processor","8 GB RAM, 256 GB inbuilt","6.83 inches, 1260 x 2800 px, 144 Hz Display with Punch Hole",50 MP + 2 MP Dual Rear & 32 MP Front Camera,Memory Card Not Supported,Android v16
Vivo T5 Lite 5G (6GB RAM + 256GB),"₹24,999",4;,6500 mAh Battery with 44W Fast Charging,"Dual Sim, 5G, VoLTE, Wi-Fi","Dimensity 6300, Octa Core, 2.4 GHz Processor","6 GB RAM, 256 GB inbuilt","6.74 inches, 720 x 1600 px, 120 Hz Display with Water Drop Notch",50 MP + 0.08 MP Dual Rear & 5 MP Front Camera,"Memory Card (Hybrid), upto 2 TB",Android v16
Xiaomi Redmi Note 15 SE 5G (8GB RAM + 128GB),"₹24,950",4.05;,5800 mAh Battery with 45W Fast Charging,"Dual Sim, 5G, VoLTE, Wi-Fi, IR Blaster","Snapdragon 6 Gen3, Octa Core, 2.4 GHz Processor","8 GB RAM, 128 GB inbuilt","6.77 inches, 2392 x 1080 px, 120 Hz Display with Punch Hole",50 MP + 2 MP Dual Rear & 20 MP Front Camera,"Memory Card (Hybrid), upto 1 TB",Android v15
Xiaomi 17 Ultra,"₹1,39,999",4.15;,6000 mAh Battery with 90W Fast Charging,"Dual Sim, 5G, VoLTE, Vo5G, NFC, eSIM, Wi-Fi, IR Blaster","Snapdragon 8 Elite Gen 5, Octa Core, 4.6 GHz Processor","16 GB RAM, 512 GB inbuilt","6.9 inches, 1200 x 2608 px, 120 Hz Display with Punch Hole",200 MP + 50 MP + 50 MP Triple Rear & 50 MP Front Camera,Memory Card Not Supported,Android v16
Nothing Phone 4a (8GB RAM + 256GB),"₹37,440",4.35;,5400 mAh Battery with 50W Fast Charging,"Dual Sim, 5G, VoLTE, Wi-Fi","Snapdragon 7s Gen4, Octa Core, 2.7 GHz Processor","8 GB RAM, 256 GB inbuilt","6.78 inches, 1224 x 2720 px, 120 Hz Display with Punch Hole",50 MP + 50 MP + 8 MP Triple Rear & 32 MP Front Camera,Android v16,No FM Radio
Samsung Galaxy A07 5G (6GB RAM + 128GB),"₹18,490",4.2;,6000 mAh Battery with 25W Fast Charging,"Dual Sim, 5G, VoLTE, Wi-Fi","Dimensity 6300, Octa Core, 2.4 GHz Processor","6 GB RAM, 128 GB inbuilt","6.74 inches, 720 x 1600 px, 120 Hz Display with Water Drop Notch",50 MP + 2 MP Dual Rear & 8 MP Front Camera,"Memory Card Supported, upto 2 TB",Android v16
Oppo F31 5G,"₹26,999",4.3;,7000 mAh Battery with 80W Fast Charging,"Dual Sim, 5G, VoLTE, Wi-Fi, IR Blaster","Dimensity 6300, Octa Core, 2.4 GHz Processor","8 GB RAM, 128 GB inbuilt","6.57 inches, 1080 x 2412 px, 120 Hz Display with Punch Hole",50 MP + 2 MP Dual Rear & 16 MP Front Camera,Memory Card (Hybrid),Android v15
Samsung Galaxy S24 5G (Snapdragon +256GB),"₹55,999",4.75;,4000 mAh Battery with 25W Fast Charging,"Dual Sim, 5G, VoLTE, Vo5G, NFC, eSIM, Wi-Fi","Snapdragon 8 Gen3, Octa Core, 3.3 GHz Processor","8 GB RAM, 256 GB inbuilt","6.2 inches, 1080 x 2340 px, 120 Hz Display with Punch Hole",50 MP + 12 MP + 10 MP Triple Rear & 12 MP Front Camera,Android v15,No FM Radio
Samsung Galaxy F56 5G,"₹28,999",4.35;,5000 mAh Battery with 45W Fast Charging,"Dual Sim, 5G, VoLTE, Wi-Fi","Exynos 1480, Octa Core, 2.7 GHz Processor","8 GB RAM, 128 GB inbuilt","6.74 inches, 1080 x 2340 px, 120 Hz Display with Punch Hole",50 MP + 8 MP + 2 MP Triple Rear & 12 MP Front Camera,Memory Card Not Supported,Android v15
Nothing Phone 3a Pro (8GB RAM + 256GB),"₹29,999",4.3;,5000 mAh Battery with 50W Fast Charging,"Dual Sim, 5G, VoLTE, NFC, Wi-Fi","Snapdragon 7s Gen 3, Octa Core, 2.5 GHz Processor","8 GB RAM, 256 GB inbuilt","6.77 inches, 1080 x 2392 px, 120 Hz Display with Punch Hole",50 MP + 50 MP + 8 MP Triple Rear & 50 MP Front Camera,Memory Card Not Supported,Android v15
Google Pixel 8 5G,"₹37,799",4.5;,4575 mAh Battery with 30W Fast Charging,"Dual Sim, 5G, VoLTE, NFC, Wi-Fi","Tensor G3, Nine Core, 3 GHz Processor","8 GB RAM, 128 GB inbuilt","6.2 inches, 1080 x 2400 px, 120 Hz Display with Punch Hole",50 MP + 12 MP Dual Rear & 10.5 MP Front Camera,Android v14,No FM Radio
Vivo Y21 5G (4GB RAM + 64GB),"₹18,999",4.05;,6500 mAh Battery with 44W Fast Charging,"Dual Sim, 5G, VoLTE, NFC, Wi-Fi, IR Blaster","Dimensity 6300, Octa Core, 2.4 GHz Processor","4 GB RAM, 64 GB inbuilt","6.74 inches, 720 x 1600 px, 120 Hz Display with Water Drop Notch",50 MP + 0.08 MP Dual Rear & 5 MP Front Camera,Memory Card Supported,Android v16
Realme 15 Pro 5G,"₹30,880",4.7;,7000 mAh Battery with 80W Fast Charging,"Dual Sim, 5G, VoLTE, Wi-Fi","Snapdragon 7 Gen4, Octa Core, 2.8 GHz Processor","8 GB RAM, 128 GB inbuilt","6.8 inches, 1280 x 2800 px, 144 Hz Display with Punch Hole",50 MP + 50 MP Dual Rear & 50 MP Front Camera,Android v15,No FM Radio
Samsung Galaxy A26 5G,"₹24,999",4.15;,5000 mAh Battery with 25W Fast Charging,"Dual Sim, 5G, VoLTE, NFC, Wi-Fi","Exynos 1380, Octa Core, 2.4 GHz Processor","8 GB RAM, 128 GB inbuilt","6.7 inches, 1080 x 2340 px, 120 Hz Display with Water Drop Notch",50 MP + 8 MP + 2 MP Triple Rear & 13 MP Front Camera,"Memory Card (Hybrid), upto 2 TB",Android v15
Samsung Galaxy A36 5G (8GB RAM + 256GB),"₹32,999",4.65;,5000 mAh Battery with 45W Fast Charging,"Dual Sim, 5G, VoLTE, NFC, Wi-Fi","Snapdragon 6 Gen3, Octa Core, 2.4 GHz Processor","8 GB RAM, 256 GB inbuilt","6.7 inches, 1080 x 2340 px, 120 Hz Display with Punch Hole",50 MP + 8 MP + 5 MP Triple Rear & 12 MP Front Camera,Android v15,No FM Radio
Xiaomi Redmi Note 14 Pro 5G,"₹24,324",4.05;,5500 mAh Battery with 45W Fast Charging,"Dual Sim, 5G, VoLTE, Wi-Fi, IR Blaster","Dimensity 7300 Ultra, Octa Core, 2.5 GHz Processor","8 GB RAM, 128 GB inbuilt","6.67 inches, 1220 x 2712 px, 120 Hz Display with Punch Hole",50 MP + 8 MP + 2 MP Triple Rear & 20 MP Front Camera,Android v14,No FM Radio
Vivo X200 5G,"₹65,999",4.6;,5800 mAh Battery with 90W Fast Charging,"Dual Sim, 5G, VoLTE, NFC, Wi-Fi, IR Blaster","Dimensity 9400, Octa Core, 3.63 GHz Processor","12 GB RAM, 256 GB inbuilt","6.67 inches, 1260 x 2800 px, 120 Hz Display with Punch Hole",50 MP + 50 MP + 50 MP Triple Rear & 32 MP Front Camera,Memory Card Not Supported,Android v15
Nothing Phone 4b (8GB RAM + 256GB),"₹36,799",4.05;,6000 mAh Battery with 33W Fast Charging,"Dual Sim, 5G, VoLTE, Wi-Fi","Snapdragon 6 Gen4, Octa Core, 2.3 GHz Processor","8 GB RAM, 256 GB inbuilt","6.77 inches, 1080 x 2344 px, 120 Hz Display with Punch Hole",50 MP + 8 MP Dual Rear & 16 MP Front Camera,Android v16,No FM Radio
Realme GT 2 Pro 5G (12GB RAM + 256GB),"₹28,999",4.7;,5000 mAh Battery with 65W Fast Charging,"Dual Sim, 5G, VoLTE, NFC, Wi-Fi","Snapdragon 8 Gen1, Octa Core, 3 GHz Processor","12 GB RAM, 256 GB inbuilt","6.7 inches, 1440 x 3216 px, 120 Hz Display with Punch Hole",50 MP + 50 MP + 2 MP Triple Rear & 32 MP Front Camera,Android v12,Bluetooth
Realme C2,"₹6,999",3.95;,4000 mAh Battery,"Dual Sim, 4G, VoLTE, Wi-Fi","Helio P22, Octa Core, 2 GHz Processor","2 GB RAM, 16 GB inbuilt","6.1 inches, 1560 x 720 px Display with Water Drop Notch",13 MP + 2 MP Dual Rear & 5 MP Front Camera,"Memory Card Supported, upto 256 GB",Android v9.0 (Pie)
Xiaomi Redmi Turbo 5 5G (12GB RAM + 256GB),"₹40,999",4.2;,7540 mAh Battery with 100W Fast Charging,"Dual Sim, 5G, VoLTE, NFC, Wi-Fi, IR Blaster","Dimensity 8500 Ultra, Octa Core, 3.4 GHz Processor","12 GB RAM, 256 GB inbuilt","6.59 inches, 1268 x 2756 px, 120 Hz Display with Punch Hole",50 MP + 8 MP Dual Rear & 20 MP Front Camera,Android v16,No FM Radio
Realme P4R 5G (6GB RAM + 256GB),"₹22,800",4.55;,8000 mAh Battery with 45W Fast Charging,"Dual Sim, 5G, VoLTE, Wi-Fi","Dimensity 6300, Octa Core, 2.4 GHz Processor","6 GB RAM, 256 GB inbuilt","6.81 inches, 720 x 1570 px, 144 Hz Display with Punch Hole",50 MP Rear & 8 MP Front Camera,Android v16,No FM Radio
Oppo Find X9s,"₹79,999",4.55;,7025 mAh Battery with 80W Fast Charging,"Dual Sim, 5G, VoLTE, NFC, eSIM, Wi-Fi, IR Blaster","Dimensity 9500s, Octa Core, 3.73 GHz Processor","12 GB RAM, 256 GB inbuilt","6.59 inches, 1216 x 2640 px, 120 Hz Display with Punch Hole",50 MP + 50 MP + 50 MP Triple Rear & 32 MP Front Camera,Memory Card Not Supported,Android v16
Motorola Moto G67 Power 5G (12GB RAM + 256GB),"₹26,985",4.5;,7000 mAh Battery with 30W Fast Charging,"Dual Sim, 5G, VoLTE, Wi-Fi","Snapdragon 7s Gen2, Octa Core, 2.4 GHz Processor","12 GB RAM, 256 GB inbuilt","6.7 inches, 1080 x 2400 px, 120 Hz Display with Punch Hole",50 MP + 8 MP Dual Rear & 32 MP Front Camera,Android v15,No FM Radio
Samsung Galaxy S26 Ultra (16GB RAM + 1TB),"₹1,89,999",4.1;,5000 mAh Battery with 60W Fast Charging,"Dual Sim, 5G, VoLTE, Vo5G, NFC, eSIM, Wi-Fi","Snapdragon 8 Elite Gen 5 for Galaxy, Octa Core, 4.74 GHz Processor","16 GB RAM, 1 TB inbuilt","6.9 inches, 1440 x 3120 px, 120 Hz Display with Punch Hole",200 MP Quad Rear & 12 MP Front Camera,Memory Card Not Supported,Android v16
OPPO Reno 16 5G (12GB RAM + 256GB),"₹67,999",4.4;,6700 mAh Battery with 80W Fast Charging,"Dual Sim, 5G, VoLTE, Vo5G, Wi-Fi, IR Blaster","Snapdragon 7 Gen4, Octa Core, 2.8 GHz Processor","12 GB RAM, 256 GB inbuilt","6.32 inches, 1216 x 2640 px, 120 Hz Display with Punch Hole",50 MP + 50 MP + 50 MP Triple Rear & 50 MP Front Camera,Memory Card Not Supported,Android v16
Xiaomi Redmi Note 15 Pro 5G (8GB RAM + 256GB),"₹32,990",4.5;,6580 mAh Battery with 45W Fast Charging,"Dual Sim, 5G, VoLTE, eSIM, Wi-Fi, IR Blaster","Dimensity 7400 Ultra, Octa Core, 2.6 GHz Processor","8 GB RAM, 256 GB inbuilt","6.83 inches, 1280 x 2772 px, 120 Hz Display with Punch Hole",200 MP + 8 MP Dual Rear & 20 MP Front Camera,Android v15,No FM Radio
Vivo X200T (12 GB RAM + 512 GB),"₹69,999",4.25;,6200 mAh Battery with 90W Fast Charging,"Dual Sim, 5G, VoLTE, NFC, eSIM, Wi-Fi, IR Blaster","Dimensity 9400 Plus, Octa Core, 3.63 GHz Processor","12 GB RAM, 512 GB inbuilt","6.67 inches, 1260 x 2800 px, 120 Hz Display with Punch Hole",50 MP + 50 MP + 50 MP Triple Rear & 32 MP Front Camera,Memory Card Not Supported,Android v16
Infinix Smart 8 HD,"₹6,699",4.75;,5000 mAh Battery with 10W Fast Charging,"Dual Sim, 4G, VoLTE, Wi-Fi","Unisoc T606, Octa Core, 1.6 GHz Processor","3 GB RAM, 64 GB inbuilt","6.6 inches, 720 x 1612 px, 90 Hz Display with Punch Hole",13 MP + 0.08 MP Dual Rear & 8 MP Front Camera,"Memory Card Supported, upto 2 TB",Android v13
Google Pixel 7A,"₹27,899",4.7;,4385 mAh Battery with 18W Fast Charging,"Dual Sim, 5G, VoLTE, NFC, Wi-Fi","Tensor G2, Octa Core, 2.85 GHz Processor","8 GB RAM, 128 GB inbuilt","6.1 inches, 1080 x 2400 px, 90 Hz Display with Punch Hole",64 MP + 13 MP Dual Rear & 13 MP Front Camera,Memory Card Not Supported,Android v13
Vivo X300 FE (12GB RAM + 512GB),"₹96,999",4.3;,6500 mAh Battery with 90W Fast Charging,"Dual Sim, 5G, VoLTE, NFC, eSIM, Wi-Fi, IR Blaster","Snapdragon 8 Gen5, Octa Core, 3.8 GHz Processor","12 GB RAM, 512 GB inbuilt","6.31 inches, 1216 x 2640 px, 120 Hz Display with Punch Hole",50 MP + 50 MP + 8 MP Triple Rear & 50 MP Front Camera,Memory Card Not Supported,Android v16
Poco C85x,"₹13,892",4.45;,6300 mAh Battery with 15W Fast Charging,"Dual Sim, 5G, VoLTE, Wi-Fi","Unisoc T8300, Octa Core, 2.2 GHz Processor","4 GB RAM, 64 GB inbuilt","6.9 inches, 720 x 1600 px, 120 Hz Display with Punch Hole",32 MP Rear & 8 MP Front Camera,"Memory Card Supported, upto 2 TB",Android v16
Infinix Note Edge 5G,"₹24,999",4;,6500 mAh Battery with 45W Fast Charging,"Dual Sim, 5G, VoLTE, NFC, Wi-Fi, IR Blaster","Dimensity 7100, Octa Core, 2.4 GHz Processor","6 GB RAM, 128 GB inbuilt","6.78 inches, 1208 x 2644 px, 120 Hz Display with Punch Hole",50 MP Dual Rear & 13 MP Front Camera,Android v16,Bluetooth
Motorola Edge 60 Fusion 5G (8GB RAM + 128GB),"₹24,990",4.35;,5500 mAh Battery with 68W Fast Charging,"Dual Sim, 5G, VoLTE, Vo5G, Wi-Fi","Dimensity 7400, Octa Core, 2.6 GHz Processor","8 GB RAM, 128 GB inbuilt","6.7 inches, 1220 x 2712 px, 120 Hz Display with Punch Hole",50 MP + 13 MP Dual Rear & 32 MP Front Camera,"Memory Card (Hybrid), upto 1 TB",Android v15
Realme C85 5G,"₹16,499",4.1;,7000 mAh Battery with 45W Fast Charging,"Dual Sim, 5G, NFC, Wi-Fi","Dimensity 6300, Octa Core, 2.4 GHz Processor","4 GB RAM, 128 GB inbuilt","6.8 inches, 720 x 1570 px, 144 Hz Display with Punch Hole",50 MP Rear & 8 MP Front Camera,Memory Card Supported,Android v15
Realme GT 8 Pro (16GB RAM + 512GB),"₹78,999",4;,7000 mAh Battery with 120W Fast Charging,"Dual Sim, 5G, VoLTE, NFC, Wi-Fi, IR Blaster","Snapdragon 8 Elite Gen 5, Octa Core, 4.6 GHz Processor","16 GB RAM, 512 GB inbuilt","6.79 inches, 1440 x 3136 px, 144 Hz Display with Punch Hole",200 MP + 50 MP + 50 MP Triple Rear & 32 MP Front Camera,Memory Card Not Supported,Android v16
Realme 15T 5G,"₹25,999",4.3;,7000 mAh Battery with 60W Fast Charging,"Dual Sim, 5G, VoLTE, Wi-Fi, IR Blaster","Dimensity 6400 Max, Octa Core, 2.5 GHz Processor","8 GB RAM, 128 GB inbuilt","6.57 inches, 1080 x 2372 px, 120 Hz Display with Punch Hole",50 MP + 2 MP Dual Rear & 50 MP Front Camera,"Memory Card (Hybrid), upto 2 TB",Android v15
Vivo T4 Lite 5G,"₹18,799",4.1;,6000 mAh Battery with 15W Fast Charging,"Dual Sim, 5G, VoLTE, Wi-Fi","Dimensity 6300, Octa Core, 2.4 GHz Processor","4 GB RAM, 128 GB inbuilt","6.74 inches, 720 x 1600 px, 90 Hz Display with Water Drop Notch",50 MP + 2 MP Dual Rear & 5 MP Front Camera,"Memory Card Supported, upto 2 TB",Android v15
Realme GT 7 (12GB RAM + 512GB),"₹49,999",4.7;,7000 mAh Battery with 120W Fast Charging,"Dual Sim, 5G, VoLTE, Vo5G, NFC, Wi-Fi, IR Blaster","Dimensity 9400e, Octa Core, 3.4 GHz Processor","12 GB RAM, 512 GB inbuilt","6.78 inches, 1264 x 2780 px, 120 Hz Display with Punch Hole",50 MP + 50 MP + 8 MP Triple Rear & 32 MP Front Camera,Memory Card Not Supported,Android v15
Samsung Galaxy S25 Edge (12GB RAM + 512GB),"₹1,01,999",4.1;,3900 mAh Battery with 25W Fast Charging,"Dual Sim, 5G, VoLTE, Vo5G, NFC, eSIM, Wi-Fi","Snapdragon 8 Elite, Octa Core, 4.47 GHz Processor","12 GB RAM, 512 GB inbuilt","6.7 inches, 1440 x 3120 px, 120 Hz Display with Punch Hole",200 MP + 12 MP Dual Rear & 12 MP Front Camera,Android v15,No FM Radio
Samsung Galaxy A56 5G (8GB RAM + 256GB),"₹38,999",4.15;,5000 mAh Battery with 45W Fast Charging,"Dual Sim, 5G, VoLTE, NFC, eSIM, Wi-Fi","Exynos 1580, Octa Core, 2.9 GHz Processor","8 GB RAM, 256 GB inbuilt","6.7 inches, 1080 x 2340 px, 120 Hz Display with Punch Hole",50 MP + 12 MP + 5 MP Triple Rear & 12 MP Front Camera,Android v15,No FM Radio
Samsung Galaxy A06 5G,"₹13,899",4.15;,5000 mAh Battery with 25W Fast Charging,"Dual Sim, 5G, VoLTE, Wi-Fi","Dimensity 6300, Octa Core, 2.4 GHz Processor","4 GB RAM, 64 GB inbuilt","6.7 inches, 720 x 1600 px, 90 Hz Display with Water Drop Notch",50 MP + 2 MP Dual Rear & 8 MP Front Camera,"Memory Card Supported, upto 1 TB",Android v15
Apple iPhone 16 (256GB),"₹77,900",4.4;,3561 mAh Battery with Fast Charging,"Dual Sim, 5G, VoLTE, NFC, eSIM, Wi-Fi","Bionic A18, Hexa Core, 4.04 GHz Processor","8 GB RAM, 256 GB inbuilt","6.1 inches, 1179 x 2556 px Display with Dynamic Island Display",48 MP + 12 MP Dual Rear & 12 MP Front Camera,Memory Card Not Supported,iOS v18
Motorola Moto G85 5G (12GB RAM + 256GB),"₹26,890",4.6;,5000 mAh Battery with 33W Fast Charging,"Dual Sim, 5G, VoLTE, Wi-Fi","Snapdragon 6s Gen3, Octa Core, 2.3 GHz Processor","12 GB RAM, 256 GB inbuilt","6.67 inches, 1080 x 2400 px, 120 Hz Display with Punch Hole",50 MP + 8 MP Dual Rear & 32 MP Front Camera,"Memory Card (Hybrid), upto 1 TB",Android v14
Xiaomi Redmi 13 5G (8GB RAM + 128GB),"₹19,945",4.75;,5030 mAh Battery with 33W Fast Charging,"Dual Sim, 5G, VoLTE, Wi-Fi, IR Blaster","Snapdragon 4 Gen 2 AE, Octa Core, 2.3 GHz Processor","8 GB RAM, 128 GB inbuilt","6.79 inches, 1080 x 2460 px, 120 Hz Display with Punch Hole",108 MP + Macro Dual Rear & 13 MP Front Camera,"Memory Card (Hybrid), upto 1 TB",Android v14
Xiaomi Redmi Note 13 5G,"₹22,999",4.5;,5000 mAh Battery with 33W Fast Charging,"Dual Sim, 5G, VoLTE, Vo5G, Wi-Fi, IR Blaster","Dimensity 6080, Octa Core, 2.4 GHz Processor","6 GB RAM, 128 GB inbuilt","6.67 inches, 1080 x 2400 px, 120 Hz Display with Punch Hole",108 MP + 8 MP + 2 MP Triple Rear & 16 MP Front Camera,"Memory Card (Hybrid), upto 1 TB",Android v13
Apple iPhone 15 (256GB),"₹67,490",4.15;,3349 mAh Battery with Fast Charging,"Dual Sim, 5G, VoLTE, NFC, eSIM, Wi-Fi","Bionic A16, Hexa Core, 3.46 GHz Processor","6 GB RAM, 256 GB inbuilt","6.1 inches, 1179 x 2556 px Display with Dynamic Island",48 MP + 12 MP Dual Rear & 12 MP Front Camera,Memory Card Not Supported,iOS v17
Samsung Galaxy S23 Ultra 5G,"₹81,999",4.05;,5000 mAh Battery with 45W Fast Charging,"Dual Sim, 5G, VoLTE, Vo5G, NFC, Wi-Fi","Snapdragon 8 Gen 2, Octa Core, 3.36 GHz Processor","12 GB RAM, 256 GB inbuilt","6.8 inches, 1440 x 3088 px, 120 Hz Display with Punch Hole",200 MP Quad Rear & 12 MP Front Camera,Memory Card Not Supported,Android v13
iQOO 15R (12GB RAM + 256GB),"₹54,999",4.45;,7600 mAh Battery with 100W Fast Charging,"Dual Sim, 5G, VoLTE, NFC, Wi-Fi, IR Blaster","Snapdragon 8 Gen5, Octa Core, 3.8 GHz Processor","12 GB RAM, 256 GB inbuilt","6.59 inches, 1260 x 2750 px, 144 Hz Display with Punch Hole",50 MP + 8 MP Dual Rear & 32 MP Front Camera,Android v16,No FM Radio
Realme P4 Power 5G (12GB RAM + 256GB),"₹34,999",4.75;,10001 mAh Battery with 80W Fast Charging,"Dual Sim, 5G, VoLTE, Wi-Fi, IR Blaster","Dimensity 7400 Ultra, Octa Core, 2.6 GHz Processor","12 GB RAM, 256 GB inbuilt","6.8 inches, 1280 x 2800 px, 144 Hz Display with Punch Hole",50 MP + 8 MP Dual Rear & 16 MP Front Camera,Memory Card Not Supported,Android v16
Oppo Reno 15c,"₹40,999",4.1;,7000 mAh Battery with 80W Fast Charging,"Dual Sim, 5G, Wi-Fi, IR Blaster","Snapdragon 6 Gen1, Octa Core, 2.2 GHz Processor","8 GB RAM, 256 GB inbuilt","6.57 inches, 1080 x 2372 px, 120 Hz Display with Punch Hole",50 MP + 8 MP + 2 MP Triple Rear & 50 MP Front Camera,Android v16,No FM Radio
Xiaomi Redmi Note 15 5G (256GB),"₹28,691",4.6;,5520 mAh Battery with 45W Fast Charging,"Dual Sim, 5G, VoLTE, NFC, Wi-Fi, IR Blaster","Snapdragon 6 Gen3, Octa Core, 2.4 GHz Processor","8 GB RAM, 256 GB inbuilt","6.77 inches, 1080 x 2392 px, 120 Hz Display with Punch Hole",108 MP + 8 MP Dual Rear & 20 MP Front Camera,"Memory Card (Hybrid), upto 1 TB",Android v15
Apple iPhone 17 (512GB),"₹1,02,900",4.25;,3692 mAh Battery with Fast Charging,"Dual Sim, 5G, VoLTE, NFC, eSIM, Wi-Fi","Apple A19, Hexa Core Processor","8 GB RAM, 512 GB inbuilt","6.3 inches, 1206 x 2622 px, 120 Hz Display with Small Notch",48 MP + 48 MP Dual Rear & 18 MP Front Camera,Memory Card Not Supported,iOS v26
Vivo Y400 5G (8GB RAM + 256GB),"₹27,999",4.55;,6000 mAh Battery with 90W Fast Charging,"Dual Sim, 5G, VoLTE, Wi-Fi","Snapdragon 4 Gen2, Octa Core, 2.2 GHz Processor","8 GB RAM, 256 GB inbuilt","6.67 inches, 1080 x 2400 px, 120 Hz Display with Punch Hole",50 MP + 2 MP Dual Rear & 32 MP Front Camera,Android v15,No FM Radio
OnePlus Nord CE 5 5G (8GB RAM + 256GB),"₹36,999",4.15;,7100 mAh Battery with 80W Fast Charging,"Dual Sim, 5G, VoLTE, Wi-Fi, IR Blaster","Dimensity 8350 Apex, Octa Core, 3.35 GHz Processor","8 GB RAM, 256 GB inbuilt","6.77 inches, 1080 x 2392 px, 120 Hz Display with Punch Hole",50 MP + 8 MP Dual Rear & 16 MP Front Camera,"Memory Card (Hybrid), upto 1 TB",Android v15
Samsung Galaxy S25 Plus,"₹74,999",4.35;,4900 mAh Battery with 45W Fast Charging,"Dual Sim, 5G, VoLTE, Vo5G, NFC, eSIM, Wi-Fi","Snapdragon 8 Elite, Octa Core, 4.47 GHz Processor","12 GB RAM, 256 GB inbuilt","6.7 inches, 1440 x 3120 px, 120 Hz Display with Punch Hole",50 MP + 12 MP + 10 MP Triple Rear & 12 MP Front Camera,Android v15,No FM Radio
Google Pixel 9,"₹69,490",4.15;,4700 mAh Battery with 27W Fast Charging,"Dual Sim, 5G, VoLTE, Vo5G, NFC, eSIM, Wi-Fi","Tensor G4, Octa Core, 3.1 GHz Processor","12 GB RAM, 256 GB inbuilt","6.3 inches, 1080 x 2424 px, 120 Hz Display with Punch Hole",50 MP + 48 MP Dual Rear & 10.5 MP Front Camera,Android v14,No FM Radio
Samsung Galaxy A54 5G,"₹29,999",4.55;,5000 mAh Battery with 25W Fast Charging,"Dual Sim, 5G, VoLTE, NFC, Wi-Fi","Exynos 1380, Octa Core, 2.4 GHz Processor","8 GB RAM, 128 GB inbuilt","6.4 inches, 1080 x 2340 px, 120 Hz Display with Punch Hole",50 MP + 12 MP + 5 MP Triple Rear & 32 MP Front Camera,"Memory Card (Hybrid), upto 1 TB",Android v13
Realme Narzo 100x 5G (6GB RAM + 256GB),"₹24,499",4.65;,8000 mAh Battery with 45W Fast Charging,"Dual Sim, 5G, VoLTE, Wi-Fi","Dimensity 6300, Octa Core, 2.4 GHz Processor","6 GB RAM, 256 GB inbuilt","6.81 inches, 720 x 1570 px, 144 Hz Display with Punch Hole",50 MP Dual Rear & 8 MP Front Camera,Memory Card (Hybrid),Android v16
OnePlus Nord CE 6 Lite 5G (8GB RAM + 256GB),"₹30,999",4.75;,7000 mAh Battery with 45W Fast Charging,"Dual Sim, 5G, VoLTE, Wi-Fi, IR Blaster","Dimensity 7400 Apex, Octa Core, 2.6 GHz Processor","8 GB RAM, 256 GB inbuilt","6.72 inches, 1080 x 2400 px, 144 Hz Display with Punch Hole",50 MP + 2 MP Dual Rear & 8 MP Front Camera,"Memory Card (Hybrid), upto 2 TB",Android v16
Xiaomi Redmi A7 Pro 5G (4GB RAM + 128GB),"₹15,499",4;,6300 mAh Battery with 15W Fast Charging,"Dual Sim, 5G, VoLTE, Wi-Fi","Unisoc T8300, Octa Core, 2.2 GHz Processor","4 GB RAM, 128 GB inbuilt","6.9 inches, 720 x 1600 px, 120 Hz Display with Water Drop Notch",32 MP Dual Rear & 8 MP Front Camera,"Memory Card (Hybrid), upto 2 TB",Android v16
Poco X8 Pro Max 5G (12GB RAM + 512GB),"₹50,999",4.05;,9000 mAh Battery with 100W Fast Charging,"Dual Sim, 5G, VoLTE, Wi-Fi, IR Blaster","Dimensity 9500s, Octa Core, 3.73 GHz Processor","12 GB RAM, 512 GB inbuilt","6.83 inches, 1280 x 2772 px, 120 Hz Display with Punch Hole",50 MP + 8 MP Dual Rear & 20 MP Front Camera,Android v16,No FM Radio
iQOO Z11x 5G (8GB RAM + 256GB),"₹30,999",4.45;,7200 mAh Battery with 44W Fast Charging,"Dual Sim, 5G, VoLTE, Wi-Fi, IR Blaster","Dimensity 7400 Turbo, Octa Core, 2.6 GHz Processor","8 GB RAM, 256 GB inbuilt","6.76 inches, 1080 x 2344 px, 120 Hz Display with Punch Hole",50 MP + 2 MP Dual Rear & 32 MP Front Camera,Android v16,No FM Radio
Realme C83 5G,"₹16,499",4.2;,7000 mAh Battery with 15W Fast Charging,"Dual Sim, 5G, VoLTE, Wi-Fi","Dimensity 6300, Octa Core, 2.4 GHz Processor","4 GB RAM, 64 GB inbuilt","6.8 inches, 720 x 1570 px, 144 Hz Display with Punch Hole",13 MP Rear & 5 MP Front Camera,"Memory Card (Hybrid), upto 2 TB",Android v16
OPPO A6x 5G (6GB RAM + 128GB),"₹22,999",4.25;,6500 mAh Battery with 45W Fast Charging,"Dual Sim, 5G, VoLTE, Wi-Fi","Dimensity 6300, Octa Core, 2.4 GHz Processor","6 GB RAM, 128 GB inbuilt","6.75 inches, 720 x 1570 px, 120 Hz Display with Punch Hole",13 MP Rear & 5 MP Front Camera,Memory Card (Hybrid),Android v15
Samsung Galaxy M17 5G (8GB RAM + 128GB),"₹21,999",4.3;,5000 mAh Battery with 25W Fast Charging,"Dual Sim, 5G, VoLTE, NFC, Wi-Fi","Exynos 1330, Octa Core, 2.4 GHz Processor","8 GB RAM, 128 GB inbuilt","6.7 inches, 1080 x 2340 px, 90 Hz Display with Water Drop Notch",50 MP + 5 MP + 2 MP Triple Rear & 13 MP Front Camera,"Memory Card (Hybrid), upto 2 TB",Android v15
OPPO Reno 16C 5G (8GB RAM + 256GB),"₹49,999",4.2;,7000 mAh Battery with 80W Fast Charging,"Dual Sim, 5G, VoLTE, Vo5G, Wi-Fi","Dimensity 7300 Energy, Octa Core, 2.5 GHz Processor","8 GB RAM, 256 GB inbuilt","6.57 inches, 2372 x 1080 px, 120 Hz Display with Punch Hole",50 MP + 50 MP + 8 MP Triple Rear & 50 MP Front Camera,Memory Card (Hybrid),Android v16
Oppo F31 Pro 5G (8GB RAM + 256GB),"₹27,999",4.45;,7000 mAh Battery with 80W Fast Charging,"Dual Sim, 5G, VoLTE, Wi-Fi","Dimensity 7300 Energy, Octa Core, 2.5 GHz Processor","8 GB RAM, 256 GB inbuilt","6.57 inches, 1080 x 2372 px, 120 Hz Display with Punch Hole",50 MP + 2 MP Dual Rear & 32 MP Front Camera,Android v15,No FM Radio
Apple iPhone Air,"₹96,900",4;,3149 mAh Battery with Fast Charging,"Dual Sim, 5G, VoLTE, NFC, eSIM, Wi-Fi","Apple A19 Pro, Hexa Core Processor","8 GB RAM, 256 GB inbuilt","6.5 inches, 1260 x 2736 px Display with Dynamic Island",48 MP Rear & 18 MP Front Camera,Memory Card Not Supported,iOS v26
Xiaomi Redmi 15 5G (8GB RAM + 256GB),"₹25,499",4.1;,7000 mAh Battery with 33W Fast Charging,"Dual Sim, 5G, VoLTE, Wi-Fi, IR Blaster","Snapdragon 6s Gen3, Octa Core, 2.3 GHz Processor","8 GB RAM, 256 GB inbuilt","6.9 inches, 1080 x 2340 px, 144 Hz Display with Punch Hole",50 MP Dual Rear & 8 MP Front Camera,"Memory Card (Hybrid), upto 1 TB",Android v15
Realme P4 Pro 5G (8GB RAM + 256GB),"₹30,469",4.05;,7000 mAh Battery with 80W Fast Charging,"Dual Sim, 5G, VoLTE, Wi-Fi, IR Blaster","Snapdragon 7 Gen 4, Octa Core Processor","8 GB RAM, 256 GB inbuilt","6.8 inches, 1280 x 2800 px, 144 Hz Display with Punch Hole",50 MP + 8 MP Dual Rear & 50 MP Front Camera,Android v15,No FM Radio
Realme P4 5G (8GB RAM + 256GB),"₹29,999",4.4;,7000 mAh Battery with 80W Fast Charging,"Dual Sim, 5G, VoLTE, Wi-Fi, IR Blaster","Dimensity 7400 Ultra, Octa Core, 2.6 GHz Processor","8 GB RAM, 256 GB inbuilt","6.77 inches, 1080 x 2392 px, 144 Hz Display with Punch Hole",50 MP + 8 MP Dual Rear & 16 MP Front Camera,Android v15,No FM Radio
Infinix Hot 60 5G,"₹17,800",4.05;,5200 mAh Battery with 18W Fast Charging,"Dual Sim, 5G, VoLTE, Wi-Fi","Dimensity 7020, Octa Core, 2.2 GHz Processor","6 GB RAM, 128 GB inbuilt","6.7 inches, 720 x 1600 px, 120 Hz Display with Punch Hole",50 MP + Depth Sensor Dual Rear & 8 MP Front Camera,"Memory Card (Hybrid), upto 2 TB",Android v15
OPPO K13x 5G,"₹15,999",4.2;,6000 mAh Battery with 45W Fast Charging,"Dual Sim, 5G, VoLTE, Wi-Fi","Dimensity 6300, Octa Core, 2.4 GHz Processor","4 GB RAM, 128 GB inbuilt","6.67 inches, 720 x 1604 px, 120 Hz Display with Punch Hole",50 MP + 2 MP Dual Rear & 8 MP Front Camera,"Memory Card (Hybrid), upto 2 TB",Android v15
OPPO Reno 13 5G,"₹34,999",4.35;,5600 mAh Battery with 80W Fast Charging,"Dual Sim, 5G, VoLTE, NFC, Wi-Fi, IR Blaster","Dimensity 8350, Octa Core, 3.35 GHz Processor","8 GB RAM, 128 GB inbuilt","6.59 inches, 1256 x 2760 px, 120 Hz Display with Punch Hole",50 MP + 8 MP + 2 MP Triple Rear & 50 MP Front Camera,Android v15,No FM Radio
OnePlus 13 (16GB RAM+ 512GB),"₹76,999",4.25;,6000 mAh Battery with 100W Fast Charging,"Dual Sim, 5G, VoLTE, Vo5G, NFC, eSIM, Wi-Fi, IR Blaster","Snapdragon 8 Elite, Octa Core, 4.32 GHz Processor","16 GB RAM, 512 GB inbuilt","6.82 inches, 1440 x 3168 px, 120 Hz Display with Punch Hole",50 MP + 50 MP + 50 MP Triple Rear & 32 MP Front Camera,Memory Card Not Supported,Android v15
Apple iPhone 17 (512GB),"₹1,02,900",4.25;,3692 mAh Battery with Fast Charging,"Dual Sim, 5G, VoLTE, NFC, eSIM, Wi-Fi","Apple A19, Hexa Core Processor","8 GB RAM, 512 GB inbuilt","6.3 inches, 1206 x 2622 px, 120 Hz Display with Small Notch",48 MP + 48 MP Dual Rear & 18 MP Front Camera,Memory Card Not Supported,iOS v26
Lava Play Ultra 5G,"₹20,499",4.6;,5000 mAh Battery with 33W Fast Charging,"Dual Sim, 5G, VoLTE, Vo5G, Wi-Fi","Dimensity 7300, Octa Core, 2.5 GHz Processor","6 GB RAM, 128 GB inbuilt","6.67 inches, 1080 x 1920 px, 120 Hz Display with Punch Hole",64 MP + 5 MP Dual Rear & 13 MP Front Camera,"Memory Card (Hybrid), upto 1 TB",Android v15
Realme 15 5G,"₹29,999",4.1;,7000 mAh Battery with 80W Fast Charging,"Dual Sim, 5G, VoLTE, Wi-Fi","Dimensity 7300 Plus, Octa Core Processor","8 GB RAM, 128 GB inbuilt","6.8 inches, 1280 x 2800 px, 144 Hz Display with Punch Hole",50 MP + 8 MP Dual Rear & 50 MP Front Camera,Android v15,No FM Radio
Google Pixel 9,"₹69,490",4.15;,4700 mAh Battery with 27W Fast Charging,"Dual Sim, 5G, VoLTE, Vo5G, NFC, eSIM, Wi-Fi","Tensor G4, Octa Core, 3.1 GHz Processor","12 GB RAM, 256 GB inbuilt","6.3 inches, 1080 x 2424 px, 120 Hz Display with Punch Hole",50 MP + 48 MP Dual Rear & 10.5 MP Front Camera,Android v14,No FM Radio
OnePlus 12 5G,"₹51,605",4.45;,5400 mAh Battery with 100W Fast Charging,"Dual Sim, 5G, VoLTE, Vo5G, NFC, eSIM, Wi-Fi, IR Blaster","Snapdragon 8 Gen3, Octa Core, 3.3 GHz Processor","12 GB RAM, 256 GB inbuilt","6.82 inches, 1440 x 3168 px, 120 Hz Display with Punch Hole",64 MP + 50 MP + 48 MP Triple Rear & 32 MP Front Camera,Memory Card Not Supported,Android v14
Google Pixel 7A,"₹27,999",4.7;,4385 mAh Battery with 18W Fast Charging,"Dual Sim, 5G, VoLTE, NFC, Wi-Fi","Tensor G2, Octa Core, 2.85 GHz Processor","8 GB RAM, 128 GB inbuilt","6.1 inches, 1080 x 2400 px, 90 Hz Display with Punch Hole",64 MP + 13 MP Dual Rear & 13 MP Front Camera,Memory Card Not Supported,Android v13
Samsung Galaxy A54 5G,"₹29,999",4.55;,5000 mAh Battery with 25W Fast Charging,"Dual Sim, 5G, VoLTE, NFC, Wi-Fi","Exynos 1380, Octa Core, 2.4 GHz Processor","8 GB RAM, 128 GB inbuilt","6.4 inches, 1080 x 2340 px, 120 Hz Display with Punch Hole",50 MP + 12 MP + 5 MP Triple Rear & 32 MP Front Camera,"Memory Card (Hybrid), upto 1 TB",Android v13
Ai+ Nova 2 Neo,"₹14,999",4.75;,6000 mAh Battery with Fast Charging,"Dual Sim, 5G, VoLTE, Wi-Fi","Dimensity 6300, Octa Core, 2.4 GHz Processor","4 GB RAM, 128 GB inbuilt","6.75 inches, 720 x 1600 px, 120 Hz Display with Water Drop Notch",48 MP Rear & 8 MP Front Camera,"Memory Card Supported, upto 2 TB",Android v16
Nothing Phone 4a (12GB RAM + 256GB),"₹39,624",4.05;,5400 mAh Battery with 50W Fast Charging,"Dual Sim, 5G, VoLTE, Wi-Fi","Snapdragon 7s Gen4, Octa Core, 2.7 GHz Processor","12 GB RAM, 256 GB inbuilt","6.78 inches, 1224 x 2720 px, 120 Hz Display with Punch Hole",50 MP + 50 MP + 8 MP Triple Rear & 32 MP Front Camera,Android v16,No FM Radio
Realme C83 5G,"₹16,499",4.2;,7000 mAh Battery with 15W Fast Charging,"Dual Sim, 5G, VoLTE, Wi-Fi","Dimensity 6300, Octa Core, 2.4 GHz Processor","4 GB RAM, 64 GB inbuilt","6.8 inches, 720 x 1570 px, 144 Hz Display with Punch Hole",13 MP Rear & 5 MP Front Camera,"Memory Card (Hybrid), upto 2 TB",Android v16
OPPO A6x 5G (6GB RAM + 128GB),"₹22,999",4.25;,6500 mAh Battery with 45W Fast Charging,"Dual Sim, 5G, VoLTE, Wi-Fi","Dimensity 6300, Octa Core, 2.4 GHz Processor","6 GB RAM, 128 GB inbuilt","6.75 inches, 720 x 1570 px, 120 Hz Display with Punch Hole",13 MP Rear & 5 MP Front Camera,Memory Card (Hybrid),Android v15
Samsung Galaxy M17 5G (8GB RAM + 128GB),"₹21,999",4.3;,5000 mAh Battery with 25W Fast Charging,"Dual Sim, 5G, VoLTE, NFC, Wi-Fi","Exynos 1330, Octa Core, 2.4 GHz Processor","8 GB RAM, 128 GB inbuilt","6.7 inches, 1080 x 2340 px, 90 Hz Display with Water Drop Notch",50 MP + 5 MP + 2 MP Triple Rear & 13 MP Front Camera,"Memory Card (Hybrid), upto 2 TB",Android v15
Samsung Galaxy F17 5G (6GB RAM + 128GB),"₹19,399",4.65;,5000 mAh Battery with 25W Fast Charging,"Dual Sim, 5G, VoLTE, NFC, Wi-Fi","Exynos 1330, Octa Core, 2.4 GHz Processor","6 GB RAM, 128 GB inbuilt","6.7 inches, 1080 x 2340 px, 90 Hz Display with Water Drop Notch",50 MP + 5 MP + 2 MP Triple Rear & 13 MP Front Camera,"Memory Card (Hybrid), upto 2 TB",Android v15
Xiaomi Redmi 15 5G (8GB RAM + 256GB),"₹25,499",4.1;,7000 mAh Battery with 33W Fast Charging,"Dual Sim, 5G, VoLTE, Wi-Fi, IR Blaster","Snapdragon 6s Gen3, Octa Core, 2.3 GHz Processor","8 GB RAM, 256 GB inbuilt","6.9 inches, 1080 x 2340 px, 144 Hz Display with Punch Hole",50 MP Dual Rear & 8 MP Front Camera,"Memory Card (Hybrid), upto 1 TB",Android v15
iQOO Z10R (8GB RAM + 256GB),"₹32,999",4.25;,5700 mAh Battery with 44W Fast Charging,"Dual Sim, 5G, VoLTE, Vo5G, Wi-Fi","Dimensity 7400, Octa Core, 2.6 GHz Processor","8 GB RAM, 256 GB inbuilt","6.77 inches, 1080 x 2392 px, 120 Hz Display with Punch Hole",50 MP + 2 MP Dual Rear & 32 MP Front Camera,Memory Card Not Supported,Android v15
Samsung Galaxy M36 5G (8GB RAM + 128GB),"₹21,795",4.2;,5000 mAh Battery with 25W Fast Charging,"Dual Sim, 5G, VoLTE, Wi-Fi","Exynos 1380, Octa Core, 2.4 GHz Processor","8 GB RAM, 128 GB inbuilt","6.7 inches, 1080 x 2340 px, 120 Hz Display with Punch Hole",50 MP + 8 MP + 2 MP Triple Rear & 13 MP Front Camera,Memory Card (Hybrid),Android v15
OnePlus 13 (16GB RAM+ 512GB),"₹73,999",4.25;,6000 mAh Battery with 100W Fast Charging,"Dual Sim, 5G, VoLTE, Vo5G, NFC, eSIM, Wi-Fi, IR Blaster","Snapdragon 8 Elite, Octa Core, 4.32 GHz Processor","16 GB RAM, 512 GB inbuilt","6.82 inches, 1440 x 3168 px, 120 Hz Display with Punch Hole",50 MP + 50 MP + 50 MP Triple Rear & 32 MP Front Camera,Memory Card Not Supported,Android v15
Xiaomi Redmi 13 5G (8GB RAM + 128GB),"₹19,945",4.75;,5030 mAh Battery with 33W Fast Charging,"Dual Sim, 5G, VoLTE, Wi-Fi, IR Blaster","Snapdragon 4 Gen 2 AE, Octa Core, 2.3 GHz Processor","8 GB RAM, 128 GB inbuilt","6.79 inches, 1080 x 2460 px, 120 Hz Display with Punch Hole",108 MP + Macro Dual Rear & 13 MP Front Camera,"Memory Card (Hybrid), upto 1 TB",Android v14
Motorola Edge 50 Pro (12GB RAM + 256GB),"₹29,999",4.4;,4500 mAh Battery with 125W Fast Charging,"Dual Sim, 5G, VoLTE, Vo5G, NFC, Wi-Fi","Snapdragon 7 Gen3, Octa Core, 2.63 GHz Processor","12 GB RAM, 256 GB inbuilt","6.7 inches, 1220 x 2712 px, 144 Hz Display with Punch Hole",50 MP + 13 MP + 10 MP Triple Rear & 50 MP Front Camera,Android v14,No FM Radio
Poco X6 Pro 5G,"₹27,999",4.5;,5000 mAh Battery with 67W Fast Charging,"Dual Sim, 5G, VoLTE, NFC, Wi-Fi, IR Blaster","Dimensity 8300 Ultra, Octa Core, 3.35 GHz Processor","8 GB RAM, 256 GB inbuilt","6.67 inches, 1220 x 2712 px, 120 Hz Display with Punch Hole",64 MP + 8 MP + 2 MP Triple Rear & 16 MP Front Camera,Android v14,No FM Radio
Tecno Pova 8 5G,"₹29,999",4.55;,8000 mAh Battery with Fast Charging,"Dual Sim, 5G, VoLTE, NFC, Wi-Fi, IR Blaster","Dimensity 7100, Octa Core, 2.4 GHz Processor","6 GB RAM, 128 GB inbuilt","6.76 inches, 1080 x 2344 px, 144 Hz Display with Punch Hole",50 MP Dual Rear & 13 MP Front Camera,"Memory Card (Hybrid), upto 1 TB",Android v16
Lava Shark 2 5G,"₹11,999",4.6;,6000 mAh Battery with 18W Fast Charging,"Dual Sim, 5G, VoLTE, Wi-Fi","Unisoc T8200, Octa Core Processor","4 GB RAM, 64 GB inbuilt","6.75 inches, 720 x 1600 px, 120 Hz Display with Punch Hole",13 MP Dual Rear & 5 MP Front Camera,"Memory Card Supported, upto 1 TB",Android v16
Vivo Y21 5G (6GB RAM + 128GB),"₹23,989",4;,6500 mAh Battery with 44W Fast Charging,"Dual Sim, 5G, VoLTE, NFC, Wi-Fi, IR Blaster","Dimensity 6300, Octa Core, 2.4 GHz Processor","6 GB RAM, 128 GB inbuilt","6.74 inches, 720 x 1600 px, 120 Hz Display with Water Drop Notch",50 MP + 0.08 MP Dual Rear & 5 MP Front Camera,Memory Card Supported,Android v16
Motorola Moto A300 2026,"₹1,329",4.1;,"4 MB RAM, 32 MB inbuilt",Dual Sim,No Wifi,1.5 MHz Processor,1000 mAh Battery,"2 inches, 240 x 320 px Display",Main Rear Camera,"Memory Card (Hybrid), upto 64 GB"
Wobble One 5G (12GB RAM + 256GB),"₹29,999",4.15;,5000 mAh Battery with 33W Fast Charging,"Dual Sim, 5G, VoLTE, Wi-Fi","Dimensity 7400, Octa Core, 2.6 GHz Processor","12 GB RAM, 256 GB inbuilt","6.67 inches, 1080 x 1920 px, 120 Hz Display with Punch Hole",50 MP + 8 MP + 2 MP Triple Rear & 50 MP Front Camera,Android v15,No FM Radio
Xiaomi Redmi 15A 5G (6GB RAM + 128GB),"₹18,400",4.75;,6300 mAh Battery with 33W Fast Charging,"Dual Sim, 5G, VoLTE, Wi-Fi, IR Blaster","Unisoc T8300, Octa Core, 2.2 GHz Processor","6 GB RAM, 128 GB inbuilt","6.9 inches, 720 x 1600 px, 120 Hz Display with Punch Hole",32 MP Rear & 8 MP Front Camera,"Memory Card (Hybrid), upto 1 TB",Android v16
Ai+ Nova 2 5G (4GB RAM + 128GB),"₹12,999",4.4;,6000 mAh Battery with 18W Fast Charging,"Dual Sim, 5G, VoLTE, Wi-Fi","Unisoc T8200, Octa Core, 2.3 GHz Processor","4 GB RAM, 128 GB inbuilt","6.74 inches, 720 x 1600 px, 120 Hz Display with Punch Hole",50 MP Rear & 8 MP Front Camera,"Memory Card Supported, upto 1 TB",Android v16
Samsung Galaxy A37 5G (8GB RAM + 256 GB),"₹38,490",4.45;,5000 mAh Battery with 45W Fast Charging,"Dual Sim, 5G, VoLTE, NFC, Wi-Fi","Exynos 1480, Octa Core, 2.7 GHz Processor","8 GB RAM, 256 GB inbuilt","6.7 inches, 1080 x 2340 px, 120 Hz Display with Punch Hole",50 MP + 8 MP + 5 MP Triple Rear & 12 MP Front Camera,Memory Card Not Supported,Android v16
Nothing Phone (4a) Pro (8GB RAM + 256GB),"₹47,099",4.3;,5400 mAh Battery with 50W Fast Charging,"Dual Sim, 5G, VoLTE, NFC, Wi-Fi","Snapdragon 7 Gen 4, Octa Core, 2.8 GHz Processor","8 GB RAM, 256 GB inbuilt","6.83 inches, 1260 x 2800 px, 144 Hz Display with Punch Hole",50 MP + 50 MP + 8 MP Triple Rear & 32 MP Front Camera,Memory Card Not Supported,Android v16
Nothing Phone (4a) Pro (12GB RAM + 256GB),"₹52,931",4.1;,5400 mAh Battery with 50W Fast Charging,"Dual Sim, 5G, VoLTE, NFC, Wi-Fi","Snapdragon 7 Gen 4, Octa Core, 2.8 GHz Processor","12 GB RAM, 256 GB inbuilt","6.83 inches, 1260 x 2800 px, 144 Hz Display with Punch Hole",50 MP + 50 MP + 8 MP Triple Rear & 32 MP Front Camera,Memory Card Not Supported,Android v16
Realme 16 Pro Plus 5G,"₹46,999",4.1;,7000 mAh Battery with 80W Fast Charging,"Dual Sim, 5G, VoLTE, NFC, Wi-Fi, IR Blaster","Snapdragon 7 Gen4, Octa Core, 2.8 GHz Processor","8 GB RAM, 128 GB inbuilt","6.8 inches, 1280 x 2800 px, 144 Hz Display with Punch Hole",200 MP + 50 MP + 8 MP Triple Rear & 50 MP Front Camera,Android v16,No FM Radio
Oppo F31 Pro 5G (12GB RAM + 256GB),"₹29,999",4.45;,7000 mAh Battery with 80W Fast Charging,"Dual Sim, 5G, VoLTE, Wi-Fi","Dimensity 7300 Energy, Octa Core, 2.5 GHz Processor","12 GB RAM, 256 GB inbuilt","6.57 inches, 1080 x 2372 px, 120 Hz Display with Punch Hole",50 MP + 2 MP Dual Rear & 32 MP Front Camera,Android v15,No FM Radio
Apple iPhone 17 Pro Max (2TB),"₹2,27,900",4;,4832 mAh Battery with Fast Charging,"Dual Sim, 5G, VoLTE, NFC, eSIM, Wi-Fi","Apple A19 Pro, Hexa Core Processor","12 GB RAM, 2 TB inbuilt","6.9 inches, 1320 x 2868 px, 120 Hz Display with Dynamic Island",48 MP + 48 MP + 48 MP Triple Rear & 18 MP Front Camera,Memory Card Not Supported,iOS v26
Samsung Galaxy Z Fold 7,"₹1,74,999",4.4;,4400 mAh Battery with 25W Fast Charging,"Dual Sim, 5G, VoLTE, Vo5G, NFC, eSIM, Wi-Fi","Snapdragon 8 Elite for Galaxy, Octa Core, 4.47 GHz Processor","12 GB RAM, 256 GB inbuilt","8 inches, 1968 x 2184 px, 120 Hz Display with Punch Hole","Foldable Display, Dual Display",200 MP + 12 MP + 10 MP Triple Rear & 10 MP + 10 MP Dual Front Camera,Android v16
OPPO Reno 14 5G (12GB RAM + 256GB),"₹44,999",4.25;,6000 mAh Battery with 80W Fast Charging,"Dual Sim, 5G, VoLTE, Wi-Fi, IR Blaster","Dimensity 8350, Octa Core, 3.35 GHz Processor","12 GB RAM, 256 GB inbuilt","6.59 inches, 1256 x 2760 px, 120 Hz Display with Punch Hole",50 MP + 50 MP + 8 MP Triple Rear & 50 MP Front Camera,Android v15,No FM Radio
Infinix GT 30 Pro 5G (12GB RAM + 256GB),"₹32,999",4.05;,5500 mAh Battery with 45W Fast Charging,"Dual Sim, 5G, VoLTE, NFC, Wi-Fi, IR Blaster","Dimensity 8350 Ultimate, Octa Core, 3.35 GHz Processor","12 GB RAM, 256 GB inbuilt","6.78 inches, 1224 x 2720 px, 144 Hz Display with Punch Hole",108 MP + 8 MP Dual Rear & 13 MP Front Camera,Android v15,Bluetooth
Samsung Galaxy S24 FE (256GB),"₹45,999",4.35;,4700 mAh Battery with 25W Fast Charging,"Dual Sim, 5G, VoLTE, Vo5G, NFC, eSIM, Wi-Fi","Exynos 2400e, Deca Core, 3.11 GHz Processor","8 GB RAM, 256 GB inbuilt","6.7 inches, 1080 x 2340 px, 120 Hz Display with Punch Hole",50 MP + 12 MP + 8 MP Triple Rear & 10 MP Front Camera,Memory Card Not Supported,Android v14
Oppo F27 Pro Plus 5G,"₹33,990",4.65;,5000 mAh Battery with 67W Fast Charging,"Dual Sim, 5G, VoLTE, Wi-Fi","Dimensity 7050, Octa Core, 2.6 GHz Processor","8 GB RAM, 256 GB inbuilt","6.7 inches, 1080 x 2412 px, 120 Hz Display with Punch Hole",64 MP + 2 MP Dual Rear & 8 MP Front Camera,Android v14,No FM Radio
Infinix Note 30 5G (8GB RAM + 256GB),"₹15,999",4.25;,5000 mAh Battery with 45W Fast Charging,"Dual Sim, 5G, VoLTE, NFC, Wi-Fi","Dimensity 6080, Octa Core, 2.4 GHz Processor","8 GB RAM, 256 GB inbuilt","6.78 inches, 1080 x 2460 px, 120 Hz Display with Punch Hole",108 MP + 2 MP Triple Rear & 16 MP Front Camera,"Memory Card Supported, upto 2 TB",Android v13
Samsung Galaxy S23 5G,"₹72,999",4.2;,3900 mAh Battery with 25W Fast Charging,"Dual Sim, 5G, VoLTE, Vo5G, NFC, Wi-Fi","Snapdragon 8 Gen 2, Octa Core, 3.36 GHz Processor","8 GB RAM, 128 GB inbuilt","6.1 inches, 1080 x 2340 px, 120 Hz Display with Punch Hole",50 MP + 12 MP + 10 MP Triple Rear & 12 MP Front Camera,Android v13,No FM Radio
Nokia 2660 Flip,"₹4,999",4.25;,"48 MB RAM, 128 MB inbuilt","Dual Sim, 4G",No Wifi,Unisoc T107,1450 mAh Battery,"2.8 inches, 240 x 320 px Display",Dual Display,0.3 MP Rear Camera
OPPO Reno 16C 5G (8GB RAM + 256GB),"₹49,999",4.2;,7000 mAh Battery with 80W Fast Charging,"Dual Sim, 5G, VoLTE, Vo5G, Wi-Fi","Dimensity 7300 Energy, Octa Core, 2.5 GHz Processor","8 GB RAM, 256 GB inbuilt","6.57 inches, 2372 x 1080 px, 120 Hz Display with Punch Hole",50 MP + 50 MP + 8 MP Triple Rear & 50 MP Front Camera,Memory Card (Hybrid),Android v16
OnePlus Nord CE 6 Lite 5G (8GB RAM + 128GB),"₹27,999",4.45;,7000 mAh Battery with 45W Fast Charging,"Dual Sim, 5G, VoLTE, Wi-Fi, IR Blaster","Dimensity 7400 Apex, Octa Core, 2.6 GHz Processor","8 GB RAM, 128 GB inbuilt","6.72 inches, 1080 x 2400 px, 144 Hz Display with Punch Hole",50 MP + 2 MP Dual Rear & 8 MP Front Camera,"Memory Card (Hybrid), upto 2 TB",Android v16
OPPO F33 Pro 5G,"₹36,990",4.75;,7000 mAh Battery with 80W Fast Charging,"Dual Sim, 5G, VoLTE, Wi-Fi, IR Blaster","Dimensity 6360 MAX, Octa Core, 2.4 GHz Processor","8 GB RAM, 128 GB inbuilt","6.57 inches, 1080 x 2372 px, 120 Hz Display with Punch Hole",50 MP + 2 MP Dual Rear & 50 MP Front Camera,Memory Card (Hybrid),Android v16
Xiaomi Redmi Note 15 SE 5G (8GB RAM + 256GB),"₹27,999",4.35;,5800 mAh Battery with 45W Fast Charging,"Dual Sim, 5G, VoLTE, Wi-Fi, IR Blaster","Snapdragon 6 Gen3, Octa Core, 2.4 GHz Processor","8 GB RAM, 256 GB inbuilt","6.77 inches, 2392 x 1080 px, 120 Hz Display with Punch Hole",50 MP + 2 MP Dual Rear & 20 MP Front Camera,"Memory Card (Hybrid), upto 1 TB",Android v15
Tecno Spark 50 5G,"₹18,820",4.55;,6500 mAh Battery with 45W Fast Charging,"Dual Sim, 5G, VoLTE, Wi-Fi, IR Blaster","Dimensity 6400, Octa Core, 2.5 GHz Processor","4 GB RAM, 128 GB inbuilt","6.78 inches, 720 x 1576 px, 120 Hz Display with Punch Hole",50 MP Rear & 8 MP Front Camera,Memory Card Supported,Android v16
Poco X8 Pro Iron Man Edition,"₹41,999",4.4;,6500 mAh Battery with 100W Fast Charging,"Dual Sim, 5G, VoLTE, Wi-Fi, IR Blaster","Dimensity 8500 Ultra, Octa Core, 3.4 GHz Processor","12 GB RAM, 256 GB inbuilt","6.59 inches, 2756 x 1268 px, 120 Hz Display with Punch Hole",50 MP + 8 MP Dual Rear & 20 MP Front Camera,Android v16,No FM Radio
OPPO K14 5G (8GB RAM + 256GB),"₹27,899",4.15;,7000 mAh Battery with 45W Fast Charging,"Dual Sim, 5G, VoLTE, NFC, Wi-Fi, IR Blaster","Dimensity 6300, Octa Core, 2.4 GHz Processor","8 GB RAM, 256 GB inbuilt","6.75 inches, 720 x 1570 px, 120 Hz Display with Punch Hole",50 MP + 2 MP Dual Rear & 8 MP Front Camera,Memory Card (Hybrid),Android v15
Samsung Galaxy S26 Ultra (12GB RAM + 512GB),"₹1,59,999",4.6;,5000 mAh Battery with 60W Fast Charging,"Dual Sim, 5G, VoLTE, Vo5G, NFC, eSIM, Wi-Fi","Snapdragon 8 Elite Gen 5 for Galaxy, Octa Core, 4.74 GHz Processor","12 GB RAM, 512 GB inbuilt","6.9 inches, 1440 x 3120 px, 120 Hz Display with Punch Hole",200 MP Quad Rear & 12 MP Front Camera,Memory Card Not Supported,Android v16
Motorola Moto G06 Power,"₹12,723",4.3;,7000 mAh Battery,"Dual Sim, 4G, Wi-Fi","Helio G81, Octa Core, 2 GHz Processor","4 GB RAM, 64 GB inbuilt","6.88 inches, 720 x 1640 px, 120 Hz Display with Water Drop Notch",50 MP Rear & 8 MP Front Camera,"Memory Card (Hybrid), upto 1 TB",Android v15
Realme 15x 5G (8GB RAM + 256GB),"₹27,999",4.45;,7000 mAh Battery with 60W Fast Charging,"Dual Sim, 5G, VoLTE, Wi-Fi","Dimensity 6300, Octa Core, 2.4 GHz Processor","8 GB RAM, 256 GB inbuilt","6.81 inches, 720 x 1570 px, 144 Hz Display with Punch Hole",50 MP + 2 MP Dual Rear & 50 MP Front Camera,Memory Card (Hybrid),Android v15
Samsung Galaxy A07 4G,"₹10,999",4;,5000 mAh Battery with 25W Fast Charging,"Dual Sim, 4G, Wi-Fi","Helio G99, Octa Core, 2.2 GHz Processor","4 GB RAM, 64 GB inbuilt","6.7 inches, 720 x 1600 px, 90 Hz Display with Water Drop Notch",50 MP + 2 MP Dual Rear & 8 MP Front Camera,Memory Card Supported,Android v15
Vivo Y31 Pro 5G (8GB RAM + 256GB),"₹25,499",4.75;,6500 mAh Battery with 44W Fast Charging,"Dual Sim, 5G, VoLTE, Wi-Fi, IR Blaster","Dimensity 7300, Octa Core Processor","8 GB RAM, 256 GB inbuilt","6.72 inches, 1080 x 2408 px, 120 Hz Display with Punch Hole",50 MP + 2 MP Dual Rear & 8 MP Front Camera,Android v15,No FM Radio
Apple iPhone 17 Pro Max (512GB),"₹1,63,490",4.4;,4832 mAh Battery with Fast Charging,"Dual Sim, 5G, VoLTE, NFC, eSIM, Wi-Fi","Apple A19 Pro, Hexa Core Processor","12 GB RAM, 512 GB inbuilt","6.9 inches, 1320 x 2868 px, 120 Hz Display with Dynamic Island",48 MP + 48 MP + 48 MP Triple Rear & 18 MP Front Camera,Memory Card Not Supported,iOS v26
itel Super Guru 4G Max,"₹2,369",4.1;,3 inches Display,"Dual Sim, 4G, VoLTE",64 MB RAM,2000 mAh Battery,0.3 MP Rear Camera,Memory Card Supported,No FM Radio,Bluetooth
OnePlus 13s (12GB RAM + 512GB),"₹59,999",4.4;,5850 mAh Battery with 80W Fast Charging,"Dual Sim, 5G, VoLTE, Vo5G, NFC, Wi-Fi, IR Blaster","Snapdragon 8 Elite, Octa Core, 4.32 GHz Processor","12 GB RAM, 512 GB inbuilt","6.32 inches, 1216 x 2640 px, 120 Hz Display with Punch Hole",50 MP + 50 MP Dual Rear & 32 MP Front Camera,Memory Card Not Supported,Android v15
Realme 14 Pro Plus (12GB RAM + 256GB),"₹34,999",4.65;,6000 mAh Battery with 80W Fast Charging,"Dual Sim, 5G, VoLTE, Wi-Fi","Snapdragon 7s Gen3, Octa Core, 2.5 GHz Processor","12 GB RAM, 256 GB inbuilt","6.83 inches, 1272 x 2800 px, 120 Hz Display with Punch Hole",50 MP + 50 MP + 8 MP Triple Rear & 32 MP Front Camera,Memory Card Not Supported,Android v15
Vivo V40 Pro,"₹49,999",4.1;,5500 mAh Battery with 80W Fast Charging,"Dual Sim, 5G, VoLTE, Wi-Fi","Dimensity 9200 Plus, Octa Core, 3.35 GHz Processor","8 GB RAM, 256 GB inbuilt","6.78 inches, 1260 x 2800 px, 120 Hz Display with Punch Hole",50 MP + 50 MP + 50 MP Triple Rear & 50 MP Front Camera,Memory Card Not Supported,Android v14
Nokia 235 4G 2024,"₹3,999",4.1;,"64 MB RAM, 128 MB inbuilt","Dual Sim, 4G, VoLTE",No Wifi,"Unisoc T107, 1 GHz Processor",1450 mAh Battery,"2.8 inches, 240 x 320 px Display",2 MP Rear Camera,Memory Card Supported
Google Pixel 6A,"₹22,999",4.3;,4410 mAh Battery with Fast Charging,"Dual Sim, 5G, VoLTE, NFC, eSIM, Wi-Fi","Tensor , Octa Core Processor","6 GB RAM, 128 GB inbuilt","6.14 inches, 1080 x 2400 px Display with Punch Hole",12.2 MP + 12 MP Dual Rear & 8 MP Front Camera,Memory Card Not Supported,Android v12
Samsung Galaxy S22 Ultra 5G,"₹72,999",4.6;,5000 mAh Battery with 45W Fast Charging,"Dual Sim, 5G, VoLTE, Vo5G, NFC, Wi-Fi","Snapdragon 8 Gen1, Octa Core, 3 GHz Processor","12 GB RAM, 256 GB inbuilt","6.8 inches, 1440 x 3080 px, 120 Hz Display with Punch Hole",108 MP Quad Rear & 40 MP Front Camera,Android v12,Bluetooth
Samsung Galaxy S21 FE 5G,"₹39,999",4.7;,4500 mAh Battery with 25W Fast Charging,"Dual Sim, 5G, VoLTE, NFC, Wi-Fi","Exynos 2100, Octa Core, 2.9 GHz Processor","8 GB RAM, 128 GB inbuilt","6.4 inches, 1080 x 2340 px, 120 Hz Display with Punch Hole",12 MP + 12 MP + 8 MP Triple Rear & 32 MP Front Camera,Memory Card Not Supported,Android v12
Samsung Galaxy A27 (8GB RAM + 128GB),"₹34,490",4.45;,5000 mAh Battery with 25W Fast Charging,"Dual Sim, 5G, VoLTE, NFC, Wi-Fi","Snapdragon 6 Gen3, Octa Core, 2.4 GHz Processor","8 GB RAM, 128 GB inbuilt","6.7 inches, 1080 x 2340 px, 120 Hz Display with Punch Hole",50 MP + 5 MP + 2 MP Triple Rear & 12 MP Front Camera,"Memory Card (Hybrid), upto 2 TB",Android v16
OnePlus 15R (16GB RAM + 512GB),"₹66,999",4.45;,7400 mAh Battery with 80W Fast Charging,"Dual Sim, 5G, VoLTE, Vo5G, NFC, Wi-Fi, IR Blaster","Snapdragon 8 Gen5, Octa Core, 3.8 GHz Processor","16 GB RAM, 512 GB inbuilt","6.83 inches, 1272 x 2800 px, 165 Hz Display with Punch Hole",50 MP + 8 MP Dual Rear & 32 MP Front Camera,Memory Card Not Supported,Android v16
Realme Narzo 100 Lite,"₹15,499",4.1;,7000 mAh Battery with 15W Fast Charging,"Dual Sim, 5G, VoLTE, Wi-Fi","Dimensity 6300, Octa Core, 2.4 GHz Processor","4 GB RAM, 64 GB inbuilt","6.8 inches, 720 x 1570 px, 144 Hz Display with Water Drop Notch",13 MP Dual Rear & 5 MP Front Camera,"Memory Card (Hybrid), upto 2 TB",Android v16
Vivo Y21 5G (8GB RAM + 128GB),"₹22,999",4.05;,6500 mAh Battery with 44W Fast Charging,"Dual Sim, 5G, VoLTE, NFC, Wi-Fi, IR Blaster","Dimensity 6300, Octa Core, 2.4 GHz Processor","8 GB RAM, 128 GB inbuilt","6.74 inches, 720 x 1600 px, 120 Hz Display with Water Drop Notch",50 MP + 0.08 MP Dual Rear & 5 MP Front Camera,Memory Card Supported,Android v16
Vivo Y11 5G (4GB RAM + 128GB),"₹18,989",4.75;,6500 mAh Battery with 15W Fast Charging,"Dual Sim, 5G, VoLTE, Wi-Fi, IR Blaster","Dimensity 6300, Octa Core, 2.4 GHz Processor","4 GB RAM, 128 GB inbuilt","6.74 inches, 720 x 1600 px, 120 Hz Display with Water Drop Notch",13 MP + 0.08 MP Dual Rear & 5 MP Front Camera,"Memory Card (Hybrid), upto 2 TB",Android v16
Poco X8 Pro 5G (12GB RAM + 256GB),"₹39,999",4.25;,6500 mAh Battery with 100W Fast Charging,"Dual Sim, 5G, VoLTE, Wi-Fi, IR Blaster","Dimensity 8500 Ultra, Octa Core, 3.4 GHz Processor","12 GB RAM, 256 GB inbuilt","6.59 inches, 2756 x 1268 px, 120 Hz Display with Punch Hole",50 MP + 8 MP Dual Rear & 20 MP Front Camera,Android v16,No FM Radio
Oppo A6 5G (6GB RAM + 128GB),"₹25,719",4.5;,7000 mAh Battery with 45W Fast Charging,"Dual Sim, 5G, NFC, Wi-Fi","Dimensity 6300, Octa Core, 2.4 GHz Processor","6 GB RAM, 128 GB inbuilt","6.75 inches, 720 x 1570 px, 120 Hz Display with Punch Hole",50 MP + 2 MP Dual Rear & 8 MP Front Camera,Memory Card Supported,Android v15
Oppo Reno 15 Pro Mini (12GB RAM + 512GB),"₹64,999",4.35;,6200 mAh Battery with 80W Fast Charging,"Dual Sim, 5G, VoLTE, Wi-Fi, IR Blaster","Dimensity 8450, Octa Core, 3.25 GHz Processor","12 GB RAM, 512 GB inbuilt","6.32 inches, 1216 x 2640 px, 120 Hz Display with Punch Hole",200 MP + 50 MP + 50 MP Triple Rear & 50 MP Front Camera,Android v16,No FM Radio
Samsung Galaxy F07,"₹10,599",4.5;,5000 mAh Battery with 25W Fast Charging,"Dual Sim, 4G, Wi-Fi","Helio G99, Octa Core, 2.2 GHz Processor","4 GB RAM, 64 GB inbuilt","6.7 inches, 720 x 1600 px Display with Water Drop Notch",50 MP + 2 MP Dual Rear & 8 MP Front Camera,Memory Card Supported,Android v15
Poco M7 Plus 5G (8GB RAM + 128GB),"₹17,999",4.65;,7000 mAh Battery with 33W Fast Charging,"Dual Sim, 5G, VoLTE, Wi-Fi, IR Blaster","Snapdragon 6s Gen3, Octa Core, 2.3 GHz Processor","8 GB RAM, 128 GB inbuilt","6.9 inches, 1080 x 2340 px, 144 Hz Display with Punch Hole",50 MP Rear & 8 MP Front Camera,"Memory Card (Hybrid), upto 2 TB",Android v15
OPPO K13x 5G,"₹15,999",4.2;,6000 mAh Battery with 45W Fast Charging,"Dual Sim, 5G, VoLTE, Wi-Fi","Dimensity 6300, Octa Core, 2.4 GHz Processor","4 GB RAM, 128 GB inbuilt","6.67 inches, 720 x 1604 px, 120 Hz Display with Punch Hole",50 MP + 2 MP Dual Rear & 8 MP Front Camera,"Memory Card (Hybrid), upto 2 TB",Android v15
Motorola Razr 60 5G,"₹49,999",4.5;,4500 mAh Battery with 30W Fast Charging,"Dual Sim, 5G, VoLTE, NFC, eSIM, Wi-Fi","Dimensity 7400X, Octa Core, 2.6 GHz Processor","8 GB RAM, 256 GB inbuilt","6.9 inches, 1080 x 2640 px, 120 Hz Display with Punch Hole","Foldable Display, Dual Display",50 MP + 13 MP Dual Rear & 32 MP Front Camera,Memory Card Not Supported
Realme GT 7 (12GB RAM + 256GB),"₹42,999",4.7;,7000 mAh Battery with 120W Fast Charging,"Dual Sim, 5G, VoLTE, Vo5G, NFC, Wi-Fi, IR Blaster","Dimensity 9400e, Octa Core, 3.4 GHz Processor","12 GB RAM, 256 GB inbuilt","6.78 inches, 1264 x 2780 px, 120 Hz Display with Punch Hole",50 MP + 50 MP + 8 MP Triple Rear & 32 MP Front Camera,Memory Card Not Supported,Android v15
Oppo A5 Pro 5G (8GB RAM + 256GB),"₹20,999",4.65;,5800 mAh Battery with 45W Fast Charging,"Dual Sim, 5G, VoLTE, Wi-Fi","Dimensity 6300, Octa Core, 2.4 GHz Processor","8 GB RAM, 256 GB inbuilt","6.67 inches, 720 x 1604 px, 120 Hz Display with Punch Hole",50 MP + 2 MP Dual Rear & 8 MP Front Camera,Android v15,No FM Radio
POCO C71,"₹8,999",4;,5200 mAh Battery with 15W Fast Charging,"Dual Sim, 4G, VoLTE, Wi-Fi","Unisoc T7250, Octa Core, 1.8 GHz Processor","4 GB RAM, 64 GB inbuilt","6.88 inches, 720 x 1640 px, 120 Hz Display with Water Drop Notch",32 MP Dual Rear & 8 MP Front Camera,"Memory Card Supported, upto 2 TB",Android v15
Samsung Galaxy M06 5G,"₹13,999",4;,5000 mAh Battery with 25W Fast Charging,"Dual Sim, 5G, VoLTE, Wi-Fi","Dimensity 6300, Octa Core, 2.4 GHz Processor","4 GB RAM, 128 GB inbuilt","6.74 inches, 720 x 1600 px, 90 Hz Display with Water Drop Notch",50 MP + 2 MP Dual Rear & 8 MP Front Camera,"Memory Card (Hybrid), upto 1.5 TB",Android v15
Samsung Galaxy A06 5G (4GB RAM + 128GB),"₹12,999",4;,5000 mAh Battery with 25W Fast Charging,"Dual Sim, 5G, VoLTE, Wi-Fi","Dimensity 6300, Octa Core, 2.4 GHz Processor","4 GB RAM, 128 GB inbuilt","6.7 inches, 720 x 1600 px, 90 Hz Display with Water Drop Notch",50 MP + 2 MP Dual Rear & 8 MP Front Camera,"Memory Card Supported, upto 1 TB",Android v15
OPPO Reno 13 5G,"₹34,999",4.35;,5600 mAh Battery with 80W Fast Charging,"Dual Sim, 5G, VoLTE, NFC, Wi-Fi, IR Blaster","Dimensity 8350, Octa Core, 3.35 GHz Processor","8 GB RAM, 128 GB inbuilt","6.59 inches, 1256 x 2760 px, 120 Hz Display with Punch Hole",50 MP + 8 MP + 2 MP Triple Rear & 50 MP Front Camera,Android v15,No FM Radio
Motorola Moto G04s,"₹9,999",4.05;,5000 mAh Battery with 15W Fast Charging,"Dual Sim, 4G, VoLTE, Wi-Fi","Unisoc T606, Octa Core, 1.6 GHz Processor","4 GB RAM, 64 GB inbuilt","6.6 inches, 720 x 1612 px, 90 Hz Display with Punch Hole",50 MP Rear & 5 MP Front Camera,"Memory Card Supported, upto 1 TB",Android v14
Samsung Galaxy M15 5G,"₹15,999",4.15;,6000 mAh Battery with 25W Fast Charging,"Dual Sim, 5G, VoLTE, Wi-Fi","Dimensity 6100 Plus, Octa Core, 2.2 GHz Processor","4 GB RAM, 128 GB inbuilt","6.45 inches, 1080 x 2340 px, 90 Hz Display with Water Drop Notch",50 MP + 5 MP + 2 MP Triple Rear & 13 MP Front Camera,"Memory Card (Hybrid), upto 1 TB",Android v14
Samsung Galaxy A35 5G (8GB RAM + 256GB),"₹36,999",4.25;,5000 mAh Battery with 25W Fast Charging,"Dual Sim, 5G, VoLTE, NFC, Wi-Fi","Exynos 1380, Octa Core, 2.4 GHz Processor","8 GB RAM, 256 GB inbuilt","6.6 inches, 1080 x 2340 px, 120 Hz Display with Punch Hole",50 MP + 8 MP + 5 MP Triple Rear & 13 MP Front Camera,"Memory Card (Hybrid), upto 1 TB",Android v14
Lava Blaze Pro 5G,"₹12,998",4.5;,5000 mAh Battery with 33W Fast Charging,"Dual Sim, 5G, VoLTE, Wi-Fi","Dimensity 6020, Octa Core, 2.2 GHz Processor","8 GB RAM, 128 GB inbuilt","6.78 inches, 1080 x 2460 px, 120 Hz Display with Punch Hole",50 MP + Depth Sensor Dual Rear & 8 MP Front Camera,"Memory Card Supported, upto 1 TB",Android v13
Google Pixel 7 Pro 5G,"₹38,990",4.45;,5000 mAh Battery with 30W Fast Charging,"Dual Sim, 5G, VoLTE, NFC, Wi-Fi","Tensor G2, Octa Core, 2.85 GHz Processor","12 GB RAM, 128 GB inbuilt","6.7 inches, 1440 x 3120 px, 120 Hz Display with Punch Hole",50 MP + 48 MP + 12 MP Triple Rear & 10.8 MP Front Camera,Android v13,No FM Radio
Google Pixel 6,"₹25,499",4.55;,4614 mAh Battery with 30W Fast Charging,"Dual Sim, 5G, VoLTE, NFC, Wi-Fi","Tensor , Octa Core, 2.8 GHz Processor","8 GB RAM, 128 GB inbuilt","6.4 inches, 1080 x 2400 px, 90 Hz Display with Punch Hole",50 MP + 12 MP Dual Rear & 8 MP Front Camera,Android v12,No FM Radio
Realme GT 2 Pro 5G,"₹29,990",4.55;,5000 mAh Battery with 65W Fast Charging,"Dual Sim, 5G, VoLTE, NFC, Wi-Fi","Snapdragon 8 Gen1, Octa Core, 3 GHz Processor","8 GB RAM, 128 GB inbuilt","6.7 inches, 1440 x 3216 px, 120 Hz Display with Punch Hole",50 MP + 50 MP + 2 MP Triple Rear & 32 MP Front Camera,Android v12,Bluetooth
OnePlus 10 Pro 5G,"₹35,749",4.65;,5000 mAh Battery with 80W Fast Charging,"Dual Sim, 5G, VoLTE, NFC, Wi-Fi","Snapdragon 8 Gen1, Octa Core, 3 GHz Processor","8 GB RAM, 128 GB inbuilt","6.7 inches, 1440 x 3216 px, 120 Hz Display with Punch Hole",50 MP + 48 MP + 8 MP Triple Rear & 32 MP Front Camera,Android v12,No FM Radio
Motorola Moto G60,"₹17,999",4.5;,6000 mAh Battery with 20W Fast Charging,"Dual Sim, 4G, VoLTE, NFC, Wi-Fi","Snapdragon  732G, Octa Core, 2.3 GHz Processor","6 GB RAM, 128 GB inbuilt","6.78 inches, 1080 x 2460 px, 120 Hz Display with Punch Hole",108 MP + 8 MP + 2 MP Triple Rear & 32 MP Front Camera,"Memory Card (Hybrid), upto 1 TB",Android v11
Motorola Razr Fold,"₹1,49,999",4;,6000 mAh Battery with 80W Fast Charging,"Dual Sim, 5G, VoLTE, NFC, eSIM, Wi-Fi","Snapdragon 8 Gen5, Octa Core, 3.8 GHz Processor","12 GB RAM, 256 GB inbuilt","8.09 inches, 2232 x 2484 px, 120 Hz Display with Punch Hole","Foldable Display, Dual Display",50 MP + 50 MP + 50 MP Triple Rear & 32 MP + 20 MP Dual Front Camera,Memory Card Not Supported
Vivo Y05,"₹14,999",4.55;,6500 mAh Battery with 15W Fast Charging,"Dual Sim, 4G, VoLTE, Wi-Fi","Unisoc T7225, Octa Core, 2 GHz Processor","4 GB RAM, 64 GB inbuilt","6.74 inches, 720 x 1600 px, 120 Hz Display with Water Drop Notch",8 MP Rear & 5 MP Front Camera,"Memory Card Supported, upto 2 TB",Android v16
itel Zeno 100 Lite,"₹7,999",4.45;,5000 mAh Battery with Fast Charging,"Dual Sim, 4G, Wi-Fi, IR Blaster",Octa Core Processor,"2 GB RAM, 64 GB inbuilt","6.6 inches, 720 x 1612 px, 90 Hz Display with Water Drop Notch",8 MP Rear & 5 MP Front Camera,Memory Card Supported,Android v15
Oppo A6s 5G,"₹20,480",4.45;,6500 mAh Battery with 45W Fast Charging,"Dual Sim, 5G, Wi-Fi","Dimensity 6300, Octa Core, 2.4 GHz Processor","4 GB RAM, 128 GB inbuilt","6.75 inches, 720 x 1570 px, 120 Hz Display with Punch Hole",50 MP Dual Rear & 5 MP Front Camera,Memory Card (Hybrid),Android v15
iQOO Z11x 5G (8GB RAM + 128GB),"₹27,999",4.25;,7200 mAh Battery with 44W Fast Charging,"Dual Sim, 5G, VoLTE, Wi-Fi, IR Blaster","Dimensity 7400 Turbo, Octa Core, 2.6 GHz Processor","8 GB RAM, 128 GB inbuilt","6.76 inches, 1080 x 2344 px, 120 Hz Display with Punch Hole",50 MP + 2 MP Dual Rear & 32 MP Front Camera,Android v16,No FM Radio
Vivo Y51 Pro 5G (256GB),"₹30,499",4.05;,7200 mAh Battery with 44W Fast Charging,"Dual Sim, 5G, VoLTE, Wi-Fi, IR Blaster","Dimensity 7360 Turbo, Octa Core, 2.5 GHz Processor","8 GB RAM, 256 GB inbuilt","6.75 inches, 720 x 1570 px, 120 Hz Display with Punch Hole",50 MP + 2 MP Dual Rear & 8 MP Front Camera,Memory Card Not Supported,Android v16
Samsung Galaxy Z Fold 8 (16GB RAM + 1TB),"₹2,39,999",4;,4800 mAh Battery with 45W Fast Charging,"Dual Sim, 5G, VoLTE, Vo5G, NFC, eSIM, Wi-Fi","Snapdragon 8 Elite Gen 5, Octa Core, 4.74 GHz Processor","16 GB RAM, 1 TB inbuilt","7.6 inches, 1828 x 2448 px, 120 Hz Display with Punch Hole","Foldable Display, Dual Display",50 MP + 50 MP Dual Rear & 10 MP + 10 MP Dual Front Camera,Android v17
Samsung Galaxy Z Fold 8 Ultra (12GB RAM + 512GB),"₹2,19,999",4.15;,5000 mAh Battery with 45W Fast Charging,"Dual Sim, 5G, VoLTE, Vo5G, NFC, eSIM, Wi-Fi","Snapdragon 8 Elite Gen 5, Octa Core, 4.74 GHz Processor","12 GB RAM, 512 GB inbuilt","8 inches, 2256 x 2504 px, 120 Hz Display with Punch Hole","Foldable Display, Dual Display",200 MP + 50 MP + 10 MP Triple Rear & 10 MP + 10 MP Dual Front Camera,Android v17
iQOO 15R (12GB RAM + 512GB),"₹61,999",4.35;,7600 mAh Battery with 100W Fast Charging,"Dual Sim, 5G, VoLTE, NFC, Wi-Fi, IR Blaster","Snapdragon 8 Gen5, Octa Core, 3.8 GHz Processor","12 GB RAM, 512 GB inbuilt","6.59 inches, 1260 x 2750 px, 144 Hz Display with Punch Hole",50 MP + 8 MP Dual Rear & 32 MP Front Camera,Android v16,No FM Radio
Xiaomi Redmi Note 15 Pro Plus (12GB RAM + 512GB),"₹44,999",4.6;,6500 mAh Battery with 100W Fast Charging,"Dual Sim, 5G, VoLTE, NFC, eSIM, Wi-Fi, IR Blaster","Snapdragon 7s Gen4, Octa Core, 2.7 GHz Processor","12 GB RAM, 512 GB inbuilt","6.83 inches, 1280 x 2772 px, 120 Hz Display with Punch Hole",200 MP + 8 MP Dual Rear & 32 MP Front Camera,Memory Card Not Supported,Android v15
Vivo X300 (12GB RAM + 512GB),"₹81,999",4.2;,6040 mAh Battery with 90W Fast Charging,"Dual Sim, 5G, VoLTE, NFC, eSIM, Wi-Fi, IR Blaster","Dimensity 9500, Octa Core, 4.21 GHz Processor","12 GB RAM, 512 GB inbuilt","6.31 inches, 1216 x 2640 px, 120 Hz Display with Punch Hole",200 MP + 50 MP + 50 MP Triple Rear & 50 MP Front Camera,Memory Card Not Supported,Android v16
Motorola Moto G35 5G (8GB RAM + 128GB),"₹18,799",4.3;,5000 mAh Battery with 18W Fast Charging,"Dual Sim, 5G, VoLTE, Vo5G, Wi-Fi","Unisoc T760, Octa Core, 2.2 GHz Processor","8 GB RAM, 128 GB inbuilt","6.72 inches, 1080 x 2400 px, 120 Hz Display with Punch Hole",50 MP + 8 MP Dual Rear & 16 MP Front Camera,"Memory Card (Hybrid), upto 1 TB",Android v14
Realme 15x 5G (8GB RAM + 128GB),"₹25,999",4.55;,7000 mAh Battery with 60W Fast Charging,"Dual Sim, 5G, VoLTE, Wi-Fi","Dimensity 6300, Octa Core, 2.4 GHz Processor","8 GB RAM, 128 GB inbuilt","6.81 inches, 720 x 1570 px, 144 Hz Display with Punch Hole",50 MP + 2 MP Dual Rear & 50 MP Front Camera,Memory Card (Hybrid),Android v15
Samsung Galaxy S25 FE (8GB RAM + 512GB),"₹61,999",4.75;,4900 mAh Battery with 45W Fast Charging,"Dual Sim, 5G, VoLTE, Vo5G, NFC, eSIM, Wi-Fi","Exynos 2400, Deca Core, 3.2 GHz Processor","8 GB RAM, 512 GB inbuilt","6.7 inches, 1080 x 2340 px, 120 Hz Display with Punch Hole",50 MP + 12 MP + 8 MP Triple Rear & 12 MP Front Camera,Memory Card Not Supported,Android v16
Poco F7 5G (12GB RAM + 512GB),"₹44,999",4.6;,7550 mAh Battery with 90W Fast Charging,"Dual Sim, 5G, VoLTE, NFC, Wi-Fi, IR Blaster","Snapdragon 8s Gen4, Octa Core, 3.2 GHz Processor","12 GB RAM, 512 GB inbuilt","6.83 inches, 1280 x 2772 px, 120 Hz Display with Punch Hole",50 MP + 8 MP Dual Rear & 20 MP Front Camera,Memory Card Not Supported,Android v15
iQOO Z10 Lite,"₹18,999",4.6;,6000 mAh Battery with 15W Fast Charging,"Dual Sim, 5G, VoLTE, Wi-Fi","Dimensity 6300, Octa Core, 2.4 GHz Processor","4 GB RAM, 128 GB inbuilt","6.74 inches, 720 x 1600 px, 90 Hz Display",50 MP + 2 MP Dual Rear & 5 MP Front Camera,Android v15,Bluetooth
Alcatel V3 Ultra (8GB RAM + 128GB),"₹16,990",4.3;,5010 mAh Battery with 33W Fast Charging,"Dual Sim, 5G, VoLTE, NFC, eSIM, Wi-Fi","Dimensity 6300, Octa Core, 2.4 GHz Processor","8 GB RAM, 128 GB inbuilt","6.78 inches, 1080 x 2460 px, 120 Hz Display with Punch Hole",108 MP + 8 MP + 2 MP Triple Rear & 32 MP Front Camera,"Memory Card Supported, upto 2 TB",Android v14
itel A95 5G (6GB RAM + 128GB),"₹10,699",4.35;,5000 mAh Battery with 18W Fast Charging,"Dual Sim, 5G, VoLTE, Wi-Fi","Dimensity 6300, Octa Core, 2.4 GHz Processor","6 GB RAM, 128 GB inbuilt","6.67 inches, 720 x 1600 px, 120 Hz Display with Punch Hole",50 MP Dual Rear & 8 MP Front Camera,Memory Card Supported,Android v14
Realme P3 Ultra (12GB RAM + 256GB),"₹31,999",4.15;,6000 mAh Battery with 80W Fast Charging,"Dual Sim, 5G, VoLTE, Wi-Fi, IR Blaster","Dimensity 8350 Ultra, Octa Core, 3.35 GHz Processor","12 GB RAM, 256 GB inbuilt","6.83 inches, 1272 x 2800 px, 120 Hz Display with Punch Hole",50 MP + 8 MP Dual Rear & 16 MP Front Camera,Memory Card Not Supported,Android v15
Realme P3 Pro 5G (12GB RAM +256GB),"₹29,990",4.3;,6000 mAh Battery with 80W Fast Charging,"Dual Sim, 5G, VoLTE, Wi-Fi","Snapdragon 7s Gen3, Octa Core, 2.5 GHz Processor","12 GB RAM, 256 GB inbuilt","6.83 inches, 1272 x 2800 px, 120 Hz Display with Punch Hole",50 MP + 2 MP Dual Rear & 16 MP Front Camera,Android v15,No FM Radio
Realme P3 Pro 5G (8GB RAM +256GB),"₹30,590",4.45;,6000 mAh Battery with 80W Fast Charging,"Dual Sim, 5G, VoLTE, Wi-Fi","Snapdragon 7s Gen3, Octa Core, 2.5 GHz Processor","8 GB RAM, 256 GB inbuilt","6.83 inches, 1272 x 2800 px, 120 Hz Display with Punch Hole",50 MP + 2 MP Dual Rear & 16 MP Front Camera,Android v15,No FM Radio
Apple iPhone 16e,"₹56,490",4.55;,4005 mAh Battery with Fast Charging,"Dual Sim, 5G, VoLTE, NFC, eSIM, Wi-Fi","Bionic A18, Hexa Core, 4.04 GHz Processor","8 GB RAM, 128 GB inbuilt","6.1 inches, 1170 x 2532 px Display with Small Notch",48 MP Rear & 12 MP Front Camera,Memory Card Not Supported,iOS v18
Samsung Galaxy F06 5G,"₹14,199",4.05;,5000 mAh Battery with 25W Fast Charging,"Dual Sim, 5G, VoLTE, Wi-Fi","Dimensity 6300, Octa Core, 2.4 GHz Processor","4 GB RAM, 128 GB inbuilt","6.7 inches, 720 x 1600 px Display with Water Drop Notch",50 MP + 2 MP Dual Rear & 8 MP Front Camera,"Memory Card (Hybrid), upto 1 TB",Android v15
Samsung Galaxy S25 Ultra (12GB RAM + 1TB),"₹1,65,999",4.35;,5000 mAh Battery with 45W Fast Charging,"Dual Sim, 5G, VoLTE, Vo5G, NFC, eSIM, Wi-Fi","Snapdragon 8 Elite for Galaxy, Octa Core, 4.47 GHz Processor","12 GB RAM, 1 TB inbuilt","6.9 inches, 1440 x 3120 px, 120 Hz Display with Punch Hole",200 MP Quad Rear & 12 MP Front Camera,Memory Card Not Supported,Android v15
Jio Bharat V4 4G,₹899,4.4;,1000 mAh Battery,"Single Sim, 4G, VoLTE",No Wifi,"512 MB RAM, 4 GB inbuilt","1.77 inches, 240 x 320 px Display",0.3 MP Rear Camera,"Memory Card Supported, upto 128 GB",Bluetooth
Google Pixel 9 Pro,"₹88,990",4.45;,4700 mAh Battery with 27W Fast Charging,"Dual Sim, 5G, VoLTE, Vo5G, NFC, Wi-Fi","Tensor G4, Octa Core, 3.1 GHz Processor","16 GB RAM, 256 GB inbuilt","6.3 inches, 1280 x 2856 px, 120 Hz Display with Punch Hole",50 MP + 48 MP + 48 MP Triple Rear & 42 MP Front Camera,Android v14,No FM Radio
Samsung Galaxy M35 5G,"₹24,318",4.3;,6000 mAh Battery with 25W Fast Charging,"Dual Sim, 5G, VoLTE, NFC, Wi-Fi","Exynos 1380, Octa Core, 2.4 GHz Processor","6 GB RAM, 128 GB inbuilt","6.6 inches, 1080 x 2340 px, 120 Hz Display with Punch Hole",50 MP + 8 MP + 2 MP Triple Rear & 13 MP Front Camera,"Memory Card (Hybrid), upto 1 TB",Android v14
Motorola Edge 50 Ultra 5G,"₹47,990",4.35;,4500 mAh Battery with 125W Fast Charging,"Dual Sim, 5G, VoLTE, Vo5G, NFC, eSIM, Wi-Fi","Snapdragon 8s Gen3, Octa Core, 3 GHz Processor","12 GB RAM, 512 GB inbuilt","6.7 inches, 1220 x 2712 px, 144 Hz Display with Punch Hole",64 MP + 50 MP + 50 MP Triple Rear & 50 MP Front Camera,Android v14,No FM Radio
OPPO Reno 11,"₹32,999",4.7;,5000 mAh Battery with 67W Fast Charging,"Dual Sim, 5G, VoLTE, NFC, Wi-Fi, IR Blaster","Dimensity 7050, Octa Core, 2.6 GHz Processor","8 GB RAM, 128 GB inbuilt","6.7 inches, 1080 x 2412 px, 120 Hz Display with Punch Hole",50 MP + 32 MP + 8 MP Triple Rear & 32 MP Front Camera,"Memory Card (Hybrid), upto 2 TB",Android v14
Infinix Smart 8,"₹7,299",4.55;,5000 mAh Battery with 10W Fast Charging,"Dual Sim, 4G, VoLTE, Wi-Fi","Helio G36, Octa Core, 2.2 GHz Processor","4 GB RAM, 64 GB inbuilt","6.6 inches, 720 x 1612 px, 90 Hz Display with Punch Hole",50 MP Dual Rear & 8 MP Front Camera,"Memory Card Supported, upto 2 TB",Android v13
Xiaomi Redmi Note 13 Pro 5G,"₹34,990",4.1;,5100 mAh Battery with 67W Fast Charging,"Dual Sim, 5G, VoLTE, Wi-Fi, IR Blaster","Snapdragon 7s Gen 2, Octa Core, 2.4 GHz Processor","8 GB RAM, 128 GB inbuilt","6.67 inches, 1220 x 2712 px, 120 Hz Display with Punch Hole",200 MP + 8 MP + 2 MP Triple Rear & 16 MP Front Camera,Android v13,No FM Radio
Lava O1,"₹6,999",4.1;,5000 mAh Battery with 18W Fast Charging,"Dual Sim, 4G, VoLTE, Wi-Fi","Unisoc T606, Octa Core, 2 GHz Processor","4 GB RAM, 64 GB inbuilt","6.56 inches, 1600 x 720 px, 90 Hz Display with Water Drop Notch",13 MP + 0.08 MP Dual Rear & 5 MP Front Camera,"Memory Card (Hybrid), upto 256 GB",Android v13
Apple iPhone 15 Pro,"₹1,34,900",4.15;,3274 mAh Battery with Fast Charging,"Dual Sim, 5G, VoLTE, NFC, Wi-Fi","Bionic A17 Pro, Hexa Core, 3.78 GHz Processor","8 GB RAM, 128 GB inbuilt","6.1 inches, 1179 x 2556 px, 120 Hz Display with Dynamic Island",48 MP + 12 MP + 12 MP Triple Rear & 12 MP Front Camera,Memory Card Not Supported,iOS v17
Motorola Moto G54 5G (12GB RAM +256GB),"₹21,999",4.5;,6000 mAh Battery with 33W Fast Charging,"Dual Sim, 5G, VoLTE, Wi-Fi","Dimensity 7020, Octa Core, 2.2 GHz Processor","12 GB RAM, 256 GB inbuilt","6.5 inches, 1080 x 2400 px, 120 Hz Display with Punch Hole",50 MP + 8 MP Dual Rear & 16 MP Front Camera,"Memory Card (Hybrid), upto 1 TB",Android v13
Xiaomi Redmi Note 12 Pro 5G,"₹22,399",4.75;,5000 mAh Battery with 67W Fast Charging,"Dual Sim, 5G, VoLTE, Wi-Fi, IR Blaster","Dimensity 1080, Octa Core, 2.6 GHz Processor","6 GB RAM, 128 GB inbuilt","6.67 inches, 1080 x 2400 px, 120 Hz Display with Punch Hole",50 MP + 8 MP + 2 MP Triple Rear & 16 MP Front Camera,Android v12,No FM Radio
Realme 7,"₹11,999",4.6;,5000 mAh Battery with 30W Fast Charging,"Dual Sim, 4G, VoLTE, Wi-Fi","Helio  G95, Octa Core, 2.05 GHz Processor","6 GB RAM, 64 GB inbuilt","6.5 inches, 1080 x 2400 px, 90 Hz Display with Punch Hole",64 MP Quad Rear & 16 MP Front Camera,"Memory Card Supported, upto 256 GB",Android v10
Realme Narzo 100x 5G (6GB RAM + 128GB),"₹22,999",4.25;,8000 mAh Battery with 45W Fast Charging,"Dual Sim, 5G, VoLTE, Wi-Fi","Dimensity 6300, Octa Core, 2.4 GHz Processor","6 GB RAM, 128 GB inbuilt","6.81 inches, 720 x 1570 px, 144 Hz Display with Punch Hole",50 MP Dual Rear & 8 MP Front Camera,Memory Card (Hybrid),Android v16
Samsung Galaxy A27 (8GB RAM + 256GB),"₹39,990",4.55;,5000 mAh Battery with 25W Fast Charging,"Dual Sim, 5G, VoLTE, NFC, Wi-Fi","Snapdragon 6 Gen3, Octa Core, 2.4 GHz Processor","8 GB RAM, 256 GB inbuilt","6.7 inches, 1080 x 2340 px, 120 Hz Display with Punch Hole",50 MP + 5 MP + 2 MP Triple Rear & 12 MP Front Camera,"Memory Card (Hybrid), upto 2 TB",Android v16
Infinix Note 60 Pro 5G Pininfarina limited Edition,"₹40,999",4.55;,6500 mAh Battery with 90W Fast Charging,"Dual Sim, 5G, VoLTE, NFC, Wi-Fi, IR Blaster","Snapdragon 7s Gen4, Octa Core, 2.4 GHz Processor","8 GB RAM, 256 GB inbuilt","6.78 inches, 1208 x 2644 px, 144 Hz Display with Punch Hole",50 MP + 8 MP Dual Rear & 13 MP Front Camera,"Memory Card Supported, upto 1 TB",Android v16
Realme 16 5G (8GB RAM + 256GB),"₹36,259",4.55;,7000 mAh Battery with 60W Fast Charging,"Dual Sim, 5G, VoLTE, Wi-Fi","Dimensity 6400 Turbo, Octa Core, 2.5 GHz Processor","8 GB RAM, 256 GB inbuilt","6.57 inches, 1080 x 2372 px, 120 Hz Display with Punch Hole",50 MP + 2 MP Dual Rear & 50 MP Front Camera,Memory Card (Hybrid),Android v16
itel Zeno 20 Max (4GB RAM + 128GB),"₹6,999",4.45;,5000 mAh Battery with 15W Fast Charging,"Dual Sim, 4G, VoLTE, Wi-Fi","UNISOC T7100, Octa Core Processor","4 GB RAM, 128 GB inbuilt","6.6 inches, 720 x 1612 px, 90 Hz Display with Water Drop Notch",13 MP Dual Rear & 5 MP Front Camera,Memory Card Supported,Android v14
Nokia 110 Power,"₹1,699",4.45;,2 inches Display,Dual Sim,"4 MB RAM, 4 MB inbuilt",1750 mAh Battery,QVGA Rear Camera,S30+,,
Poco M8 5G (8GB RAM + 256GB),"₹26,899",4.5;,5520 mAh Battery with 45W Fast Charging,"Dual Sim, 5G, VoLTE, Wi-Fi, IR Blaster","Snapdragon 6 Gen3, Octa Core Processor","8 GB RAM, 256 GB inbuilt","6.77 inches, 1080 x 2392 px, 120 Hz Display with Punch Hole",50 MP + 2 MP Dual Rear & 20 MP Front Camera,"Memory Card (Hybrid), upto 1 TB",Android v15
Realme 16 Pro 5G (8GB RAM + 256GB),"₹40,999",4.2;,7000 mAh Battery with 80W Fast Charging,"Dual Sim, 5G, VoLTE, Wi-Fi","Dimensity 7300 Max, Octa Core Processor","8 GB RAM, 256 GB inbuilt","6.78 inches, 1272 x 2772 px, 144 Hz Display with Punch Hole",200 MP + 8 MP Dual Rear & 50 MP Front Camera,Memory Card Not Supported,Android v16
Poco C85 5G,"₹15,149",4.7;,6000 mAh Battery with 33W Fast Charging,"Dual Sim, 5G, VoLTE, NFC, Wi-Fi","Dimensity 6300, Octa Core, 2.4 GHz Processor","4 GB RAM, 128 GB inbuilt","6.9 inches, 720 x 1600 px, 120 Hz Display with Punch Hole",50 MP Dual Rear & 8 MP Front Camera,"Memory Card (Hybrid), upto 1 TB",Android v15
Apple iPhone 17 Pro Max (1TB),"₹1,82,490",4.75;,4832 mAh Battery with Fast Charging,"Dual Sim, 5G, VoLTE, NFC, eSIM, Wi-Fi","Apple A19 Pro, Hexa Core Processor","12 GB RAM, 1 TB inbuilt","6.9 inches, 1320 x 2868 px, 120 Hz Display with Dynamic Island",48 MP + 48 MP + 48 MP Triple Rear & 18 MP Front Camera,Memory Card Not Supported,iOS v26
Realme P4 Pro 5G (12GB RAM + 256GB),"₹32,500",4;,7000 mAh Battery with 80W Fast Charging,"Dual Sim, 5G, VoLTE, Wi-Fi, IR Blaster","Snapdragon 7 Gen 4, Octa Core Processor","12 GB RAM, 256 GB inbuilt","6.8 inches, 1280 x 2800 px, 144 Hz Display with Punch Hole",50 MP + 8 MP Dual Rear & 50 MP Front Camera,Android v15,No FM Radio
Infinix GT 30 5G (8GB RAM+ 256GB),"₹23,999",4.1;,5500 mAh Battery with 45W Fast Charging,"Dual Sim, 5G, VoLTE, Wi-Fi, IR Blaster","Dimensity 7400, Octa Core, 2.6 GHz Processor","8 GB RAM, 256 GB inbuilt","6.78 inches, 1224 x 2720 px, 144 Hz Display with Punch Hole",64 MP + 8 MP Dual Rear & 13 MP Front Camera,Android v15,Bluetooth
Ai+ Pulse (6GB RAM +128GB),"₹9,999",4.3;,5000 mAh Battery with 10W Fast Charging,"Dual Sim, 4G, VoLTE, Wi-Fi","Unisoc T615, Octa Core, 1.8 GHz Processor","6 GB RAM, 128 GB inbuilt","6.75 inches, 720 x 1600 px, 90 Hz Display with Water Drop Notch",50 MP Rear & 5 MP Front Camera,"Memory Card Supported, upto 1 TB",Android v15
Motorola Edge 60 5G,"₹31,865",4.7;,5500 mAh Battery with 68W Fast Charging,"Dual Sim, 5G, VoLTE, Vo5G, NFC, Wi-Fi","Dimensity 7400, Octa Core, 2.6 GHz Processor","12 GB RAM, 256 GB inbuilt","6.7 inches, 1220 x 2712 px, 120 Hz Display with Punch Hole",50 MP + 50 MP + 10 MP Triple Rear & 50 MP Front Camera,"Memory Card (Hybrid), upto 1 TB",Android v15
Oppo F29 Pro (8GB RAM + 256GB),"₹28,910",4.75;,6000 mAh Battery with 80W Fast Charging,"Dual Sim, 5G, VoLTE, Wi-Fi","Dimensity 7300, Octa Core, 2.5 GHz Processor","8 GB RAM, 256 GB inbuilt","6.7 inches, 1080 x 2412 px, 120 Hz Display with Punch Hole",50 MP + 2 MP Dual Rear & 16 MP Front Camera,Android v14,No FM Radio
Nothing Phone 3a Pro (12GB RAM + 256GB),"₹34,999",4.15;,5000 mAh Battery with 50W Fast Charging,"Dual Sim, 5G, VoLTE, NFC, Wi-Fi","Snapdragon 7s Gen 3, Octa Core, 2.5 GHz Processor","12 GB RAM, 256 GB inbuilt","6.77 inches, 1080 x 2392 px, 120 Hz Display with Punch Hole",50 MP + 50 MP + 8 MP Triple Rear & 50 MP Front Camera,Memory Card Not Supported,Android v15
Realme 14 Pro Lite 5G,"₹21,999",4.25;,5200 mAh Battery with 45W Fast Charging,"Dual Sim, 5G, VoLTE, Wi-Fi","Snapdragon 7s Gen 2, Octa Core, 2.4 GHz Processor","8 GB RAM, 128 GB inbuilt","6.7 inches, 1080 x 2412 px, 120 Hz Display with Punch Hole",50 MP + 8 MP + 2 MP Triple Rear & 32 MP Front Camera,Android v14,No FM Radio
Xiaomi Redmi Note 14 Pro Plus (8GB RAM + 256GB),"₹30,999",4.15;,6200 mAh Battery with 90W Fast Charging,"Dual Sim, 5G, VoLTE, Wi-Fi, IR Blaster","Snapdragon 7s Gen3, Octa Core, 2.5 GHz Processor","8 GB RAM, 256 GB inbuilt","6.67 inches, 1220 x 2712 px, 120 Hz Display with Punch Hole",50 MP + 50 MP + 8 MP Triple Rear & 20 MP Front Camera,Memory Card Not Supported,Android v14
Apple iPhone 16 Plus (256GB),"₹87,900",4.6;,4674 mAh Battery with Fast Charging,"Dual Sim, 5G, VoLTE, NFC, eSIM, Wi-Fi","Bionic A18, Hexa Core, 4.04 GHz Processor",256 GB inbuilt,"6.7 inches, 1290 x 2796 px Display with Dynamic Island",48 MP + 12 MP Dual Rear & 12 MP Front Camera,Memory Card Not Supported,iOS v18
Motorola Edge 50 Pro 5G,"₹28,999",4.7;,4500 mAh Battery with 68W Fast Charging,"Dual Sim, 5G, VoLTE, Vo5G, NFC, Wi-Fi","Snapdragon 7 Gen3, Octa Core, 2.63 GHz Processor","8 GB RAM, 256 GB inbuilt","6.7 inches, 1220 x 2712 px, 144 Hz Display with Punch Hole",50 MP + 13 MP + 10 MP Triple Rear & 50 MP Front Camera,Android v14,No FM Radio
Samsung Galaxy S23 FE 5G (8GB RAM + 256GB),"₹48,249",4;,4500 mAh Battery with 25W Fast Charging,"Dual Sim, 5G, VoLTE, Vo5G, NFC, Wi-Fi","Exynos 2200, Octa Core, 2.8 GHz Processor","8 GB RAM, 256 GB inbuilt","6.4 inches, 1080 x 2340 px, 120 Hz Display with Punch Hole",50 MP + 12 MP + 8 MP Triple Rear & 10 MP Front Camera,Memory Card Not Supported,Android v13
Vivo V29e,"₹26,999",4.6;,5000 mAh Battery with 44W Fast Charging,"Dual Sim, 5G, VoLTE, NFC, Wi-Fi","Snapdragon 695, Octa Core, 2.2 GHz Processor","8 GB RAM, 128 GB inbuilt","6.78 inches, 1080 x 2400 px, 120 Hz Display with Punch Hole",64 MP + 8 MP Dual Rear & 50 MP Front Camera,Memory Card (Hybrid),Android v13
OPPO Reno 10,"₹32,990",4.7;,5000 mAh Battery with 67W Fast Charging,"Dual Sim, 5G, VoLTE, NFC, Wi-Fi, IR Blaster","Dimensity 7050, Octa Core, 2.6 GHz Processor","8 GB RAM, 256 GB inbuilt","6.7 inches, 1080 x 2412 px, 120 Hz Display with Punch Hole",64 MP + 32 MP + 8 MP Triple Rear & 32 MP Front Camera,Memory Card (Hybrid),Android v13
Vivo V27 Pro,"₹29,990",4.5;,4600 mAh Battery with 66W Fast Charging,"Dual Sim, 5G, VoLTE, Wi-Fi","Dimensity 8200, Octa Core, 3.1 GHz Processor","8 GB RAM, 128 GB inbuilt","6.78 inches, 1080 x 2400 px, 120 Hz Display with Punch Hole",50 MP + 8 MP + 2 MP Triple Rear & 50 MP Front Camera,Android v13,No FM Radio
Xiaomi 12 Pro 5G,"₹39,990",4.2;,4600 mAh Battery with 120W Fast Charging,"Dual Sim, 5G, VoLTE, NFC, Wi-Fi, IR Blaster","Snapdragon 8 Gen1, Octa Core, 3 GHz Processor","8 GB RAM, 256 GB inbuilt","6.73 inches, 1440 x 3200 px, 120 Hz Display with Punch Hole",50 MP + 50 MP + 50 MP Triple Rear & 32 MP Front Camera,Android v12,No FM Radio
Samsung Galaxy S22 5G,"₹62,999",4.65;,3700 mAh Battery with 25W Fast Charging,"Dual Sim, 5G, VoLTE, Vo5G, NFC, Wi-Fi","Snapdragon  8 Gen1, Octa Core, 3 GHz Processor","8 GB RAM, 128 GB inbuilt","6.1 inches, 1080 x 2340 px, 120 Hz Display with Punch Hole",50 MP + 12 MP + 10 MP Triple Rear & 10 MP Front Camera,Android v12,Bluetooth
Samsung Guru Music 2 Dual Sim,"₹2,001",4.5;,800 mAh Battery,Dual Sim,No Wifi,"Single Core, 208 MHz Processor","2 inches, 128 x 160 px Display",No Rear Camera,"Memory Card Supported, upto 16 GB",
Itel Zeno 100 Pro,"₹8,599",4.4;,5000 mAh Battery with 10W Fast Charging,"Dual Sim, 4G, Wi-Fi, IR Blaster","Unisoc T7100, Octa Core Processor","3 GB RAM, 64 GB inbuilt","6.6 inches, 720 x 1612 px, 90 Hz Display with Water Drop Notch",8 MP Rear & 5 MP Front Camera,Memory Card Supported,Android 15 Go Edition
OPPO Reno 16C 5G (12GB RAM + 256GB),"₹55,999",4.15;,7000 mAh Battery with 80W Fast Charging,"Dual Sim, 5G, VoLTE, Vo5G, Wi-Fi","Dimensity 7300 Energy, Octa Core, 2.5 GHz Processor","12 GB RAM, 256 GB inbuilt","6.57 inches, 2372 x 1080 px, 120 Hz Display with Punch Hole",50 MP + 50 MP + 8 MP Triple Rear & 50 MP Front Camera,Memory Card (Hybrid),Android v16
Ai+ Nova 2 Neo 5G (6GB RAM + 128GB),"₹15,999",4.25;,6000 mAh Battery with Fast Charging,"Dual Sim, 5G, VoLTE, Wi-Fi","Dimensity 6300, Octa Core, 2.4 GHz Processor","6 GB RAM, 128 GB inbuilt","6.75 inches, 720 x 1600 px, 120 Hz Display with Water Drop Notch",48 MP Rear & 8 MP Front Camera,"Memory Card Supported, upto 2 TB",Android v16
Infinix Smart 20,"₹12,092",4.1;,5200 mAh Battery with 15W Fast Charging,"Dual Sim, 4G, Wi-Fi, IR Blaster","Helio G81 Ultimate, Octa Core, 2 GHz Processor","4 GB RAM, 64 GB inbuilt","6.78 inches, 720 x 1576 px, 120 Hz Display with Punch Hole",8 MP Rear & 8 MP Front Camera,"Memory Card Supported, upto 2 TB",Android v16
Lava Bold N2 5G,"₹12,999",4.45;,6000 mAh Battery with 18W Fast Charging,"Dual Sim, 5G, VoLTE, Wi-Fi","Unisoc T8200, Octa Core Processor","4 GB RAM, 64 GB inbuilt","6.75 inches, 720 x 1600 px, 120 Hz Display with Water Drop Notch",13 MP Dual Rear & 5 MP Front Camera,"Memory Card Supported, upto 1 TB",Android v16
Realme 16T 5G (8GB RAM + 256GB),"₹31,999",4.6;,8000 mAh Battery with 45W Fast Charging,"Dual Sim, 5G, VoLTE, Wi-Fi","Dimensity 6300, Octa Core, 2.4 GHz Processor","8 GB RAM, 256 GB inbuilt","6.8 inches, 720 x 1570 px, 144 Hz Display with Punch Hole",50 MP + 2 MP Dual Rear & 16 MP Front Camera,"Memory Card (Hybrid), upto 2 TB",Android v16
Ai+ Nova 2 5G (6GB RAM + 128GB),"₹14,999",4.75;,6000 mAh Battery with 18W Fast Charging,"Dual Sim, 5G, VoLTE, Wi-Fi","Unisoc T8200, Octa Core, 2.3 GHz Processor","6 GB RAM, 128 GB inbuilt","6.74 inches, 720 x 1600 px, 120 Hz Display with Punch Hole",50 MP Rear & 8 MP Front Camera,"Memory Card Supported, upto 1 TB",Android v16
Infinix Note 60 Pro 5G (8GB RAM + 256GB),"₹37,999",4.35;,6500 mAh Battery with 90W Fast Charging,"Dual Sim, 5G, VoLTE, NFC, Wi-Fi, IR Blaster","Snapdragon 7s Gen4, Octa Core, 2.4 GHz Processor","8 GB RAM, 256 GB inbuilt","6.78 inches, 1208 x 2644 px, 144 Hz Display with Punch Hole",50 MP + 8 MP Dual Rear & 13 MP Front Camera,"Memory Card Supported, upto 1 TB",Android v16
Xiaomi Redmi 15A 5G (4GB RAM + 128GB),"₹16,734",4.4;,6300 mAh Battery with 33W Fast Charging,"Dual Sim, 5G, VoLTE, Wi-Fi, IR Blaster","Unisoc T8300, Octa Core, 2.2 GHz Processor","4 GB RAM, 128 GB inbuilt","6.9 inches, 720 x 1600 px, 120 Hz Display with Punch Hole",32 MP Rear & 8 MP Front Camera,"Memory Card (Hybrid), upto 1 TB",Android v16
Samsung Galaxy A37 5G (12GB RAM + 256 GB),"₹42,999",4.1;,5000 mAh Battery with 45W Fast Charging,"Dual Sim, 5G, VoLTE, NFC, Wi-Fi","Exynos 1480, Octa Core, 2.7 GHz Processor","12 GB RAM, 256 GB inbuilt","6.7 inches, 1080 x 2340 px, 120 Hz Display with Punch Hole",50 MP + 8 MP + 5 MP Triple Rear & 12 MP Front Camera,Memory Card Not Supported,Android v16
Realme P4 Lite 5G (4GB RAM + 128GB),"₹17,209",4;,7000 mAh Battery with 15W Fast Charging,"Dual Sim, 5G, VoLTE, Wi-Fi","Dimensity 6300, Octa Core, 2.4 GHz Processor","4 GB RAM, 128 GB inbuilt","6.81 inches, 720 x 1570 px, 144 Hz Display with Punch Hole",13 MP Rear & 5 MP Front Camera,Memory Card (Hybrid),Android v16
Poco C85x 5G (4GB RAM + 128GB),"₹15,170",4.15;,6300 mAh Battery with 15W Fast Charging,"Dual Sim, 5G, VoLTE, Wi-Fi","Unisoc T8300, Octa Core, 2.2 GHz Processor","4 GB RAM, 128 GB inbuilt","6.9 inches, 720 x 1600 px, 120 Hz Display with Punch Hole",32 MP Rear & 8 MP Front Camera,"Memory Card Supported, upto 2 TB",Android v16
Realme Narzo Power 5G,"₹27,999",4.35;,10001 mAh Battery with 80W Fast Charging,"Dual Sim, 5G, VoLTE, Wi-Fi, IR Blaster","Dimensity 7400 Ultra, Octa Core, 2.6 GHz Processor","8 GB RAM, 128 GB inbuilt","6.8 inches, 1280 x 2800 px, 144 Hz Display with Punch Hole",50 MP + 8 MP Dual Rear & 16 MP Front Camera,Memory Card Not Supported,Android v16
Samsung Galaxy S26 Plus (12GB RAM + 512GB),"₹1,14,999",4.1;,4900 mAh Battery with 45W Fast Charging,"Dual Sim, 5G, VoLTE, Vo5G, NFC, eSIM, Wi-Fi","Exynos 2600, Deca Core, 3.8 GHz Processor","12 GB RAM, 512 GB inbuilt","6.7 inches, 1440 x 3120 px, 120 Hz Display with Punch Hole",50 MP + 12 MP + 10 MP Triple Rear & 12 MP Front Camera,Android v16,No FM Radio
OPPO Reno 15 5G (12GB RAM + 256GB),"₹50,999",4.05;,6500 mAh Battery with 80W Fast Charging,"Dual Sim, 5G, VoLTE, Wi-Fi, IR Blaster","Snapdragon 7 Gen4, Octa Core, 2.8 GHz Processor","12 GB RAM, 256 GB inbuilt","6.59 inches, 1256 x 2760 px, 120 Hz Display with Punch Hole",50 MP + 50 MP + 8 MP Triple Rear & 50 MP Front Camera,Memory Card Not Supported,Android v16
Oppo A6 Pro 5G (8GB+256GB),"₹29,999",4.6;,7000 mAh Battery with 80W Fast Charging,"Dual Sim, 5G, Wi-Fi","Dimensity 6300, Octa Core, 2.4 GHz Processor","8 GB RAM, 256 GB inbuilt","6.75 inches, 720 x 1570 px, 120 Hz Display with Punch Hole",50 MP Dual Rear & 16 MP Front Camera,Memory Card (Hybrid),Android v15
Lava Play Max,"₹17,899",4.25;,5000 mAh Battery with 33W Fast Charging,"Dual Sim, 5G, VoLTE, Wi-Fi","Dimensity 7300, Octa Core, 2.5 GHz Processor","6 GB RAM, 128 GB inbuilt","6.72 inches, 1080 x 1920 px, 120 Hz Display with Punch Hole",50 MP Rear & 8 MP Front Camera,"Memory Card (Hybrid), upto 1 TB",Android v15
POCO C85 5G (6GB RAM + 128GB),"₹17,115",4.7;,6000 mAh Battery with 33W Fast Charging,"Dual Sim, 5G, VoLTE, NFC, Wi-Fi","Dimensity 6300, Octa Core, 2.4 GHz Processor","6 GB RAM, 128 GB inbuilt","6.9 inches, 720 x 1600 px, 120 Hz Display with Punch Hole",50 MP Dual Rear & 8 MP Front Camera,"Memory Card (Hybrid), upto 1 TB",Android v15
Xiaomi Redmi 15C 5G (6GB RAM + 128GB),"₹18,500",4.1;,6000 mAh Battery with 33W Fast Charging,"Dual Sim, 5G, VoLTE, Wi-Fi","Dimensity 6300, Octa Core, 2.4 GHz Processor","6 GB RAM, 128 GB inbuilt","6.9 inches, 720 x 1600 px, 120 Hz Display with Punch Hole",50 MP + Auxiliary lens Dual Rear & 8 MP Front Camera,"Memory Card Supported, upto 1 TB",Android v15
OPPO A6x 5G (4GB RAM + 128GB),"₹19,999",4.7;,6500 mAh Battery with 45W Fast Charging,"Dual Sim, 5G, VoLTE, Wi-Fi","Dimensity 6300, Octa Core, 2.4 GHz Processor","4 GB RAM, 128 GB inbuilt","6.75 inches, 720 x 1570 px, 120 Hz Display with Punch Hole",13 MP Rear & 5 MP Front Camera,Memory Card (Hybrid),Android v15
Realme C85 5G (6GB RAM + 128GB),"₹22,699",4.35;,7000 mAh Battery with 45W Fast Charging,"Dual Sim, 5G, NFC, Wi-Fi","Dimensity 6300, Octa Core, 2.4 GHz Processor","6 GB RAM, 128 GB inbuilt","6.8 inches, 720 x 1570 px, 144 Hz Display with Punch Hole",50 MP Rear & 8 MP Front Camera,Memory Card Supported,Android v15
Motorola Moto A300,"₹1,334",4.05;,"4 MB RAM, 32 MB inbuilt",Dual Sim,No Wifi,1.5 MHz Processor,1000 mAh Battery,"2 inches, 320 x 240 px Display",1.3 MP Rear Camera,"Memory Card Supported, upto 64 GB"
iQOO Z10R (12GB RAM + 256GB),"₹32,999",4.35;,5700 mAh Battery with 44W Fast Charging,"Dual Sim, 5G, VoLTE, Vo5G, Wi-Fi","Dimensity 7400, Octa Core, 2.6 GHz Processor","12 GB RAM, 256 GB inbuilt","6.77 inches, 1080 x 2392 px, 120 Hz Display with Punch Hole",50 MP + 2 MP Dual Rear & 32 MP Front Camera,Memory Card Not Supported,Android v15
Vivo T4 Lite 5G (6 GB RAM +128 GB),"₹20,999",4.05;,6000 mAh Battery with 15W Fast Charging,"Dual Sim, 5G, VoLTE, Wi-Fi","Dimensity 6300, Octa Core, 2.4 GHz Processor","6 GB RAM, 128 GB inbuilt","6.74 inches, 720 x 1600 px, 90 Hz Display with Water Drop Notch",50 MP + 2 MP Dual Rear & 5 MP Front Camera,"Memory Card Supported, upto 2 TB",Android v15
iQOO Neo 10 (12GB RAM + 256GB),"₹46,999",4.5;,7000 mAh Battery with 120W Fast Charging,"Dual Sim, 5G, VoLTE, NFC, Wi-Fi, IR Blaster","Snapdragon 8s Gen4, Octa Core, 3.2 GHz Processor","12 GB RAM, 256 GB inbuilt","6.78 inches, 1260 x 2800 px, 144 Hz Display with Punch Hole",50 MP + 8 MP Dual Rear & 32 MP Front Camera,Android v15,No FM Radio
Samsung Galaxy A56 5G (12GB RAM + 256GB),"₹41,900",4.7;,5000 mAh Battery with 45W Fast Charging,"Dual Sim, 5G, VoLTE, NFC, eSIM, Wi-Fi","Exynos 1580, Octa Core, 2.9 GHz Processor","12 GB RAM, 256 GB inbuilt","6.7 inches, 1080 x 2340 px, 120 Hz Display with Punch Hole",50 MP + 12 MP + 5 MP Triple Rear & 12 MP Front Camera,Android v15,No FM Radio
OPPO Reno 13 Pro 5G,"₹39,542",4.15;,5800 mAh Battery with 80W Fast Charging,"Dual Sim, 5G, VoLTE, NFC, Wi-Fi, IR Blaster","Dimensity 8350, Octa Core, 3.35 GHz Processor","12 GB RAM, 256 GB inbuilt","6.83 inches, 1272 x 2800 px, 120 Hz Display with Punch Hole",50 MP + 50 MP + 8 MP Triple Rear & 50 MP Front Camera,Android v15,No FM Radio
Oppo Find X8 5G,"₹58,499",4;,5630 mAh Battery with 80W Fast Charging,"Dual Sim, 5G, VoLTE, NFC, Wi-Fi, IR Blaster","Dimensity 9400, Octa Core, 3.63 GHz Processor","12 GB RAM, 256 GB inbuilt","6.59 inches, 1256 x 2760 px, 120 Hz Display with Punch Hole",50 MP + 50 MP + 50 MP Triple Rear & 32 MP Front Camera,Android v15,No FM Radio
Samsung Galaxy Z Flip 6 5G,"₹69,999",4.65;,4000 mAh Battery with 25W Fast Charging,"Dual Sim, 5G, VoLTE, Vo5G, NFC, eSIM, Wi-Fi","Snapdragon 8 Gen3, Octa Core, 3.3 GHz Processor","12 GB RAM, 256 GB inbuilt","6.7 inches, 1080 x 2640 px, 120 Hz Display with Punch Hole","Foldable Display, Dual Display",50 MP + 12 MP Dual Rear & 10 MP Front Camera,Memory Card Not Supported
Samsung Galaxy Z Fold 6,"₹1,49,999",4.45;,4400 mAh Battery with 25W Fast Charging,"Dual Sim, 5G, VoLTE, Vo5G, NFC, eSIM, Wi-Fi","Snapdragon 8 Gen 3, Octa Core, 3.39 GHz Processor","12 GB RAM, 256 GB inbuilt","7.6 inches, 1856 x 2160 px, 120 Hz Display with Punch Hole","Foldable Display, Dual Display",50 MP + 12 MP + 10 MP Triple Rear & 10 MP + 4 MP Dual Front Camera,Android v14
Nokia 3210 4G (2024),"₹4,299",4.25;,"64 MB RAM, 128 MB inbuilt","Dual Sim, 4G",No Wifi,"Unisoc T107, 1 GHz Processor",1450 mAh Battery,"2.4 inches, 240 x 320 px Display",2 MP Rear Camera,"Memory Card Supported, upto 32 GB"
Samsung Galaxy F55 5G (8GB RAM + 256GB),"₹29,999",4.2;,5000 mAh Battery with 45W Fast Charging,"Dual Sim, 5G, VoLTE, NFC, Wi-Fi","Snapdragon 7 Gen1, Octa Core, 2.4 GHz Processor","8 GB RAM, 256 GB inbuilt","6.7 inches, 1080 x 2400 px, 120 Hz Display with Punch Hole",50 MP + 8 MP + 2 MP Triple Rear & 50 MP Front Camera,"Memory Card (Hybrid), upto 1 TB",Android v14
Realme GT 6T (12GB RAM + 512GB),"₹39,999",4;,5500 mAh Battery with 120W Fast Charging,"Dual Sim, 5G, VoLTE, Vo5G, NFC, Wi-Fi, IR Blaster","Snapdragon 7+ Gen3, Octa Core, 2.8 GHz Processor","12 GB RAM, 512 GB inbuilt","6.78 inches, 1264 x 2780 px, 120 Hz Display with Punch Hole",50 MP + 8 MP Dual Rear & 32 MP Front Camera,Memory Card Not Supported,Android v14
Realme P1 5G (8GB RAM+ 128GB),"₹22,999",4.3;,5000 mAh Battery with 45W Fast Charging,"Dual Sim, 5G, VoLTE, Wi-Fi","Dimensity 7050, Octa Core, 2.6 GHz Processor","8 GB RAM, 128 GB inbuilt","6.67 inches, 1080 x 2400 px, 120 Hz Display with Punch Hole",50 MP + 2 MP Dual Rear & 16 MP Front Camera,"Memory Card (Hybrid), upto 2 TB",Android v14
Motorola Moto G04 (8 GB RAM + 128GB),"₹10,999",4.1;,5000 mAh Battery with 15W Fast Charging,"Dual Sim, 4G, VoLTE, Wi-Fi","Unisoc T606, Octa Core, 1.6 GHz Processor","8 GB RAM, 128 GB inbuilt","6.56 inches, 720 x 1600 px, 90 Hz Display with Punch Hole",16 MP Rear & 5 MP Front Camera,"Memory Card Supported, upto 1 TB",Android v14
Samsung Galaxy S24 Plus,"₹59,999",4.15;,4900 mAh Battery with 45W Fast Charging,"Dual Sim, 5G, VoLTE, Vo5G, NFC, eSIM, Wi-Fi","Exynos 2400, Deca Core, 3.2 GHz Processor","12 GB RAM, 256 GB inbuilt","6.7 inches, 1440 x 3120 px, 120 Hz Display with Punch Hole",50 MP + 12 MP + 10 MP Triple Rear & 12 MP Front Camera,Android v14,No FM Radio
Samsung Galaxy S24 5G,"₹58,298",4.25;,4000 mAh Battery with 25W Fast Charging,"Dual Sim, 5G, VoLTE, Vo5G, NFC, eSIM, Wi-Fi","Exynos 2400, Deca Core, 3.2 GHz Processor","8 GB RAM, 256 GB inbuilt","6.2 inches, 1080 x 2340 px, 120 Hz Display with Punch Hole",50 MP + 12 MP + 10 MP Triple Rear & 12 MP Front Camera,Android v14,No FM Radio
OnePlus Nord 3 5G,"₹31,999",4.15;,5000 mAh Battery with 80W Fast Charging,"Dual Sim, 5G, VoLTE, NFC, Wi-Fi, IR Blaster","Dimensity 9000, Octa Core, 3.05 GHz Processor","8 GB RAM, 128 GB inbuilt","6.74 inches, 1240 x 2772 px, 120 Hz Display with Punch Hole",50 MP + 8 MP + 2 MP Triple Rear & 16 MP Front Camera,Android v13,No FM Radio
Google Pixel 7 5G,"₹30,999",4.4;,4355 mAh Battery with 30W Fast Charging,"Dual Sim, 5G, VoLTE, NFC, Wi-Fi","Tensor G2, Octa Core, 2.85 GHz Processor","8 GB RAM, 128 GB inbuilt","6.3 inches, 1080 x 2400 px, 90 Hz Display with Punch Hole",50 MP + 12 MP Dual Rear & 10.8 MP Front Camera,Android v13,No FM Radio
Ai+ Nova 2 Neo 5G (4GB RAM + 64GB),"₹13,999",4.05;,6000 mAh Battery with Fast Charging,"Dual Sim, 5G, VoLTE, Wi-Fi","Dimensity 6300, Octa Core, 2.4 GHz Processor","4 GB RAM, 64 GB inbuilt","6.75 inches, 720 x 1600 px, 120 Hz Display with Water Drop Notch",48 MP Rear & 8 MP Front Camera,"Memory Card Supported, upto 2 TB",Android v16
Ai+ Nova 2,"₹12,999",4.5;,6000 mAh Battery with 18W Fast Charging,"Dual Sim, 5G, VoLTE, Wi-Fi","Unisoc T8200, Octa Core, 2.3 GHz Processor","4 GB RAM, 64 GB inbuilt","6.74 inches, 720 x 1600 px, 120 Hz Display with Punch Hole",50 MP Rear & 8 MP Front Camera,"Memory Card Supported, upto 1 TB",Android v16
Realme 16 5G (12GB RAM + 256GB),"₹39,199",4.55;,7000 mAh Battery with 60W Fast Charging,"Dual Sim, 5G, VoLTE, Wi-Fi","Dimensity 6400 Turbo, Octa Core, 2.5 GHz Processor","12 GB RAM, 256 GB inbuilt","6.57 inches, 1080 x 2372 px, 120 Hz Display with Punch Hole",50 MP + 2 MP Dual Rear & 50 MP Front Camera,Memory Card (Hybrid),Android v16
Realme P4 Lite 5G (6GB RAM + 128GB),"₹19,499",4.7;,7000 mAh Battery with 15W Fast Charging,"Dual Sim, 5G, VoLTE, Wi-Fi","Dimensity 6300, Octa Core, 2.4 GHz Processor","6 GB RAM, 128 GB inbuilt","6.81 inches, 720 x 1570 px, 144 Hz Display with Punch Hole",13 MP Rear & 5 MP Front Camera,Memory Card (Hybrid),Android v16
OPPO K14x 5G (4GB RAM + 64GB),"₹16,749",4.05;,6500 mAh Battery with 45W Fast Charging,"Dual Sim, 5G, VoLTE, Wi-Fi","Dimensity 6300, Octa Core, 2.4 GHz Processor","4 GB RAM, 64 GB inbuilt","6.75 inches, 720 x 1570 px, 120 Hz Display with Punch Hole",50 MP + 2 MP Dual Rear & 5 MP Front Camera,Memory Card (Hybrid),Android v15
Tecno Pova Curve 2 5G (8GB RAM +256GB),"₹31,999",4.2;,8000 mAh Battery with 45W Fast Charging,"Dual Sim, 5G, VoLTE, Wi-Fi, IR Blaster","Dimensity 7100, Octa Core, 2.4 GHz Processor","8 GB RAM, 256 GB inbuilt","6.78 inches, 1208 x 2644 px, 144 Hz Display with Punch Hole",50 MP + 2 MP Dual Rear & 13 MP Front Camera,Android v16,Bluetooth
Oppo A6 5G (6GB RAM + 256GB),"₹29,999",4.5;,7000 mAh Battery with 45W Fast Charging,"Dual Sim, 5G, NFC, Wi-Fi","Dimensity 6300, Octa Core, 2.4 GHz Processor","6 GB RAM, 256 GB inbuilt","6.75 inches, 720 x 1570 px, 120 Hz Display with Punch Hole",50 MP + 2 MP Dual Rear & 8 MP Front Camera,Memory Card Supported,Android v15
Vivo T4 Lite 5G (4GB RAM + 64GB),"₹16,899",4;,6000 mAh Battery with 15W Fast Charging,"Dual Sim, 5G, VoLTE, Wi-Fi","Dimensity 6300, Octa Core, 2.4 GHz Processor","4 GB RAM, 64 GB inbuilt","6.74 inches, 720 x 1600 px, 90 Hz Display with Water Drop Notch",50 MP + 2 MP Dual Rear & 5 MP Front Camera,"Memory Card Supported, upto 2 TB",Android v15
Samsung Galaxy F17 5G (8GB RAM + 128GB),"₹22,999",4.35;,5000 mAh Battery with 25W Fast Charging,"Dual Sim, 5G, VoLTE, NFC, Wi-Fi","Exynos 1330, Octa Core, 2.4 GHz Processor","8 GB RAM, 128 GB inbuilt","6.7 inches, 1080 x 2340 px, 90 Hz Display with Water Drop Notch",50 MP + 5 MP + 2 MP Triple Rear & 13 MP Front Camera,"Memory Card (Hybrid), upto 2 TB",Android v15
Xiaomi Redmi 15 5G (8GB RAM + 128GB),"₹23,499",4.6;,7000 mAh Battery with 33W Fast Charging,"Dual Sim, 5G, VoLTE, Wi-Fi, IR Blaster","Snapdragon 6s Gen3, Octa Core, 2.3 GHz Processor","8 GB RAM, 128 GB inbuilt","6.9 inches, 1080 x 2340 px, 144 Hz Display with Punch Hole",50 MP Dual Rear & 8 MP Front Camera,"Memory Card (Hybrid), upto 1 TB",Android v15
Apple iPhone 17 Pro (512GB),"₹1,48,990",4.45;,3988 mAh Battery with Fast Charging,"Dual Sim, 5G, VoLTE, NFC, eSIM, Wi-Fi","Apple A19 Pro, Hexa Core Processor","12 GB RAM, 512 GB inbuilt","6.3 inches, 1206 x 2622 px, 120 Hz Display with Dynamic Island",48 MP + 48 MP + 48 MP Triple Rear & 18 MP Front Camera,Memory Card Not Supported,iOS v26
Realme 15T (8GB RAM + 256GB),"₹29,999",4.05;,7000 mAh Battery with 60W Fast Charging,"Dual Sim, 5G, VoLTE, Wi-Fi, IR Blaster","Dimensity 6400 Max, Octa Core, 2.5 GHz Processor","8 GB RAM, 256 GB inbuilt","6.57 inches, 1080 x 2372 px, 120 Hz Display with Punch Hole",50 MP + 2 MP Dual Rear & 50 MP Front Camera,"Memory Card (Hybrid), upto 2 TB",Android v15
Realme Narzo 80 Lite 4G,"₹12,999",4.45;,6300 mAh Battery with 15W Fast Charging,"Dual Sim, 4G, VoLTE, Wi-Fi","Unisoc T7250, Octa Core, 1.8 GHz Processor","4 GB RAM, 128 GB inbuilt","6.74 inches, 720 x 1600 px, 90 Hz Display with Punch Hole",13 MP Rear & 5 MP Front Camera,Memory Card (Hybrid),Android v15
OPPO Reno 14 5G (12GB RAM + 512GB),"₹47,999",4.4;,6000 mAh Battery with 80W Fast Charging,"Dual Sim, 5G, VoLTE, Wi-Fi, IR Blaster","Dimensity 8350, Octa Core, 3.35 GHz Processor","12 GB RAM, 512 GB inbuilt","6.59 inches, 1256 x 2760 px, 120 Hz Display with Punch Hole",50 MP + 50 MP + 8 MP Triple Rear & 50 MP Front Camera,Android v15,No FM Radio
Realme Narzo 80 Lite 5G,"₹17,998",4.45;,6000 mAh Battery with 15W Fast Charging,"Dual Sim, 5G, VoLTE, Wi-Fi","Dimensity 6300, Octa Core, 2.4 GHz Processor","4 GB RAM, 128 GB inbuilt","6.67 inches, 720 x 1604 px, 120 Hz Display with Punch Hole",32 MP Dual Rear & 8 MP Front Camera,"Memory Card (Hybrid), upto 2 TB",Android v15
Samsung Galaxy A26 (6GB RAM + 128GB),"₹23,399",4.1;,5000 mAh Battery with 25W Fast Charging,"Dual Sim, 5G, VoLTE, NFC, Wi-Fi","Exynos 1380, Octa Core, 2.4 GHz Processor","6 GB RAM, 128 GB inbuilt","6.7 inches, 1080 x 2340 px, 120 Hz Display with Water Drop Notch",50 MP + 8 MP + 2 MP Triple Rear & 13 MP Front Camera,"Memory Card (Hybrid), upto 2 TB",Android v15
Samsung Galaxy M06 (4GB RAM + 64GB),"₹12,499",4.65;,5000 mAh Battery with 25W Fast Charging,"Dual Sim, 5G, VoLTE, Wi-Fi","Dimensity 6300, Octa Core, 2.4 GHz Processor","4 GB RAM, 64 GB inbuilt","6.74 inches, 720 x 1600 px, 90 Hz Display with Water Drop Notch",50 MP + 2 MP Dual Rear & 8 MP Front Camera,"Memory Card (Hybrid), upto 1.5 TB",Android v15
Vivo V50e 5G,"₹33,999",4.05;,5600 mAh Battery with 90W Fast Charging,"Dual Sim, 5G, VoLTE, Wi-Fi","Dimensity 7300, Octa Core, 2.5 GHz Processor","8 GB RAM, 128 GB inbuilt","6.77 inches, 1080 x 2392 px, 120 Hz Display with Punch Hole",50 MP + 8 MP Dual Rear & 50 MP Front Camera,Memory Card Not Supported,Android v15
Vivo Y19e,"₹11,995",4.25;,5500 mAh Battery with 15W Fast Charging,"Dual Sim, 4G, VoLTE, Wi-Fi","Unisoc T7225, Octa Core, 1.8 GHz Processor","4 GB RAM, 64 GB inbuilt","6.74 inches, 720 x 1600 px Display with Water Drop Notch",13 MP + 0.08 MP Dual Rear & 5 MP Front Camera,Memory Card Supported,Android v14
Oppo F29,"₹27,524",4.65;,6500 mAh Battery with 45W Fast Charging,"Dual Sim, 5G, VoLTE, Wi-Fi","Snapdragon 6 Gen1, Octa Core, 2.2 GHz Processor","8 GB RAM, 128 GB inbuilt","6.7 inches, 1080 x 2412 px, 120 Hz Display with Punch Hole",50 MP + 2 MP Dual Rear & 16 MP Front Camera,Android v15,No FM Radio
iKall I1 Pro 4G,"₹3,699",4.45;,3000 mAh Battery,"Dual Sim, 4G, Wi-Fi","MTK MT6739, 512 MHz Processor","2 GB RAM, 16 GB inbuilt","2.8 inches, 240 x 320 px Display",2 MP Rear Camera,"Memory Card Supported, upto 128 GB",Android v12
Lava Action 4G,"₹1,879",4.45;,0.3 MP Rear Camera,"Dual Sim, 4G, VoLTE",1000 mAh Battery,"1.8 inches, 240 x 260 px Display",Memory Card Supported,Bluetooth,,
Samsung Galaxy F06 5G (6GB RAM + 128GB),"₹16,399",4;,5000 mAh Battery with 25W Fast Charging,"Dual Sim, 5G, VoLTE, Wi-Fi","Dimensity 6300, Octa Core, 2.4 GHz Processor","6 GB RAM, 128 GB inbuilt","6.7 inches, 720 x 1600 px Display with Water Drop Notch",50 MP + 2 MP Dual Rear & 8 MP Front Camera,"Memory Card (Hybrid), upto 1 TB",Android v15
OPPO Reno 13 Pro 5G (12GB RAM + 512GB),"₹47,059",4.25;,5800 mAh Battery with 80W Fast Charging,"Dual Sim, 5G, VoLTE, NFC, Wi-Fi, IR Blaster","Dimensity 8350, Octa Core, 3.35 GHz Processor","12 GB RAM, 512 GB inbuilt","6.83 inches, 1272 x 2800 px, 120 Hz Display with Punch Hole",50 MP + 50 MP + 8 MP Triple Rear & 50 MP Front Camera,Android v15,No FM Radio
Oppo F27 Pro Plus 5G (8GB RAM +128GB),"₹26,564",4.5;,5000 mAh Battery with 67W Fast Charging,"Dual Sim, 5G, VoLTE, Wi-Fi","Dimensity 7050, Octa Core, 2.6 GHz Processor","8 GB RAM, 128 GB inbuilt","6.7 inches, 1080 x 2412 px, 120 Hz Display with Punch Hole",64 MP + 2 MP Dual Rear & 8 MP Front Camera,Android v14,No FM Radio
Xiaomi 14 Civi (12GB RAM + 512GB),"₹44,999",4;,4700 mAh Battery with 67W Fast Charging,"Dual Sim, 5G, VoLTE, Vo5G, NFC, Wi-Fi, IR Blaster","Snapdragon 8s Gen3, Octa Core, 3 GHz Processor","12 GB RAM, 512 GB inbuilt","6.55 inches, 1236 x 2750 px, 120 Hz Display with Punch Hole",50 MP + 50 MP + 12 MP Triple Rear & 32 MP + 32 MP Dual Front Camera,Android v14,No FM Radio
Nokia 220 4G (2024),"₹3,499",4.2;,"64 MB RAM, 128 MB inbuilt","Dual Sim, 4G",No Wifi,Unisoc T107,1450 mAh Battery,"2.8 inches, 240 x 320 px Display",No Rear Camera,"Memory Card Supported, upto 32 GB"
Samsung Galaxy M55,"₹28,999",4.55;,5000 mAh Battery with 45W Fast Charging,"Dual Sim, 5G, VoLTE, NFC, Wi-Fi","Snapdragon 7 Gen1, Octa Core, 2.4 GHz Processor","8 GB RAM, 128 GB inbuilt","6.67 inches, 1080 x 2400 px, 120 Hz Display with Punch Hole",50 MP + 8 MP + 2 MP Triple Rear & 50 MP Front Camera,"Memory Card (Hybrid), upto 1 TB",Android v14
Oppo F25 Pro 5G,"₹27,999",4.6;,5000 mAh Battery with 67W Fast Charging,"Dual Sim, 5G, VoLTE, Wi-Fi","Dimensity 7050, Octa Core, 2.6 GHz Processor","8 GB RAM, 128 GB inbuilt","6.7 inches, 1080 x 2412 px, 120 Hz Display with Punch Hole",64 MP + 8 MP + 2 MP Triple Rear & 32 MP Front Camera,"Memory Card (Hybrid), upto 2 TB",Android v14
Motorola Moto G84 5G,"₹22,999",4.15;,5000 mAh Battery with 30W Fast Charging,"Dual Sim, 5G, VoLTE, NFC, Wi-Fi","Snapdragon 695, Octa Core, 2.2 GHz Processor","12 GB RAM, 256 GB inbuilt","6.55 inches, 1080 x 2400 px, 120 Hz Display with Punch Hole",50 MP + 8 MP Dual Rear & 16 MP Front Camera,Memory Card (Hybrid),Android v13
Nokia 130 Music 2023,"₹2,027",4.2;,1450 mAh Battery,Dual Sim,No Wifi,"4 MB RAM, 4 MB inbuilt","2.4 inches, 240 x 320 px Display",No Rear Camera,"Memory Card Supported, upto 32 GB",v30
Samsung Galaxy A54 5G (8GB RAM + 256GB),"₹32,499",4.55;,5000 mAh Battery with 25W Fast Charging,"Dual Sim, 5G, VoLTE, NFC, Wi-Fi","Exynos 1380, Octa Core, 2.4 GHz Processor","8 GB RAM, 256 GB inbuilt","6.4 inches, 1080 x 2340 px, 120 Hz Display with Punch Hole",50 MP + 12 MP + 5 MP Triple Rear & 32 MP Front Camera,"Memory Card (Hybrid), upto 1 TB",Android v13
Realme GT Neo2 5G,"₹23,990",4.35;,5000 mAh Battery with 65W Fast Charging,"Dual Sim, 5G, VoLTE, NFC, Wi-Fi","Snapdragon 870, Octa Core, 3.2 GHz Processor","8 GB RAM, 128 GB inbuilt","6.62 inches, 2400 x 1080 px, 120 Hz Display with Punch Hole",64 MP + 8 MP + 2 MP Triple Rear & 16 MP Front Camera,Android v11,No FM Radio
Samsung Galaxy Z Fold 8 (12GB RAM + 512GB),"₹1,99,999",4.55;,4800 mAh Battery with 45W Fast Charging,"Dual Sim, 5G, VoLTE, Vo5G, NFC, eSIM, Wi-Fi","Snapdragon 8 Elite Gen 5, Octa Core, 4.74 GHz Processor","12 GB RAM, 512 GB inbuilt","7.6 inches, 1828 x 2448 px, 120 Hz Display with Punch Hole","Foldable Display, Dual Display",50 MP + 50 MP Dual Rear & 10 MP + 10 MP Dual Front Camera,Android v17
Samsung Galaxy Z Flip 8 5G (12GB RAM + 512GB),"₹1,44,999",4.5;,4300 mAh Battery with 25W Fast Charging,"Dual Sim, 5G, VoLTE, Vo5G, NFC, eSIM, Wi-Fi","Exynos 2600, Deca Core, 3.8 GHz Processor","12 GB RAM, 512 GB inbuilt","6.9 inches, 1080 x 2520 px, 120 Hz Display with Punch Hole","Foldable Display, Dual Display",50 MP + 12 MP Dual Rear & 10 MP Front Camera,Memory Card Not Supported
Tecno Pova 8 5G (8GB RAM + 128GB),"₹31,999",4;,8000 mAh Battery with Fast Charging,"Dual Sim, 5G, VoLTE, NFC, Wi-Fi, IR Blaster","Dimensity 7100, Octa Core, 2.4 GHz Processor","8 GB RAM, 128 GB inbuilt","6.76 inches, 1080 x 2344 px, 144 Hz Display with Punch Hole",50 MP Dual Rear & 13 MP Front Camera,"Memory Card (Hybrid), upto 1 TB",Android v16
Xiaomi 17T 5G (12GB RAM + 512GB),"₹69,999",4.2;,6500 mAh Battery with 67W Fast Charging,"Dual Sim, 5G, VoLTE, NFC, eSIM, Wi-Fi, IR Blaster","Dimensity 8500 Ultra, Octa Core, 3.4 GHz Processor","12 GB RAM, 512 GB inbuilt","6.59 inches, 1268 x 2756 px, 120 Hz Display with Punch Hole",50 MP + 50 MP + 12 MP Triple Rear & 32 MP Front Camera,Android v16,No FM Radio
Oppo A6c 4G (4GB RAM + 128GB),"₹16,999",4.1;,7000 mAh Battery with 15W Fast Charging,"Dual Sim, 4G, Wi-Fi","Unisoc T7250, Octa Core, 1.8 GHz Processor","4 GB RAM, 128 GB inbuilt","6.75 inches, 720 x 1570 px, 120 Hz Display with Water Drop Notch",13 MP Rear & 5 MP Front Camera,Memory Card (Hybrid),Android v15
HMD Vibe 2 5G,"₹14,999",4.4;,6000 mAh Battery with 18W Fast Charging,"Dual Sim, 5G, VoLTE, Wi-Fi","Unisoc T8200, Octa Core, 2.3 GHz Processor","4 GB RAM, 64 GB inbuilt","6.75 inches, 720 x 1600 px, 120 Hz Display with Water Drop Notch",50 MP Dual Rear & 8 MP Front Camera,"Memory Card (Hybrid), upto 1 TB",Android v16
Realme Narzo 100 Lite 5G (6GB RAM + 128GB),"₹19,999",4.75;,7000 mAh Battery with 15W Fast Charging,"Dual Sim, 5G, VoLTE, Wi-Fi","Dimensity 6300, Octa Core, 2.4 GHz Processor","6 GB RAM, 128 GB inbuilt","6.8 inches, 720 x 1570 px, 144 Hz Display with Water Drop Notch",13 MP Dual Rear & 5 MP Front Camera,"Memory Card (Hybrid), upto 2 TB",Android v16
Oppo F33 5G (8GB RAM + 256GB),"₹39,999",4.3;,7000 mAh Battery with 80W Fast Charging,"Dual Sim, 5G, VoLTE, Wi-Fi, IR Blaster","Dimensity 6360 MAX, Octa Core Processor","8 GB RAM, 256 GB inbuilt","6.57 inches, 1080 x 2372 px, 120 Hz Display with Punch Hole",50 MP + 2 MP Dual Rear & 16 MP Front Camera,Memory Card (Hybrid),Android v16
Oppo F33 5G (8GB RAM + 128GB),"₹36,998",4.55;,7000 mAh Battery with 80W Fast Charging,"Dual Sim, 5G, VoLTE, Wi-Fi, IR Blaster","Dimensity 6360 MAX, Octa Core Processor","8 GB RAM, 128 GB inbuilt","6.57 inches, 1080 x 2372 px, 120 Hz Display with Punch Hole",50 MP + 2 MP Dual Rear & 16 MP Front Camera,Memory Card (Hybrid),Android v16
Wobble One 5G (8GB RAM + 256GB),"₹20,999",4.7;,5000 mAh Battery with 33W Fast Charging,"Dual Sim, 5G, VoLTE, Wi-Fi","Dimensity 7400, Octa Core, 2.6 GHz Processor","8 GB RAM, 256 GB inbuilt","6.67 inches, 1080 x 1920 px, 120 Hz Display with Punch Hole",50 MP + 8 MP + 2 MP Triple Rear & 50 MP Front Camera,Android v15,No FM Radio
Oppo A6s 5G (6GB RAM + 128GB),"₹22,890",4.25;,6500 mAh Battery with 45W Fast Charging,"Dual Sim, 5G, Wi-Fi","Dimensity 6300, Octa Core, 2.4 GHz Processor","6 GB RAM, 128 GB inbuilt","6.75 inches, 720 x 1570 px, 120 Hz Display with Punch Hole",50 MP Dual Rear & 5 MP Front Camera,Memory Card (Hybrid),Android v15
Samsung Galaxy S26 (12GB RAM + 512GB),"₹1,07,999",4.75;,4300 mAh Battery with 25W Fast Charging,"Dual Sim, 5G, VoLTE, Vo5G, NFC, eSIM, Wi-Fi","Exynos 2600, Deca Core, 3.8 GHz Processor","12 GB RAM, 512 GB inbuilt","6.3 inches, 1080 x 2340 px, 120 Hz Display with Punch Hole",50 MP + 12 MP + 10 MP Triple Rear & 12 MP Front Camera,Android v16,No FM Radio
Peace Honor 20 (4GB RAM + 64GB),"₹6,400",4.35;,2000 mAh Battery,"Dual Sim, 4G, VoLTE, Wi-Fi","Helio, Single Core, 1.3 MHz Processor","4 GB RAM, 64 GB inbuilt","4.5 inches, 412 x 960 px Display",8 MP Rear & 5 MP Front Camera,Android v12,No FM Radio
Poco M8 5G (8GB RAM + 128GB),"₹22,999",4.35;,5520 mAh Battery with 45W Fast Charging,"Dual Sim, 5G, VoLTE, Wi-Fi, IR Blaster","Snapdragon 6 Gen3, Octa Core Processor","8 GB RAM, 128 GB inbuilt","6.77 inches, 1080 x 2392 px, 120 Hz Display with Punch Hole",50 MP + 2 MP Dual Rear & 20 MP Front Camera,"Memory Card (Hybrid), upto 1 TB",Android v15
iQOO Z10 Lite 5G (4GB RAM + 64GB),"₹16,999",4.65;,6000 mAh Battery with 15W Fast Charging,"Dual Sim, 5G, VoLTE, Wi-Fi","Dimensity 6300, Octa Core, 2.4 GHz Processor","4 GB RAM, 64 GB inbuilt","6.74 inches, 720 x 1600 px, 90 Hz Display",50 MP + 2 MP Dual Rear & 5 MP Front Camera,Android v15,Bluetooth
Karbonn K9 4G LTE,"₹2,420",4.75;,"64 MB RAM, 128 MB inbuilt","Dual Sim, 4G",No Wifi,"Helio, Single Core, 1 GHz Processor",2000 mAh Battery with Fast Charging,"2.4 inches, 128 x 320 px Display",2 MP Rear Camera,"Memory Card (Hybrid), upto 128 GB"
Realme 16 Pro Plus 5G (12GB+256GB),"₹52,469",4.4;,7000 mAh Battery with 80W Fast Charging,"Dual Sim, 5G, VoLTE, NFC, Wi-Fi, IR Blaster","Snapdragon 7 Gen4, Octa Core, 2.8 GHz Processor","12 GB RAM, 256 GB inbuilt","6.8 inches, 1280 x 2800 px, 144 Hz Display with Punch Hole",200 MP + 50 MP + 8 MP Triple Rear & 50 MP Front Camera,Android v16,No FM Radio
Realme 16 Pro 5G (12GB RAM + 256GB),"₹43,999",4.2;,7000 mAh Battery with 80W Fast Charging,"Dual Sim, 5G, VoLTE, Wi-Fi","Dimensity 7300 Max, Octa Core Processor","12 GB RAM, 256 GB inbuilt","6.78 inches, 1272 x 2772 px, 144 Hz Display with Punch Hole",200 MP + 8 MP Dual Rear & 50 MP Front Camera,Memory Card Not Supported,Android v16
Xiaomi Redmi 15C 5G (8GB RAM + 128GB),"₹22,499",4.4;,6000 mAh Battery with 33W Fast Charging,"Dual Sim, 5G, VoLTE, Wi-Fi","Dimensity 6300, Octa Core, 2.4 GHz Processor","8 GB RAM, 128 GB inbuilt","6.9 inches, 720 x 1600 px, 120 Hz Display with Punch Hole",50 MP + Auxiliary lens Dual Rear & 8 MP Front Camera,"Memory Card Supported, upto 1 TB",Android v15
Oppo Find X9 5G (16GB RAM + 512GB),"₹89,999",4.65;,7025 mAh Battery with 80W Fast Charging,"Dual Sim, 5G, VoLTE, NFC, Wi-Fi, IR Blaster","Dimensity 9500, Octa Core, 4.21 GHz Processor","16 GB RAM, 512 GB inbuilt","6.59 inches, 1256 x 2760 px, 120 Hz Display with Punch Hole",50 MP + 50 MP + 50 MP Triple Rear & 32 MP Front Camera,Android v16,No FM Radio
Google Pixel 10 Pro Fold,"₹1,59,999",4;,5015 mAh Battery with 30W Fast Charging,"Dual Sim, 5G, VoLTE, NFC, eSIM, Wi-Fi","Tensor G5, Octa Core, 3.78 GHz Processor","16 GB RAM, 256 GB inbuilt","8 inches, 2076 x 2152 px, 120 Hz Display with Punch Hole","Foldable Display, Dual Display",48 MP + 10.8 MP + 10.5 MP Triple Rear & 10 MP + 10 MP Dual Front Camera,Android v16
Realme C71 (6GB RAM + 128GB),"₹13,999",4;,6300 mAh Battery with 15W Fast Charging,"Dual Sim, 4G, Wi-Fi","Unisoc UMS9230E, Octa Core, 1.8 GHz Processor","6 GB RAM, 128 GB inbuilt","6.75 inches, 720 x 1600 px, 90 Hz Display with Water Drop Notch",13 MP Rear & 5 MP Front Camera,Memory Card Supported,Android v15
Vivo X Fold 5 5G,"₹1,34,999",4.35;,6000 mAh Battery with 80W Fast Charging,"Dual Sim, 5G, VoLTE, NFC, Wi-Fi, IR Blaster","Snapdragon 8 Gen3, Octa Core, 3.3 GHz Processor","16 GB RAM, 512 GB inbuilt","8.03 inches, 2200 x 2480 px, 120 Hz Display with Punch Hole","Foldable Display, Dual Display",50 MP + 50 MP + 50 MP Triple Rear & 20 MP + 20 MP Dual Front Camera,Android v15
Oppo F29 Pro 5G,"₹26,999",4.75;,6000 mAh Battery with 80W Fast Charging,"Dual Sim, 5G, VoLTE, Wi-Fi","Dimensity 7300, Octa Core, 2.5 GHz Processor","8 GB RAM, 128 GB inbuilt","6.7 inches, 1080 x 2412 px, 120 Hz Display with Punch Hole",50 MP + 2 MP Dual Rear & 16 MP Front Camera,Android v14,No FM Radio
Samsung Galaxy A36 5G (12GB RAM + 256GB),"₹39,890",4.7;,5000 mAh Battery with 45W Fast Charging,"Dual Sim, 5G, VoLTE, NFC, Wi-Fi","Snapdragon 6 Gen3, Octa Core, 2.4 GHz Processor","12 GB RAM, 256 GB inbuilt","6.7 inches, 1080 x 2340 px, 120 Hz Display with Punch Hole",50 MP + 8 MP + 5 MP Triple Rear & 12 MP Front Camera,Android v15,No FM Radio
Xiaomi Redmi Note 14 Pro (8GB RAM + 256GB),"₹25,699",4.35;,5500 mAh Battery with 45W Fast Charging,"Dual Sim, 5G, VoLTE, Wi-Fi, IR Blaster","Dimensity 7300 Ultra, Octa Core, 2.5 GHz Processor","8 GB RAM, 256 GB inbuilt","6.67 inches, 1220 x 2712 px, 120 Hz Display with Punch Hole",50 MP + 8 MP + 2 MP Triple Rear & 20 MP Front Camera,Android v14,No FM Radio
Realme 13 Plus 5G,"₹22,999",4.15;,5000 mAh Battery with 80W Fast Charging,"Dual Sim, 5G, VoLTE, NFC, Wi-Fi","Dimensity 7300 E, Octa Core, 2.5 GHz Processor","8 GB RAM, 128 GB inbuilt","6.67 inches, 1080 x 2400 px, 120 Hz Display with Punch Hole",50 MP + 2 MP Dual Rear & 16 MP Front Camera,"Memory Card (Hybrid), upto 2 TB",Android v14
Google Pixel 9 Pro XL,"₹99,999",4.35;,5060 mAh Battery with 37W Fast Charging,"Dual Sim, 5G, VoLTE, Vo5G, NFC, Wi-Fi","Tensor G4, Octa Core, 3.1 GHz Processor","16 GB RAM, 256 GB inbuilt","6.8 inches, 1344 x 2992 px, 120 Hz Display with Punch Hole",50 MP + 48 MP + 48 MP Triple Rear & 42 MP Front Camera,Android v14,No FM Radio
OPPO Reno 12 Pro 5G,"₹41,990",4.45;,5000 mAh Battery with 80W Fast Charging,"Dual Sim, 5G, VoLTE, NFC, Wi-Fi, IR Blaster","Dimensity 7300 Energy, Octa Core, 2.5 GHz Processor","12 GB RAM, 256 GB inbuilt","6.7 inches, 1080 x 2412 px, 120 Hz Display with Punch Hole",50 MP + 50 MP + 8 MP Triple Rear & 50 MP Front Camera,Memory Card (Hybrid),Android v14
Motorola Razr 50 Ultra 5G,"₹69,999",4.7;,4000 mAh Battery with 45W Fast Charging,"Dual Sim, 5G, VoLTE, NFC, eSIM, Wi-Fi","Snapdragon 8s Gen3, Octa Core, 3 GHz Processor","12 GB RAM, 512 GB inbuilt","6.9 inches, 1080 x 2640 px, 165 Hz Display with Punch Hole","Foldable Display, Dual Display",50 MP + 50 MP Dual Rear & 32 MP Front Camera,Memory Card Not Supported
Vivo X Fold 3 Pro,"₹1,14,799",4.45;,5700 mAh Battery with 100W Fast Charging,"Dual Sim, 5G, VoLTE, NFC, Wi-Fi, IR Blaster","Snapdragon 8 Gen3, Octa Core, 3.3 GHz Processor","16 GB RAM, 512 GB inbuilt","8.03 inches, 2200 x 2480 px, 120 Hz Display with Punch Hole","Foldable Display, Dual Display",64 MP + 50 MP + 50 MP Triple Rear & 32 MP + 32 MP Dual Front Camera,Memory Card Not Supported
Jio Bharat B1 4G,"₹2,499",4.7;,2000 mAh Battery,"Single Sim, 4G, VoLTE",No Wifi,"512 MB RAM, 4 GB inbuilt","2.4 inches, 240 x 320 px Display",0.3 MP Rear Camera,"Memory Card Supported, upto 128 GB",Bluetooth
Motorola Moto G54 5G,"₹17,999",4.3;,6000 mAh Battery with 33W Fast Charging,"Dual Sim, 5G, VoLTE, Wi-Fi","Dimensity 7020, Octa Core, 2.2 GHz Processor","8 GB RAM, 128 GB inbuilt","6.5 inches, 1080 x 2400 px, 120 Hz Display with Punch Hole",50 MP + 8 MP Dual Rear & 16 MP Front Camera,"Memory Card (Hybrid), upto 1 TB",Android v13
Samsung Galaxy Z Fold 5,"₹1,54,999",4.75;,4400 mAh Battery with 25W Fast Charging,"Dual Sim, 5G, VoLTE, Vo5G, NFC, Wi-Fi","Snapdragon 8 Gen 2, Octa Core, 3.36 GHz Processor","12 GB RAM, 256 GB inbuilt","7.6 inches, 1812 x 2176 px, 120 Hz Display with Punch Hole","Foldable Display, Dual Display",50 MP + 12 MP + 10 MP Triple Rear & 10 MP + 4 MP Dual Front Camera,Android v13
Jio Bharat K1 Karbonn,"₹1,299",4.4;,"512 MB RAM, 4 GB inbuilt","Single Sim, 4G, VoLTE",No Wifi,ASR,1000 mAh Battery,"1.77 inches, 240 x 320 px Display",0.3 MP Rear Camera,"Memory Card Supported, upto 128 GB"
Oppo Reno 10 Pro Plus,"₹44,999",4.6;,4700 mAh Battery with 100W Fast Charging,"Dual Sim, 5G, VoLTE, NFC, Wi-Fi, IR Blaster","Snapdragon 8+ Gen1, Octa Core, 3.2 GHz Processor","12 GB RAM, 256 GB inbuilt","6.74 inches, 1240 x 2772 px, 120 Hz Display with Punch Hole",64 MP + 50 MP + 8 MP Triple Rear & 32 MP Front Camera,Android v13,No FM Radio
Nokia 106 4G,"₹2,299",4.2;,1450 mAh Battery,"Dual Sim, 4G, VoLTE",No Wifi,4 MB RAM,"1.8 inches, 120 x 160 px Display",No Rear Camera,"Memory Card Supported, upto 32 GB",Bluetooth
Poco X5 Pro (8GB RAM + 256GB),"₹25,998",4.15;,5000 mAh Battery with 67W Fast Charging,"Dual Sim, 5G, VoLTE, Wi-Fi, IR Blaster","Snapdragon 778G, Octa Core, 2.4 GHz Processor","8 GB RAM, 256 GB inbuilt","6.67 inches, 1080 x 2400 px, 120 Hz Display with Punch Hole",108 MP + 8 MP + 2 MP Triple Rear & 16 MP Front Camera,Memory Card Not Supported,Android v12
Samsung Galaxy A73 5G,"₹31,999",4;,5000 mAh Battery with 25W Fast Charging,"Dual Sim, 5G, VoLTE, NFC, Wi-Fi","Snapdragon 778G, Octa Core, 2.4 GHz Processor","8 GB RAM, 128 GB inbuilt","6.7 inches, 1080 x 2400 px, 120 Hz Display with Punch Hole",108 MP Quad Rear & 32 MP Front Camera,"Memory Card (Hybrid), upto 1 TB",Android v12
Poco M4 Pro 5G,"₹14,999",3.95;,5000 mAh Battery with 33W Fast Charging,"Dual Sim, 5G, VoLTE, Wi-Fi, IR Blaster","Dimensity 810 5G, Octa Core, 2.4 GHz Processor","4 GB RAM, 64 GB inbuilt","6.6 inches, 1080 x 2400 px, 90 Hz Display with Punch Hole",50 MP + 8 MP Dual Rear & 16 MP Front Camera,"Memory Card (Hybrid), upto 1 TB",Android v11
Ai+ Pulse 2 (4GB RAM + 128GB),"₹10,999",4.45;,6000 mAh Battery with 10W Fast Charging,"Dual Sim, 4G, VoLTE, Wi-Fi","Unisoc T7250, Octa Core, 1.8 GHz Processor","4 GB RAM, 128 GB inbuilt","6.75 inches, 720 x 1600 px, 120 Hz Display with Water Drop Notch",50 MP Dual Rear & 8 MP Front Camera,"Memory Card Supported, upto 1 TB",Android v16
Realme 16T 5G (8GB RAM + 128GB),"₹28,890",4;,8000 mAh Battery with 45W Fast Charging,"Dual Sim, 5G, VoLTE, Wi-Fi","Dimensity 6300, Octa Core, 2.4 GHz Processor","8 GB RAM, 128 GB inbuilt","6.8 inches, 720 x 1570 px, 144 Hz Display with Punch Hole",50 MP + 2 MP Dual Rear & 16 MP Front Camera,"Memory Card (Hybrid), upto 2 TB",Android v16
Motorola Razr Fold FIFA World Cup 26 Edition,"₹1,69,999",4.6;,6000 mAh Battery with 80W Fast Charging,"Dual Sim, 5G, VoLTE, NFC, eSIM, Wi-Fi","Snapdragon 8 Gen5, Octa Core, 3.8 GHz Processor","16 GB RAM, 512 GB inbuilt","8.09 inches, 2232 x 2484 px, 120 Hz Display with Punch Hole","Foldable Display, Dual Display",50 MP + 50 MP + 50 MP Triple Rear & 32 MP + 20 MP Dual Front Camera,Memory Card Not Supported
Ai+ Nova Flip,"₹49,999",4.25;,4325 mAh Battery with Fast Charging,"Dual Sim, 5G, VoLTE, NFC, Wi-Fi","Dimensity 7300X, Octa Core, 2.5 GHz Processor","8 GB RAM, 256 GB inbuilt","6.9 inches, 2790 x 1188 px Display with Punch Hole","Foldable Display, Dual Display",50 MP + 2 MP Dual Rear & 32 MP Front Camera,Memory Card Not Supported
Lava Bold N1 5G (6GB RAM + 128GB),"₹13,999",4.5;,5000 mAh Battery with 10W Fast Charging,"Dual Sim, 5G, VoLTE, Wi-Fi","Unisoc T765, Octa Core, 2.3 GHz Processor","6 GB RAM, 128 GB inbuilt","6.75 inches, 720 x 1600 px Display with Water Drop Notch",13 MP Rear & 5 MP Front Camera,Memory Card Supported,Android v15
Lava Bold N2 Lite,"₹8,999",4.7;,5000 mAh Battery with 10W Fast Charging,"Dual Sim, 4G, VoLTE, Wi-Fi","Unisoc SC9863A, Octa Core Processor","3 GB RAM, 64 GB inbuilt","6.75 inches, 720 x 1600 px, 90 Hz Display with Water Drop Notch",13 MP Dual Rear & 5 MP Front Camera,"Memory Card Supported, upto 512 GB",Android 15 Go Edition
OPPO F33 Pro 5G (8GB RAM + 256GB),"₹40,990",4.45;,7000 mAh Battery with 80W Fast Charging,"Dual Sim, 5G, VoLTE, Wi-Fi, IR Blaster","Dimensity 6360 MAX, Octa Core, 2.4 GHz Processor","8 GB RAM, 256 GB inbuilt","6.57 inches, 1080 x 2372 px, 120 Hz Display with Punch Hole",50 MP + 2 MP Dual Rear & 50 MP Front Camera,Memory Card (Hybrid),Android v16
Wobble One,"₹20,999",4.75;,5000 mAh Battery with 33W Fast Charging,"Dual Sim, 5G, VoLTE, Wi-Fi","Dimensity 7400, Octa Core, 2.6 GHz Processor","8 GB RAM, 128 GB inbuilt","6.67 inches, 1080 x 1920 px, 120 Hz Display with Punch Hole",50 MP + 8 MP + 2 MP Triple Rear & 50 MP Front Camera,Android v15,No FM Radio
Ai+ Pulse 2,"₹10,220",4;,6000 mAh Battery with 10W Fast Charging,"Dual Sim, 4G, VoLTE, Wi-Fi","Unisoc T7250, Octa Core, 1.8 GHz Processor","4 GB RAM, 64 GB inbuilt","6.75 inches, 720 x 1600 px, 120 Hz Display with Water Drop Notch",50 MP Dual Rear & 8 MP Front Camera,"Memory Card Supported, upto 1 TB",Android v16
Realme C83 5G (4GB RAM + 128GB),"₹18,314",4.75;,7000 mAh Battery with 15W Fast Charging,"Dual Sim, 5G, VoLTE, Wi-Fi","Dimensity 6300, Octa Core, 2.4 GHz Processor","4 GB RAM, 128 GB inbuilt","6.8 inches, 720 x 1570 px, 144 Hz Display with Punch Hole",13 MP Rear & 5 MP Front Camera,"Memory Card (Hybrid), upto 2 TB",Android v16
Realme C83 5G (6GB RAM + 128GB),"₹20,499",4.6;,7000 mAh Battery with 15W Fast Charging,"Dual Sim, 5G, VoLTE, Wi-Fi","Dimensity 6300, Octa Core, 2.4 GHz Processor","6 GB RAM, 128 GB inbuilt","6.8 inches, 720 x 1570 px, 144 Hz Display with Punch Hole",13 MP Rear & 5 MP Front Camera,"Memory Card (Hybrid), upto 2 TB",Android v16
Tecno POP X,"₹8,499",4.4;,5000 mAh Battery with 15W Fast Charging,"Dual Sim, 4G, VoLTE, Wi-Fi, IR Blaster","Unisoc T7250, Octa Core, 1.8 GHz Processor","4 GB RAM, 64 GB inbuilt","6.74 inches, 720 x 1600 px, 120 Hz Display with Punch Hole",13 MP Rear & 8 MP Front Camera,"Memory Card Supported, upto 1 TB",Android v15
Infinix Note Edge 5G (8GB RAM + 256GB),"₹28,999",4.55;,6500 mAh Battery with 45W Fast Charging,"Dual Sim, 5G, VoLTE, NFC, Wi-Fi, IR Blaster","Dimensity 7100, Octa Core, 2.4 GHz Processor","8 GB RAM, 256 GB inbuilt","6.78 inches, 1208 x 2644 px, 120 Hz Display with Punch Hole",50 MP Dual Rear & 13 MP Front Camera,Android v16,Bluetooth
Realme P4 Lite 4G,"₹12,719",4.7;,6300 mAh Battery with 15W Fast Charging,"Dual Sim, 4G, Wi-Fi","Unisoc T7250, Octa Core, 1.8 GHz Processor","4 GB RAM, 64 GB inbuilt","6.74 inches, 720 x 1600 px Display",13 MP Rear & 5 MP Front Camera,Memory Card Supported,Android v15
Realme Narzo 90x (4GB+128GB),"₹17,499",4;,7000 mAh Battery with 60W Fast Charging,"Dual Sim, 5G, VoLTE, Wi-Fi","Dimensity 6300, Octa Core, 2.4 GHz Processor","4 GB RAM, 128 GB inbuilt","6.8 inches, 720 x 1570 px, 144 Hz Display with Punch Hole",50 MP + 2 MP Dual Rear & 8 MP Front Camera,"Memory Card (Hybrid), upto 2 TB",Android v15
Oppo Reno 15c 5G (12GB RAM + 256GB),"₹44,999",4.1;,7000 mAh Battery with 80W Fast Charging,"Dual Sim, 5G, Wi-Fi, IR Blaster","Snapdragon 6 Gen1, Octa Core, 2.2 GHz Processor","12 GB RAM, 256 GB inbuilt","6.57 inches, 1080 x 2372 px, 120 Hz Display with Punch Hole",50 MP + 8 MP + 2 MP Triple Rear & 50 MP Front Camera,Android v16,No FM Radio
Xiaomi Redmi Note 15 Pro Plus (12GB RAM + 256GB),"₹41,999",4.5;,6500 mAh Battery with 100W Fast Charging,"Dual Sim, 5G, VoLTE, NFC, eSIM, Wi-Fi, IR Blaster","Snapdragon 7s Gen4, Octa Core, 2.7 GHz Processor","12 GB RAM, 256 GB inbuilt","6.83 inches, 1280 x 2772 px, 120 Hz Display with Punch Hole",200 MP + 8 MP Dual Rear & 32 MP Front Camera,Memory Card Not Supported,Android v15
Lava Blaze Duo 3 5G,"₹20,999",4.2;,5000 mAh Battery with 33W Fast Charging,"Dual Sim, 5G, VoLTE, Vo5G, Wi-Fi, IR Blaster","Dimensity 7060, Octa Core Processor","6 GB RAM, 128 GB inbuilt","6.67 inches, 1080 x 2400 px, 120 Hz Display with Punch Hole",Dual Display,50 MP Dual Rear & 8 MP Front Camera,Memory Card (Hybrid)
Mixx Eluga X1,"₹2,600",4.35;,3000 mAh Battery,"Dual Sim, 4G, Wi-Fi","Single Core, 4 MHz Processor","1 GB RAM, 16 GB inbuilt","2.8 inches, 1080 x 1080 px Display",4 MP Rear Camera,Android v11.1,No FM Radio
Peace Nova 17 Pro 4G (6GB RAM + 128GB),"₹9,999",4.5;,5000 mAh Battery,"Dual Sim, 4G, VoLTE, Wi-Fi","MTK6739, Single Core Processor","6 GB RAM, 128 GB inbuilt","6.56 inches, 1640 x 720 px Display",20 MP Rear & 8 MP Front Camera,"Memory Card (Hybrid), upto 128 GB",No FM Radio
OPPO Reno 15 5G (12GB RAM + 512GB),"₹55,999",4.65;,6500 mAh Battery with 80W Fast Charging,"Dual Sim, 5G, VoLTE, Wi-Fi, IR Blaster","Snapdragon 7 Gen4, Octa Core, 2.8 GHz Processor","12 GB RAM, 512 GB inbuilt","6.59 inches, 1256 x 2760 px, 120 Hz Display with Punch Hole",50 MP + 50 MP + 8 MP Triple Rear & 50 MP Front Camera,Memory Card Not Supported,Android v16
OPPO Reno 15 Pro 5G (12GB RAM + 512GB),"₹72,999",4;,6500 mAh Battery with 80W Fast Charging,"Dual Sim, 5G, VoLTE, NFC, Wi-Fi, IR Blaster","Dimensity 8450, Octa Core, 3.25 GHz Processor","12 GB RAM, 512 GB inbuilt","6.78 inches, 1272 x 2772 px, 120 Hz Display with Punch Hole",200 MP + 50 MP + 50 MP Triple Rear & 50 MP Front Camera,Memory Card Not Supported,Android v16
Realme 16 Pro Plus 5G (8GB+256GB),"₹50,999",4.2;,7000 mAh Battery with 80W Fast Charging,"Dual Sim, 5G, VoLTE, NFC, Wi-Fi, IR Blaster","Snapdragon 7 Gen4, Octa Core, 2.8 GHz Processor","8 GB RAM, 256 GB inbuilt","6.8 inches, 1280 x 2800 px, 144 Hz Display with Punch Hole",200 MP + 50 MP + 8 MP Triple Rear & 50 MP Front Camera,Android v16,No FM Radio
Realme Narzo 90x (8GB+128GB),"₹21,499",4.4;,7000 mAh Battery with 60W Fast Charging,"Dual Sim, 5G, VoLTE, Wi-Fi","Dimensity 6300, Octa Core, 2.4 GHz Processor","8 GB RAM, 128 GB inbuilt","6.8 inches, 720 x 1570 px, 144 Hz Display with Punch Hole",50 MP + 2 MP Dual Rear & 8 MP Front Camera,"Memory Card (Hybrid), upto 2 TB",Android v15
Peace Nova 17 Pro 4G,"₹8,499",4.55;,5000 mAh Battery,"Dual Sim, 4G, VoLTE, Wi-Fi","MTK6739, Single Core Processor","4 GB RAM, 64 GB inbuilt","6.56 inches, 1640 x 720 px Display",20 MP Rear & 8 MP Front Camera,"Memory Card (Hybrid), upto 128 GB",No FM Radio
Motorola Moto A100,"₹1,022",4.05;,800 mAh Battery,Single Sim,"Unisoc, 1 MHz Processor","4 MB RAM, 36 MB inbuilt","1.44 inches, 240 x 320 px Display",No Rear Camera,"Memory Card Supported, upto 32 MB",
MTR M16 Pro,"₹5,700",4.3;,2000 mAh Battery,"Dual Sim, 4G, Wi-Fi","Helio, 512 MHz Processor","3 GB RAM, 32 MB inbuilt","4 inches, 480 x 640 px Display with Punch Hole",5 MP Rear Camera,Android v13.0,Bluetooth
Samsung Galaxy M07 4G,"₹11,999",4.75;,5000 mAh Battery with 25W Fast Charging,"Dual Sim, 4G, Wi-Fi","Helio G99, Octa Core, 2.2 GHz Processor","4 GB RAM, 64 GB inbuilt","6.7 inches, 720 x 1600 px Display with Water Drop Notch",50 MP + 2 MP Dual Rear & 8 MP Front Camera,Memory Card Supported,Android v15
Oppo F31 Pro Plus 5G (12GB RAM + 256GB),"₹39,999",4;,7000 mAh Battery with 80W Fast Charging,"Dual Sim, 5G, VoLTE, Wi-Fi","Snapdragon 7 Gen3, Octa Core, 2.63 GHz Processor","12 GB RAM, 256 GB inbuilt","6.8 inches, 1280 x 2800 px, 120 Hz Display with Punch Hole",50 MP + 2 MP Dual Rear & 32 MP Front Camera,Android v15,No FM Radio
Apple iPhone 17 Pro (1TB),"₹1,67,990",4.3;,3988 mAh Battery with Fast Charging,"Dual Sim, 5G, VoLTE, NFC, eSIM, Wi-Fi","Apple A19 Pro, Hexa Core Processor","12 GB RAM, 1 TB inbuilt","6.3 inches, 1206 x 2622 px, 120 Hz Display with Dynamic Island",48 MP + 48 MP + 48 MP Triple Rear & 18 MP Front Camera,Memory Card Not Supported,iOS v26
Realme C71,"₹11,999",4.65;,6300 mAh Battery with 15W Fast Charging,"Dual Sim, 4G, Wi-Fi","Unisoc UMS9230E, Octa Core, 1.8 GHz Processor","4 GB RAM, 64 GB inbuilt","6.75 inches, 720 x 1600 px, 90 Hz Display with Water Drop Notch",13 MP Rear & 5 MP Front Camera,Memory Card Supported,Android v15
Vivo T4 Lite 5G (8GB RAM +256GB),"₹23,999",4.25;,6000 mAh Battery with 15W Fast Charging,"Dual Sim, 5G, VoLTE, Wi-Fi","Dimensity 6300, Octa Core, 2.4 GHz Processor","8 GB RAM, 128 GB inbuilt","6.74 inches, 720 x 1600 px, 90 Hz Display with Water Drop Notch",50 MP + 2 MP Dual Rear & 5 MP Front Camera,"Memory Card Supported, upto 2 TB",Android v15
Alcatel V3 Pro,"₹15,483",4.2;,5200 mAh Battery with 18W Fast Charging,"Dual Sim, 5G, VoLTE, NFC, Wi-Fi","Dimensity 6300, Octa Core, 2.4 GHz Processor","8 GB RAM, 256 GB inbuilt","6.67 inches, 720 x 1600 px, 120 Hz Display with Punch Hole",50 MP + 5 MP Dual Rear & 8 MP Front Camera,"Memory Card (Hybrid), upto 2 TB",Android v15
Alcatel V3 Ultra,"₹16,979",4.45;,5010 mAh Battery with 33W Fast Charging,"Dual Sim, 5G, VoLTE, NFC, eSIM, Wi-Fi","Dimensity 6300, Octa Core, 2.4 GHz Processor","6 GB RAM, 128 GB inbuilt","6.78 inches, 1080 x 2460 px, 120 Hz Display with Punch Hole",108 MP + 8 MP + 2 MP Triple Rear & 32 MP Front Camera,"Memory Card Supported, upto 2 TB",Android v14
Acer Super ZX 5G  (8GB RAM + 128GB),"₹16,999",4.4;,5000 mAh Battery with 33W Fast Charging,"Dual Sim, 5G, VoLTE, Wi-Fi","Dimensity 6300, Octa Core, 2.4 GHz Processor","8 GB RAM, 128 GB inbuilt","6.8 inches, 1080 x 2400 px, 120 Hz Display with Punch Hole",64 MP + 2 MP + 2 MP Triple Rear & 13 MP Front Camera,Android v15,Bluetooth
Infinix Note 50s 5G (8GB RAM + 256GB),"₹24,999",4.1;,5500 mAh Battery with 45W Fast Charging,"Dual Sim, 5G, VoLTE, Wi-Fi, IR Blaster","Dimensity 7300 Ultimate, Octa Core, 2.5 GHz Processor","8 GB RAM, 256 GB inbuilt","6.78 inches, 1080 x 2436 px, 144 Hz Display with Punch Hole",64 MP + 2 MP Dual Rear & 13 MP Front Camera,Android v15,Bluetooth
Samsung Galaxy M06 (6GB RAM + 128GB),"₹15,999",4.3;,5000 mAh Battery with 25W Fast Charging,"Dual Sim, 5G, VoLTE, Wi-Fi","Dimensity 6300, Octa Core, 2.4 GHz Processor","6 GB RAM, 128 GB inbuilt","6.74 inches, 720 x 1600 px, 90 Hz Display with Water Drop Notch",50 MP + 2 MP Dual Rear & 8 MP Front Camera,"Memory Card (Hybrid), upto 1.5 TB",Android v15
Realme GT 7 Pro (16GB RAM + 512GB),"₹62,500",4.3;,5800 mAh Battery with 120W Fast Charging,"Dual Sim, 5G, VoLTE, NFC, Wi-Fi, IR Blaster","Snapdragon 8 Elite, Octa Core, 4.32 GHz Processor","16 GB RAM, 512 GB inbuilt","6.78 inches, 1264 x 2780 px, 120 Hz Display with Punch Hole",50 MP + 50 MP + 8 MP Triple Rear & 16 MP Front Camera,Memory Card Not Supported,Android v15
Oppo Find X8 Pro 5G,"₹97,900",4.75;,5910 mAh Battery with 80W Fast Charging,"Dual Sim, 5G, VoLTE, NFC, Wi-Fi, IR Blaster","Dimensity 9400, Octa Core, 3.63 GHz Processor","16 GB RAM, 512 GB inbuilt","6.78 inches, 1264 x 2780 px, 120 Hz Display with Punch Hole",50 MP Quad Rear & 32 MP Front Camera,Android v15,No FM Radio
Jio Bharat V3,"₹1,399",4.75;,1000 mAh Battery,"Single Sim, 4G, VoLTE",No Wifi,"512 MB RAM, 4 GB inbuilt","1.77 inches, 240 x 320 px Display",0.3 MP Rear Camera,"Memory Card Supported, upto 128 GB",Bluetooth
OPPO F27 (8GB RAM + 256GB),"₹28,999",4.35;,5000 mAh Battery with 45W Fast Charging,"Dual Sim, 5G, VoLTE, Wi-Fi","Dimensity 6300, Octa Core, 2.4 GHz Processor","8 GB RAM, 256 GB inbuilt","6.67 inches, 1080 x 2412 px, 120 Hz Display with Punch Hole",50 MP + 2 MP Dual Rear & 32 MP Front Camera,"Memory Card (Hybrid), upto 2 TB",Android v14
OnePlus Open 5G Apex Edition,"₹1,49,999",4.3;,4805 mAh Battery with 67W Fast Charging,"Dual Sim, 5G, VoLTE, NFC, Wi-Fi, IR Blaster","Snapdragon 8 Gen2, Octa Core, 3.2 GHz Processor","16 GB RAM, 1 TB inbuilt","7.82 inches, 2268 x 2440 px, 120 Hz Display with Punch Hole","Foldable Display, Dual Display",64 MP + 48 MP + 48 MP Triple Rear & 32 MP + 20 MP Dual Front Camera,Memory Card Not Supported
OPPO A3x 5G (4GB RAM + 64GB),"₹17,285",4.75;,5100 mAh Battery with 45W Fast Charging,"Dual Sim, 5G, VoLTE, Wi-Fi","Dimensity 6300, Octa Core, 2.4 GHz Processor","4 GB RAM, 64 GB inbuilt","6.67 inches, 720 x 1604 px, 120 Hz Display with Punch Hole",8 MP Rear & 5 MP Front Camera,Memory Card (Hybrid),Android v14
OPPO Reno 12 5G,"₹41,000",4.15;,5000 mAh Battery with 80W Fast Charging,"Dual Sim, 5G, VoLTE, Wi-Fi, IR Blaster","Dimensity 7300, Octa Core, 2.5 GHz Processor","8 GB RAM, 256 GB inbuilt","6.7 inches, 1080 x 2412 px, 120 Hz Display with Punch Hole",50 MP + 8 MP + 2 MP Triple Rear & 32 MP Front Camera,Memory Card (Hybrid),Android v14
OPPO Reno 12 Pro 5G (12GB RAM + 512GB),"₹55,999",4.75;,5000 mAh Battery with 80W Fast Charging,"Dual Sim, 5G, VoLTE, NFC, Wi-Fi, IR Blaster","Dimensity 7300 Energy, Octa Core, 2.5 GHz Processor","12 GB RAM, 512 GB inbuilt","6.7 inches, 1080 x 2412 px, 120 Hz Display with Punch Hole",50 MP + 50 MP + 8 MP Triple Rear & 50 MP Front Camera,Memory Card (Hybrid),Android v14
Realme GT 6 5G (12GB RAM + 256GB),"₹42,990",4.05;,5500 mAh Battery with 120W Fast Charging,"Dual Sim, 5G, VoLTE, Vo5G, NFC, Wi-Fi, IR Blaster","Snapdragon 8s Gen3, Octa Core, 3 GHz Processor","12 GB RAM, 256 GB inbuilt","6.78 inches, 1264 x 2780 px, 120 Hz Display with Punch Hole",50 MP + 50 MP + 8 MP Triple Rear & 32 MP Front Camera,Memory Card Not Supported,Android v14
Vivo Y200 Pro 5G,"₹29,799",4.6;,5000 mAh Battery with 44W Fast Charging,"Dual Sim, 5G, VoLTE, Wi-Fi","Snapdragon 695, Octa Core, 2.2 GHz Processor","8 GB RAM, 128 GB inbuilt","6.78 inches, 2400 x 1080 px, 120 Hz Display with Punch Hole",64 MP + 2 MP Dual Rear & 16 MP Front Camera,Android v14,No FM Radio
Vivo Y18,"₹15,999",4.15;,5000 mAh Battery with 15W Fast Charging,"Dual Sim, 4G, VoLTE, Wi-Fi","Helio G85, Octa Core, 2 GHz Processor","4 GB RAM, 64 GB inbuilt","6.56 inches, 720 x 1612 px, 90 Hz Display with Water Drop Notch",50 MP + 0.08 MP Dual Rear & 8 MP Front Camera,Memory Card Supported,Android v14
Realme 12 Pro Plus 5G (12GB RAM + 256GB),"₹34,490",4.15;,5000 mAh Battery with 67W Fast Charging,"Dual Sim, 5G, VoLTE, Wi-Fi","Snapdragon 7s Gen2, Octa Core, 2.4 GHz Processor","12 GB RAM, 256 GB inbuilt","6.7 inches, 1080 x 2412 px, 120 Hz Display with Punch Hole",64 MP + 50 MP + 8 MP Triple Rear & 32 MP Front Camera,Memory Card Not Supported,Android v14
Samsung Galaxy S24 (8GB RAM + 128GB),"₹53,899",4.65;,4000 mAh Battery with 25W Fast Charging,"Dual Sim, 5G, VoLTE, Vo5G, NFC, eSIM, Wi-Fi","Exynos 2400, Deca Core, 3.2 GHz Processor","8 GB RAM, 128 GB inbuilt","6.2 inches, 1080 x 2340 px, 120 Hz Display with Punch Hole",50 MP + 12 MP + 10 MP Triple Rear & 12 MP Front Camera,Android v14,No FM Radio
OPPO Reno 11 Pro 5G,"₹39,990",4.75;,4600 mAh Battery with 80W Fast Charging,"Dual Sim, 5G, VoLTE, NFC, Wi-Fi, IR Blaster","Dimensity 8200, Octa Core, 3.1 GHz Processor","12 GB RAM, 256 GB inbuilt","6.7 inches, 1080 x 2412 px, 120 Hz Display with Punch Hole",50 MP + 32 MP + 8 MP Triple Rear & 32 MP Front Camera,Android v14,No FM Radio
Xiaomi Redmi Note 13 5G (8GB RAM + 256GB),"₹26,895",4.55;,5000 mAh Battery with 33W Fast Charging,"Dual Sim, 5G, VoLTE, Vo5G, Wi-Fi, IR Blaster","Dimensity 6080, Octa Core, 2.4 GHz Processor","8 GB RAM, 256 GB inbuilt","6.67 inches, 1080 x 2400 px, 120 Hz Display with Punch Hole",108 MP + 8 MP + 2 MP Triple Rear & 16 MP Front Camera,"Memory Card (Hybrid), upto 1 TB",Android v13
OPPO A59 5G,"₹17,500",4.4;,5000 mAh Battery with 33W Fast Charging,"Dual Sim, 5G, VoLTE, Wi-Fi","Dimensity 6020, Octa Core, 2.2 GHz Processor","4 GB RAM, 128 GB inbuilt","6.56 inches, 720 x 1612 px, 90 Hz Display with Punch Hole",13 MP + 2 MP Dual Rear & 8 MP Front Camera,"Memory Card Supported, upto 1 TB",Android v13
Vivo V29 Pro,"₹39,990",4.4;,4600 mAh Battery with 80W Fast Charging,"Dual Sim, 5G, VoLTE, Wi-Fi","Dimensity 8200, Octa Core, 3.1 GHz Processor","8 GB RAM, 256 GB inbuilt","6.78 inches, 1260 x 2800 px, 120 Hz Display with Punch Hole",50 MP + 12 MP + 8 MP Triple Rear & 50 MP Front Camera,Android v13,No FM Radio
Motorola Edge 40 Neo,"₹27,999",4.5;,5000 mAh Battery with 68W Fast Charging,"Dual Sim, 5G, VoLTE, NFC, Wi-Fi","Dimensity 7030, Octa Core, 2.5 GHz Processor","8 GB RAM, 128 GB inbuilt","6.55 inches, 1080 x 2400 px, 144 Hz Display with Punch Hole",50 MP + 13 MP Dual Rear & 32 MP Front Camera,Memory Card Not Supported,Android v13
Samsung Galaxy F34 5G,"₹24,499",4.75;,6000 mAh Battery with 25W Fast Charging,"Dual Sim, 5G, VoLTE, NFC, Wi-Fi","Exynos 1280, Octa Core, 2.4 GHz Processor","6 GB RAM, 128 GB inbuilt","6.5 inches, 1080 x 2340 px, 120 Hz Display with Water Drop Notch",50 MP + 8 MP + 2 MP Triple Rear & 13 MP Front Camera,"Memory Card (Hybrid), upto 1 TB",Android v13
Samsung Galaxy Z Flip 5,"₹59,980",4;,3700 mAh Battery with 25W Fast Charging,"Single Sim, 5G, VoLTE, Vo5G, NFC, Wi-Fi","Snapdragon 8 Gen 2, Octa Core, 3.2 GHz Processor","8 GB RAM, 256 GB inbuilt","6.7 inches, 1080 x 2640 px, 120 Hz Display with Punch Hole","Foldable Display, Dual Display",12 MP + 12 MP Dual Rear & 10 MP Front Camera,Memory Card Not Supported
Nokia 105 Dual Sim 2023,"₹1,065",4.75;,1000 mAh Battery,Dual Sim,No Wifi,"4 MB RAM, 4 MB inbuilt","1.8 inches, 120 x 160 px Display",No Rear Camera,Memory Card Supported,
Samsung Galaxy F54,"₹35,999",4.05;,6000 mAh Battery with 25W Fast Charging,"Dual Sim, 5G, VoLTE, NFC, Wi-Fi","Exynos 1380, Octa Core, 2.4 GHz Processor","8 GB RAM, 256 GB inbuilt","6.7 inches, 1080 x 2408 px, 120 Hz Display with Punch Hole",108 MP + 8 MP + 2 MP Triple Rear & 32 MP Front Camera,"Memory Card (Hybrid), upto 1 TB",Android v13
Motorola Edge 40 5G,"₹29,490",4.6;,4400 mAh Battery with 68W Fast Charging,"Dual Sim, 5G, VoLTE, NFC, eSIM, Wi-Fi","Dimensity 8020, Octa Core, 2.6 GHz Processor","8 GB RAM, 256 GB inbuilt","6.55 inches, 1080 x 2400 px, 144 Hz Display",50 MP + 13 MP Dual Rear & 32 MP Front Camera,Android v13,Bluetooth
Infinix Hot 30i,"₹9,499",4.75;,5000 mAh Battery with 10W Fast Charging,"Dual Sim, 4G, VoLTE, Wi-Fi","Helio G37, Octa Core, 2.3 GHz Processor","8 GB RAM, 128 GB inbuilt","6.6 inches, 720 x 1612 px, 90 Hz Display with Water Drop Notch",50 MP Dual Rear & 8 MP Front Camera,"Memory Card Supported, upto 1 TB",Android v12
Samsung Galaxy A34 5G (8GB RAM + 128GB),"₹35,499",4;,5000 mAh Battery with 25W Fast Charging,"Dual Sim, 5G, VoLTE, NFC, Wi-Fi","Dimensity 1080, Octa Core, 2.6 GHz Processor","8 GB RAM, 128 GB inbuilt","6.6 inches, 1080 x 2340 px, 120 Hz Display with Water Drop Notch",48 MP + 8 MP + 5 MP Triple Rear & 13 MP Front Camera,"Memory Card (Hybrid), upto 1 TB",Android v13
Samsung Galaxy S23 (8GB RAM + 256GB),"₹95,999",4;,3900 mAh Battery with 25W Fast Charging,"Dual Sim, 5G, VoLTE, Vo5G, NFC, Wi-Fi","Snapdragon 8 Gen 2, Octa Core, 3.36 GHz Processor","8 GB RAM, 256 GB inbuilt","6.1 inches, 1080 x 2340 px, 120 Hz Display with Punch Hole",50 MP + 12 MP + 10 MP Triple Rear & 12 MP Front Camera,Android v13,No FM Radio
Samsung Galaxy A14 5G,"₹18,499",4.05;,5000 mAh Battery with 15W Fast Charging,"Dual Sim, 5G, VoLTE, Wi-Fi","Exynos 1330, Octa Core, 2.4 GHz Processor","4 GB RAM, 64 GB inbuilt","6.6 inches, 1080 x 2408 px, 90 Hz Display with Water Drop Notch",50 MP + 2 MP + 2 MP Triple Rear & 13 MP Front Camera,"Memory Card Supported, upto 1 TB",Android v13
Xiaomi Redmi Note 12 Pro Plus,"₹32,999",4.65;,4980 mAh Battery with 120W Fast Charging,"Dual Sim, 5G, VoLTE, Wi-Fi, IR Blaster","Dimensity 1080, Octa Core, 2.6 GHz Processor","8 GB RAM, 256 GB inbuilt","6.67 inches, 1080 x 2400 px, 120 Hz Display with Punch Hole",200 MP + 8 MP + 2 MP Triple Rear & 16 MP Front Camera,Memory Card Not Supported,Android v12
Realme C30s (4GB RAM + 64GB),"₹8,499",4;,5000 mAh Battery with 10W Fast Charging,"Dual Sim, 4G, VoLTE, Wi-Fi","Unisoc SC9863A, Octa Core, 1.6 GHz Processor","4 GB RAM, 64 GB inbuilt","6.5 inches, 720 x 1600 px Display with Water Drop Notch",8 MP Rear & 5 MP Front Camera,"Memory Card Supported, upto 1 TB",Android v12
Vivo V25 Pro 5G,"₹29,999",4.6;,4830 mAh Battery with 66W Fast Charging,"Dual Sim, 5G, VoLTE, Wi-Fi","Dimensity 1300, Octa Core, 3 GHz Processor","8 GB RAM, 128 GB inbuilt","6.56 inches, 1080 x 2376 px, 120 Hz Display with Punch Hole",64 MP + 8 MP + 2 MP Triple Rear & 32 MP Front Camera,Android v12,No FM Radio
Samsung Galaxy Z Flip 4 (8GB RAM + 256GB),"₹44,999",4.65;,3700 mAh Battery with 25W Fast Charging,"Dual Sim, 5G, VoLTE, NFC, eSIM, Wi-Fi","Snapdragon  8+ Gen1, Octa Core, 3.2 GHz Processor","8 GB RAM, 256 GB inbuilt","6.7 inches, 1080 x 2640 px, 120 Hz Display with Punch Hole","Foldable Display, Dual Display",12 MP + 12 MP Dual Rear & 10 MP Front Camera,Memory Card Not Supported
Vivo V25 Pro (12GB RAM + 256GB),"₹39,999",4.35;,4830 mAh Battery with 66W Fast Charging,"Dual Sim, 5G, VoLTE, Wi-Fi","Dimensity 1300, Octa Core, 3 GHz Processor","12 GB RAM, 256 GB inbuilt","6.56 inches, 1080 x 2376 px, 120 Hz Display with Punch Hole",64 MP + 8 MP + 2 MP Triple Rear & 32 MP Front Camera,Android v12,No FM Radio
Poco F4 5G (8GB RAM + 128GB),"₹22,990",4.6;,4500 mAh Battery with 67W Fast Charging,"Dual Sim, 5G, VoLTE, NFC, Wi-Fi","Snapdragon  870, Octa Core, 3.2 GHz Processor","8 GB RAM, 128 GB inbuilt","6.67 inches, 1080 x 2400 px, 120 Hz Display with Punch Hole",64 MP + 8 MP + 2 MP Triple Rear & 20 MP Front Camera,Android v12,No FM Radio
iQOO Neo 6 5G,"₹34,599",4.3;,4700 mAh Battery with 80W Fast Charging,"Dual Sim, 5G, VoLTE, Wi-Fi, IR Blaster","Snapdragon 870, Octa Core, 3.2 GHz Processor","8 GB RAM, 128 GB inbuilt","6.62 inches, 1080 x 2400 px, 120 Hz Display with Punch Hole",64 MP + 8 MP + 2 MP Triple Rear & 16 MP Front Camera,Android v12,No FM Radio
OPPO F21 Pro 4G,"₹21,999",4.35;,4500 mAh Battery with 33W Fast Charging,"Dual Sim, 4G, VoLTE, Wi-Fi","Snapdragon  680, Octa Core, 2.4 GHz Processor","8 GB RAM, 128 GB inbuilt","6.5 inches, 1080 x 2400 px, 90 Hz Display with Punch Hole",64 MP + 2 MP + 2 MP Triple Rear & 32 MP Front Camera,"Memory Card Supported, upto 256 GB",Android v12
POCO M4 Pro 4G,"₹13,989",4.35;,5000 mAh Battery with 33W Fast Charging,"Dual Sim, 4G, VoLTE, Wi-Fi, IR Blaster","Helio G96, Octa Core, 2.05 GHz Processor","6 GB RAM, 64 GB inbuilt","6.43 inches, 1080 x 2400 px, 90 Hz Display with Punch Hole",64 MP + 8 MP + 2 MP Triple Rear & 16 MP Front Camera,"Memory Card Supported, upto 1 TB",Android v11
Xiaomi Mi 11 Lite NE 5G,"₹22,005",4.3;,4250 mAh Battery with 33W Fast Charging,"Dual Sim, 5G, VoLTE, NFC, Wi-Fi, IR Blaster","Snapdragon  778G , Octa Core, 2.4 GHz Processor","6 GB RAM, 128 GB inbuilt","6.55 inches, 1080 x 2400 px, 90 Hz Display with Punch Hole",64 MP + 8 MP + 5 MP Triple Rear & 20 MP Front Camera,Memory Card (Hybrid),Android v11
Realme C25,"₹9,999",4.5;,6000 mAh Battery with 18W Fast Charging,"Dual Sim, 4G, VoLTE, Wi-Fi","Helio G70, Octa Core, 2 GHz Processor","4 GB RAM, 64 GB inbuilt","6.5 inches, 1600 x 720 px Display with Water Drop Notch",13 MP + 2 MP + 2 MP Triple Rear & 8 MP Front Camera,"Memory Card Supported, upto 256 GB",Android v11
OnePlus 9 Pro (12GB RAM + 256GB),"₹54,999",4;,4500 mAh Battery with 65W Fast Charging,"Dual Sim, 5G, VoLTE, NFC, Wi-Fi","Snapdragon 888, Octa Core, 2.84 GHz Processor","12 GB RAM, 256 GB inbuilt","6.7 inches, 1440 x 3216 px, 120 Hz Display with Punch Hole",48 MP Quad Rear & 16 MP Front Camera,Memory Card Not Supported,Android v11
Realme Narzo 20A,"₹8,499",4.5;,5000 mAh Battery,"Dual Sim, 4G, VoLTE, Wi-Fi","Snapdragon 665, Octa Core, 2 GHz Processor","3 GB RAM, 32 GB inbuilt","6.5 inches, 720 x 1600 px Display with Water Drop Notch",12 MP + 2 MP + 2 MP Triple Rear & 8 MP Front Camera,"Memory Card Supported, upto 256 GB",Android v10
Realme Narzo 20,"₹10,499",4;,6000 mAh Battery with 18W Fast Charging,"Dual Sim, 4G, VoLTE, Wi-Fi","Helio G85 , Octa Core, 2 GHz Processor","4 GB RAM, 64 GB inbuilt","6.5 inches, 720 x 1600 px Display with Water Drop Notch",48 MP + 8 MP + 2 MP Triple Rear & 8 MP Front Camera,"Memory Card Supported, upto 256 GB",Android v10
Vivo V9,"₹14,990",4.25;,3260 mAh Battery,"Dual Sim, 4G, VoLTE, Wi-Fi","Snapdragon 626, Octa Core, 2.2 GHz Processor","4 GB RAM, 64 GB inbuilt","6.3 inches, 2280 x 1080 px Display with Small Notch",16 MP + 5 MP Dual Rear & 24 MP Front Camera,"Memory Card Supported, upto 256 GB",Android v8.1 (Oreo)
Samsung Metro 313,"₹2,001",4.5;,1000 mAh Battery,Dual Sim,"Single Core, 208 MHz Processor","10 MB RAM, 2 MB inbuilt","2 inches, 320 x 240 px Display",0.3 MP Rear Camera,"Memory Card Supported, upto 16 GB",v30
HMD Vibe 2 5G (6GB RAM + 128GB),"₹18,999",4.2;,6000 mAh Battery with 18W Fast Charging,"Dual Sim, 5G, VoLTE, Wi-Fi","Unisoc T8200, Octa Core, 2.3 GHz Processor","6 GB RAM, 128 GB inbuilt","6.75 inches, 720 x 1600 px, 120 Hz Display with Water Drop Notch",50 MP Dual Rear & 8 MP Front Camera,"Memory Card (Hybrid), upto 1 TB",Android v16
Motorola Razr Fold (16GB RAM + 512GB),"₹1,59,999",4.35;,6000 mAh Battery with 80W Fast Charging,"Dual Sim, 5G, VoLTE, NFC, eSIM, Wi-Fi","Snapdragon 8 Gen5, Octa Core, 3.8 GHz Processor","16 GB RAM, 512 GB inbuilt","8.09 inches, 2232 x 2484 px, 120 Hz Display with Punch Hole","Foldable Display, Dual Display",50 MP + 50 MP + 50 MP Triple Rear & 32 MP + 20 MP Dual Front Camera,Memory Card Not Supported
Itel Zeno 200,"₹10,000",4.55;,5000 mAh Battery with Fast Charging,"Dual Sim, 4G, Wi-Fi, IR Blaster","Unisoc T7100, Octa Core, 1.8 GHz Processor","4 GB RAM, 128 GB inbuilt","6.75 inches, 720 x 1600 px, 120 Hz Display with Water Drop Notch",13 MP Rear & Main Front Camera,Memory Card Supported,Android v15
POCO C81x,"₹10,712",4.1;,5200 mAh Battery with 15W Fast Charging,"Dual Sim, 4G, VoLTE, Wi-Fi","Unisoc T7250, Octa Core, 1.8 GHz Processor","3 GB RAM, 64 GB inbuilt","6.88 inches, 720 x 1640 px, 120 Hz Display with Water Drop Notch",13 MP Rear & 8 MP Front Camera,"Memory Card Supported, upto 2 TB",Android v15
POCO C81,"₹11,588",4.4;,6300 mAh Battery with 15W Fast Charging,"Dual Sim, 4G, VoLTE, Wi-Fi","Unisoc T7250, Octa Core, 1.8 GHz Processor","4 GB RAM, 64 GB inbuilt","6.9 inches, 720 x 1600 px, 120 Hz Display with Water Drop Notch",13 MP Rear & 8 MP Front Camera,"Memory Card Supported, upto 2 TB",Android v16
Xiaomi Redmi A7 4G,"₹12,499",4.6;,5200 mAh Battery with 15W Fast Charging,"Dual Sim, 4G, VoLTE, Wi-Fi","Unisoc T7250, Octa Core, 1.8 GHz Processor","3 GB RAM, 64 GB inbuilt","6.88 inches, 1640 x 720 px, 120 Hz Display with Water Drop Notch",13 MP Rear & 8 MP Front Camera,"Memory Card Supported, upto 2 TB",Android v15
Tecno POP X 5G,"₹15,999",4;,6500 mAh Battery with 45W Fast Charging,"Dual Sim, 5G, VoLTE, Wi-Fi, IR Blaster","Dimensity 6400, Octa Core, 2.5 GHz Processor","4 GB RAM, 128 GB inbuilt","6.78 inches, 720 x 1576 px, 120 Hz Display with Punch Hole",13 MP Rear & 8 MP Front Camera,"Memory Card Supported, upto 1 TB",Android v16
Xiaomi Redmi A7 Pro 4G,"₹12,418",4.3;,6300 mAh Battery with 15W Fast Charging,"Dual Sim, 4G, VoLTE, Wi-Fi","Unisoc T7250, Octa Core, 1.8 GHz Processor","4 GB RAM, 64 GB inbuilt","6.9 inches, 1600 x 720 px, 120 Hz Display with Water Drop Notch",13 MP Rear & 8 MP Front Camera,"Memory Card Supported, upto 2 TB",Android v16
Realme Narzo 100 Lite 5G (4GB RAM + 128GB),"₹17,499",4.05;,7000 mAh Battery with 15W Fast Charging,"Dual Sim, 5G, VoLTE, Wi-Fi","Dimensity 6300, Octa Core, 2.4 GHz Processor","4 GB RAM, 128 GB inbuilt","6.8 inches, 720 x 1570 px, 144 Hz Display with Water Drop Notch",13 MP Dual Rear & 5 MP Front Camera,"Memory Card (Hybrid), upto 2 TB",Android v16
Lava Hero Shakti 2026,₹875,4.35;,1000 mAh Battery,Dual Sim,1.5 MHz Processor,"4 MB RAM, 32 GB inbuilt","1.8 inches, 160 x 128 px Display",No Rear Camera,Memory Card (Hybrid),
Tecno Spark 50 5G (6GB RAM + 128GB),"₹22,999",4.4;,6500 mAh Battery with 45W Fast Charging,"Dual Sim, 5G, VoLTE, Wi-Fi, IR Blaster","Dimensity 6400, Octa Core, 2.5 GHz Processor","6 GB RAM, 128 GB inbuilt","6.78 inches, 720 x 1576 px, 120 Hz Display with Punch Hole",50 MP Rear & 8 MP Front Camera,Memory Card Supported,Android v16
Lava Bold N2,"₹9,699",4.55;,5000 mAh Battery with 10W Fast Charging,"Dual Sim, 4G, VoLTE, Wi-Fi","UNISOC 9863a, Octa Core Processor","4 GB RAM, 64 GB inbuilt","6.75 inches, 720 x 1600 px, 90 Hz Display with Water Drop Notch",13 MP Dual Rear & 5 MP Front Camera,"Memory Card Supported, upto 256 GB",Android 15 Go
Ai+ Pulse 2 (6GB RAM + 128GB),"₹11,999",4.1;,6000 mAh Battery with 10W Fast Charging,"Dual Sim, 4G, VoLTE, Wi-Fi","Unisoc T7250, Octa Core, 1.8 GHz Processor","6 GB RAM, 128 GB inbuilt","6.75 inches, 720 x 1600 px, 120 Hz Display with Water Drop Notch",50 MP Dual Rear & 8 MP Front Camera,"Memory Card Supported, upto 1 TB",Android v16
Apple iPhone 17e (512GB),"₹82,490",4.3;,4005 mAh Battery with Fast Charging,"Dual Sim, 5G, VoLTE, NFC, eSIM, Wi-Fi","Apple A19, Hexa Core Processor","8 GB RAM, 512 GB inbuilt","6.1 inches, 1170 x 2532 px Display with Small Notch",48 MP Rear & 12 MP Front Camera,Memory Card Not Supported,iOS v26.3
Tecno Spark GO 3,"₹11,890",4.35;,5000 mAh Battery with 15W Fast Charging,"Dual Sim, 4G, VoLTE, Wi-Fi, IR Blaster","Unisoc T7250, Octa Core, 1.8 GHz Processor","4 GB RAM, 64 GB inbuilt","6.74 inches, 720 x 1600 px, 120 Hz Display with Punch Hole",13 MP Rear & 8 MP Front Camera,"Memory Card Supported, upto 1 TB",Android v15
Peace Honor 10,"₹5,999",4.7;,3000 mAh Battery,"Dual Sim, 4G, VoLTE, Wi-Fi","Helio, Single Core, 1.3 MHz Processor","3 GB RAM, 32 GB inbuilt","4.5 inches, 412 x 960 px Display",8 MP Rear Camera,Android v14.0,No FM Radio
Peace Mini 5,"₹5,599",4.5;,2000 mAh Battery,"Dual Sim, 4G, Wi-Fi","Helio, Single Core, 1.3 MHz Processor","3 GB RAM, 32 GB inbuilt","3.75 inches, 412 x 960 px Display",8 MP Rear Camera,Android v12,No FM Radio
HMD Touch 4G,"₹4,199",4.55;,1950 mAh Battery,"Dual Sim, 4G, Wi-Fi",Unisoc T127,"128 MB RAM, 64 MB inbuilt","3.2 inches, 240 x 320 px Display",2 MP Rear & 0.3 MP Front Camera,"Memory Card Supported, upto 128 MB",RTOS Touch
Lava Bold N1 5G,"₹11,999",4.75;,5000 mAh Battery with 10W Fast Charging,"Dual Sim, 5G, VoLTE, Wi-Fi","Unisoc T765, Octa Core, 2.3 GHz Processor","4 GB RAM, 64 GB inbuilt","6.75 inches, 720 x 1600 px Display with Water Drop Notch",13 MP Rear & 5 MP Front Camera,Memory Card Supported,Android v15
Infinix Smart 10,"₹11,999",4.4;,5000 mAh Battery with 15W Fast Charging,"Dual Sim, 4G, VoLTE, Wi-Fi","Unisoc T7250, Octa Core, 1.8 GHz Processor","4 GB RAM, 64 GB inbuilt","6.67 inches, 720 x 1600 px, 120 Hz Display with Punch Hole",8 MP Rear & 8 MP Front Camera,Memory Card Supported,Android v15
Realme 15 5G (12GB RAM + 256GB),"₹33,999",4.55;,7000 mAh Battery with 80W Fast Charging,"Dual Sim, 5G, VoLTE, Wi-Fi","Dimensity 7300 Plus, Octa Core Processor","12 GB RAM, 256 GB inbuilt","6.8 inches, 1280 x 2800 px, 144 Hz Display with Punch Hole",50 MP + 8 MP Dual Rear & 50 MP Front Camera,Android v15,No FM Radio
Realme 15 5G (8GB RAM + 256GB),"₹30,999",4.3;,7000 mAh Battery with 80W Fast Charging,"Dual Sim, 5G, VoLTE, Wi-Fi","Dimensity 7300 Plus, Octa Core Processor","8 GB RAM, 256 GB inbuilt","6.8 inches, 1280 x 2800 px, 144 Hz Display with Punch Hole",50 MP + 8 MP Dual Rear & 50 MP Front Camera,Android v15,No FM Radio
Samsung Galaxy Z Flip 7 5G,"₹1,09,999",4.6;,4300 mAh Battery with 25W Fast Charging,"Dual Sim, 5G, VoLTE, Vo5G, NFC, eSIM, Wi-Fi","Exynos 2500, Deca Core, 3.3 GHz Processor","12 GB RAM, 256 GB inbuilt","6.9 inches, 1080 x 2520 px, 120 Hz Display with Punch Hole","Foldable Display, Dual Display",50 MP + 12 MP Dual Rear & 10 MP Front Camera,Memory Card Not Supported
Samsung Galaxy Z Flip 7 FE (8GB RAM + 256GB),"₹95,999",4.6;,4000 mAh Battery with 25W Fast Charging,"Dual Sim, 5G, VoLTE, Vo5G, NFC, eSIM, Wi-Fi","Exynos 2400, Octa Core, 3.2 GHz Processor","8 GB RAM, 256 GB inbuilt","6.7 inches, 1080 x 2640 px, 120 Hz Display with Punch Hole","Foldable Display, Dual Display",50 MP + 12 MP Dual Rear & 10 MP Front Camera,Memory Card Not Supported
Samsung Galaxy Z Fold 7 (12GB RAM + 512GB),"₹1,86,999",4.75;,4400 mAh Battery with 25W Fast Charging,"Dual Sim, 5G, VoLTE, Vo5G, NFC, eSIM, Wi-Fi","Snapdragon 8 Elite for Galaxy, Octa Core, 4.47 GHz Processor","12 GB RAM, 512 GB inbuilt","8 inches, 1968 x 2184 px, 120 Hz Display with Punch Hole","Foldable Display, Dual Display",200 MP + 12 MP + 10 MP Triple Rear & 10 MP + 10 MP Dual Front Camera,Android v16
Oppo A5 (2025),"₹19,499",4.15;,6000 mAh Battery with 45W Fast Charging,"Dual Sim, 5G, VoLTE, NFC, Wi-Fi","Dimensity 6300, Octa Core, 2.4 GHz Processor","6 GB RAM, 128 GB inbuilt","6.67 inches, 720 x 1604 px, 120 Hz Display with Punch Hole",50 MP + 2 MP Dual Rear & 8 MP Front Camera,"Memory Card (Hybrid), upto 2 TB",Android v15
Alcatel V3 Classic (6GB RAM + 128GB),"₹14,490",4.2;,5200 mAh Battery with 18W Fast Charging,"Dual Sim, 5G, VoLTE, NFC, Wi-Fi","Dimensity 6300, Octa Core, 2.4 GHz Processor","6 GB RAM, 128 GB inbuilt","6.67 inches, 720 x 1600 px, 120 Hz Display with Punch Hole",50 MP + 0.08 MP Dual Rear & 8 MP Front Camera,"Memory Card (Hybrid), upto 2 TB",Android v15
Realme C75 5G (6GB RAM + 128GB),"₹18,990",4.35;,6000 mAh Battery with 45W Fast Charging,"Dual Sim, 5G, VoLTE, Wi-Fi","Dimensity 6300, Octa Core, 2.4 GHz Processor","6 GB RAM, 128 GB inbuilt","6.67 inches, 720 x 1604 px, 120 Hz Display with Punch Hole",32 MP Rear & 8 MP Front Camera,Memory Card (Hybrid),Android v15
Realme C75 5G,"₹17,990",4.35;,6000 mAh Battery with 45W Fast Charging,"Dual Sim, 5G, VoLTE, Wi-Fi","Dimensity 6300, Octa Core, 2.4 GHz Processor","4 GB RAM, 128 GB inbuilt","6.67 inches, 720 x 1604 px, 120 Hz Display with Punch Hole",32 MP Rear & 8 MP Front Camera,Memory Card (Hybrid),Android v15
itel A95 5G,"₹10,989",4.35;,5000 mAh Battery with 18W Fast Charging,"Dual Sim, 5G, VoLTE, Wi-Fi","Dimensity 6300, Octa Core, 2.4 GHz Processor","4 GB RAM, 128 GB inbuilt","6.67 inches, 720 x 1600 px, 120 Hz Display with Punch Hole",50 MP Dual Rear & 8 MP Front Camera,Memory Card Supported,Android v14
Xiaomi Redmi A5 4G,"₹12,200",4.45;,5200 mAh Battery with 15W Fast Charging,"Dual Sim, 4G, VoLTE, Wi-Fi","Unisoc T7250, Octa Core, 1.8 GHz Processor","3 GB RAM, 64 GB inbuilt","6.88 inches, 720 x 1650 px, 120 Hz Display with Water Drop Notch",32 MP Rear & 8 MP Front Camera,"Memory Card Supported, upto 2 TB",Android v15
HMD 130 Music (2025),"₹1,899",4.55;,2500 mAh Battery,Dual Sim,Unisoc 6531F,"8 MB RAM, 8 MB inbuilt","2.4 inches, 240 x 320 px Display",No Rear Camera,"Memory Card Supported, upto 32 GB",S30+​
Xiaomi 15 Ultra,"₹99,990",4.7;,5410 mAh Battery with 90W Fast Charging,"Dual Sim, 5G, VoLTE, Vo5G, NFC, Wi-Fi, IR Blaster","Snapdragon 8 Elite, Octa Core, 4.32 GHz Processor","16 GB RAM, 512 GB inbuilt","6.73 inches, 1440 x 3200 px, 120 Hz Display with Punch Hole",50 MP Quad Rear & 32 MP Front Camera,Memory Card Not Supported,Android v15
Xiaomi Redmi 14C 5G (4GB RAM + 128GB),"₹17,498",4.55;,5160 mAh Battery with 18W Fast Charging,"Dual Sim, 5G, VoLTE, Wi-Fi","Snapdragon 4 Gen2, Octa Core, 2.2 GHz Processor","4 GB RAM, 128 GB inbuilt","6.88 inches, 720 x 1640 px, 120 Hz Display with Water Drop Notch",50 MP Dual Rear & 8 MP Front Camera,"Memory Card Supported, upto 1 TB",Android v14
OPPO Reno 13 5G (8GB+256GB),"₹39,999",4.3;,5600 mAh Battery with 80W Fast Charging,"Dual Sim, 5G, VoLTE, NFC, Wi-Fi, IR Blaster","Dimensity 8350, Octa Core, 3.35 GHz Processor","8 GB RAM, 256 GB inbuilt","6.59 inches, 1256 x 2760 px, 120 Hz Display with Punch Hole",50 MP + 8 MP + 2 MP Triple Rear & 50 MP Front Camera,Android v15,No FM Radio
iKall I1 4G,"₹3,699",4.55;,3000 mAh Battery,"Dual Sim, 4G, Wi-Fi",512 MHz Processor,"2 GB RAM, 16 GB inbuilt","2.8 inches, 240 x 320 px Display",0.3 MP Rear Camera,Memory Card Supported,Android v12
Realme GT 7 Pro 5G,"₹54,999",4.65;,5800 mAh Battery with 120W Fast Charging,"Dual Sim, 5G, VoLTE, NFC, Wi-Fi, IR Blaster","Snapdragon 8 Elite, Octa Core, 4.32 GHz Processor","12 GB RAM, 256 GB inbuilt","6.78 inches, 1264 x 2780 px, 120 Hz Display with Punch Hole",50 MP + 50 MP + 8 MP Triple Rear & 16 MP Front Camera,Memory Card Not Supported,Android v15
Realme P1 Speed 5G,"₹23,990",4.45;,5000 mAh Battery with 45W Fast Charging,"Dual Sim, 5G, VoLTE, Wi-Fi","Dimensity 7300 E, Octa Core, 2.5 GHz Processor","8 GB RAM, 128 GB inbuilt","6.67 inches, 1080 x 2400 px, 120 Hz Display with Punch Hole",50 MP + 2 MP Dual Rear & 16 MP Front Camera,"Memory Card (Hybrid), upto 2 TB",Android v14
HMD 105 4G (2024),"₹2,249",4.6;,"128 MB RAM, 64 MB inbuilt",4G,No Wifi,Unisoc T127,1450 mAh Battery,"2.4 inches, 240 x 320 px Display",No Rear Camera,"Memory Card Supported, upto 32 GB"
Motorola Razr 50,"₹49,999",4.7;,4200 mAh Battery with 33W Fast Charging,"Dual Sim, 5G, VoLTE, NFC, eSIM, Wi-Fi","Dimensity 7300X, Octa Core, 2.5 GHz Processor","8 GB RAM, 256 GB inbuilt","6.9 inches, 1080 x 2640 px, 120 Hz Display with Punch Hole","Foldable Display, Dual Display",50 MP + 13 MP Dual Rear & 32 MP Front Camera,Memory Card Not Supported
Samsung Galaxy A06,"₹11,290",4.15;,5000 mAh Battery with 25W Fast Charging,"Dual Sim, 4G, VoLTE, Wi-Fi","Helio G85, Octa Core, 2 GHz Processor","4 GB RAM, 64 GB inbuilt","6.74 inches, 720 x 1600 px Display with Water Drop Notch",50 MP + 2 MP Dual Rear & 8 MP Front Camera,"Memory Card Supported, upto 1 TB",Android v14
Google Pixel 8A (8GB RAM + 256GB),"₹59,950",4.4;,4492 mAh Battery with Fast Charging,"Dual Sim, 5G, VoLTE, NFC, Wi-Fi","Tensor G3, Nine-Cores, 3 GHz Processor","8 GB RAM, 256 GB inbuilt","6.1 inches, 1080 x 2400 px, 120 Hz Display with Punch Hole",64 MP + 13 MP Dual Rear & 13 MP Front Camera,Memory Card Not Supported,Android v14
Samsung Galaxy M55 (8GB RAM + 256GB),"₹31,999",4.55;,5000 mAh Battery with 45W Fast Charging,"Dual Sim, 5G, VoLTE, NFC, Wi-Fi","Snapdragon 7 Gen1, Octa Core, 2.4 GHz Processor","8 GB RAM, 256 GB inbuilt","6.67 inches, 1080 x 2400 px, 120 Hz Display with Punch Hole",50 MP + 8 MP + 2 MP Triple Rear & 50 MP Front Camera,"Memory Card (Hybrid), upto 1 TB",Android v14
Tecno Pova 6 Pro (12GB RAM + 256GB),"₹24,999",4.3;,6000 mAh Battery with 70W Fast Charging,"Dual Sim, 5G, VoLTE, Vo5G, NFC, Wi-Fi, IR Blaster","Dimensity 6080, Octa Core, 2.4 GHz Processor","12 GB RAM, 256 GB inbuilt","6.78 inches, 1080 x 2436 px, 120 Hz Display with Punch Hole",108 MP + 2 MP + 0.08 MP Triple Rear & 32 MP Front Camera,"Memory Card Supported, upto 1 TB",Android v14
Xiaomi 14,"₹54,990",4.35;,4610 mAh Battery with 90W Fast Charging,"Dual Sim, 5G, VoLTE, Vo5G, NFC, eSIM, Wi-Fi, IR Blaster","Snapdragon 8 Gen3, Octa Core, 3.3 GHz Processor","12 GB RAM, 512 GB inbuilt","6.36 inches, 1200 x 2670 px, 120 Hz Display with Punch Hole",50 MP + 50 MP + 50 MP Triple Rear & 32 MP Front Camera,Memory Card Not Supported,Android v14
Realme 12 Pro 5G (8GB RAM + 256GB),"₹31,400",4.35;,5000 mAh Battery with 67W Fast Charging,"Dual Sim, 5G, VoLTE, Wi-Fi","Snapdragon 6 Gen1, Octa Core, 2.2 GHz Processor","8 GB RAM, 256 GB inbuilt","6.7 inches, 1080 x 2412 px, 120 Hz Display with Punch Hole",50 MP + 32 MP + 8 MP Triple Rear & 16 MP Front Camera,Android v14,No FM Radio
OPPO Reno 11 (8GB RAM + 256GB),"₹29,999",4.7;,5000 mAh Battery with 67W Fast Charging,"Dual Sim, 5G, VoLTE, NFC, Wi-Fi, IR Blaster","Dimensity 7050, Octa Core, 2.6 GHz Processor","8 GB RAM, 256 GB inbuilt","6.7 inches, 1080 x 2412 px, 120 Hz Display with Punch Hole",50 MP + 32 MP + 8 MP Triple Rear & 32 MP Front Camera,"Memory Card (Hybrid), upto 2 TB",Android v14
itel A70 4G (4GB RAM + 256GB),"₹8,989",4.6;,5000 mAh Battery with 10W Fast Charging,"Dual Sim, 4G, VoLTE, Wi-Fi","Unisoc T603, Octa Core Processor","4 GB RAM, 256 GB inbuilt","6.6 inches, 720 x 1612 px Display with Water Drop Notch",13 MP Dual Rear & 8 MP Front Camera,"Memory Card Supported, upto 2 TB",Android v13
OPPO A59 5G (6GB RAM + 128GB),"₹19,700",4.5;,5000 mAh Battery with 33W Fast Charging,"Dual Sim, 5G, VoLTE, Wi-Fi","Dimensity 6020, Octa Core, 2.2 GHz Processor","6 GB RAM, 128 GB inbuilt","6.56 inches, 720 x 1612 px, 90 Hz Display with Punch Hole",13 MP + 2 MP Dual Rear & 8 MP Front Camera,"Memory Card Supported, upto 1 TB",Android v13
OPPO A79 5G,"₹22,999",4.2;,5000 mAh Battery with 33W Fast Charging,"Dual Sim, 5G, VoLTE, Wi-Fi","Dimensity 6020, Octa Core, 2.2 GHz Processor","8 GB RAM, 128 GB inbuilt","6.72 inches, 1080 x 2400 px, 90 Hz Display with Punch Hole",50 MP + 2 MP Dual Rear & 8 MP Front Camera,"Memory Card Supported, upto 1 TB",Android v13
Nokia 105 Classic 2023,"₹1,129",4.2;,"1.77 inches, 128 x 160 px Display",Single Sim,"4 MB RAM, 4 MB inbuilt",800 mAh Battery,No Rear Camera,S30+,,
Motorola Edge 40 Neo (12GB RAM + 256GB),"₹29,999",4;,5000 mAh Battery with 68W Fast Charging,"Dual Sim, 5G, VoLTE, NFC, Wi-Fi","Dimensity 7030, Octa Core, 2.5 GHz Processor","12 GB RAM, 256 GB inbuilt","6.55 inches, 1080 x 2400 px, 144 Hz Display with Punch Hole",50 MP + 13 MP Dual Rear & 32 MP Front Camera,Android v13,No FM Radio
Nokia 150 2023,"₹2,807",4.75;,1450 mAh Battery,Dual Sim,No Wifi,"4 MB RAM, 4 MB inbuilt","2.4 inches, 240 x 320 px Display","Memory Card Supported, upto 32 GB",v30,
Samsung Galaxy Z Flip 5 (8GB RAM + 512GB),"₹61,999",4.05;,3700 mAh Battery with 25W Fast Charging,"Single Sim, 5G, VoLTE, Vo5G, NFC, Wi-Fi","Snapdragon 8 Gen 2, Octa Core, 3.2 GHz Processor","8 GB RAM, 512 GB inbuilt","6.7 inches, 1080 x 2640 px, 120 Hz Display with Punch Hole","Foldable Display, Dual Display",12 MP + 12 MP Dual Rear & 10 MP Front Camera,Memory Card Not Supported
Jio Bharat V2,"₹1,999",4.5;,1000 mAh Battery,"Single Sim, 4G, VoLTE",No Wifi,"512 MB RAM, 4 GB inbuilt","1.77 inches, 240 x 320 px Display",0.3 MP Rear Camera,"Memory Card Supported, upto 128 GB",Bluetooth
Xiaomi Redmi 12C,"₹13,999",4.7;,5000 mAh Battery,"Dual Sim, 4G, VoLTE, Wi-Fi","Helio G85, Octa Core, 2 GHz Processor","4 GB RAM, 64 GB inbuilt","6.71 inches, 720 x 1650 px Display with Water Drop Notch",50 MP + Depth Sensor Dual Rear & 5 MP Front Camera,"Memory Card Supported, upto 1 TB",Android v12
Samsung Galaxy F14 5G (6GB RAM + 128GB),"₹18,490",4.2;,6000 mAh Battery with 25W Fast Charging,"Dual Sim, 5G, VoLTE, Wi-Fi","Exynos 1330, Octa Core Processor","6 GB RAM, 128 GB inbuilt","6.6 inches, 2408 x 1080 px Display with Water Drop Notch",50 MP + 2 MP Dual Rear & 13 MP Front Camera,"Memory Card Supported, upto 1 TB",Android v13
Samsung Galaxy A34 5G (8GB RAM + 256GB),"₹39,499",4.7;,5000 mAh Battery with 25W Fast Charging,"Dual Sim, 5G, VoLTE, NFC, Wi-Fi","Dimensity 1080, Octa Core, 2.6 GHz Processor","8 GB RAM, 256 GB inbuilt","6.6 inches, 1080 x 2340 px, 120 Hz Display with Water Drop Notch",48 MP + 8 MP + 5 MP Triple Rear & 13 MP Front Camera,"Memory Card (Hybrid), upto 1 TB",Android v13
Samsung Galaxy S23 Ultra (12GB RAM + 512GB),"₹1,36,999",4.45;,5000 mAh Battery with 45W Fast Charging,"Dual Sim, 5G, VoLTE, Vo5G, NFC, Wi-Fi","Snapdragon 8 Gen 2, Octa Core, 3.36 GHz Processor","12 GB RAM, 512 GB inbuilt","6.8 inches, 1440 x 3088 px, 120 Hz Display with Punch Hole",200 MP Quad Rear & 12 MP Front Camera,Memory Card Not Supported,Android v13
Samsung Galaxy A23 5G,"₹28,990",4.65;,5000 mAh Battery with 25W Fast Charging,"Dual Sim, 5G, VoLTE, Wi-Fi","Snapdragon 695, Octa Core, 2.2 GHz Processor","6 GB RAM, 128 GB inbuilt","6.6 inches, 1080 x 2408 px, 120 Hz Display with Water Drop Notch",50 MP Quad Rear & 8 MP Front Camera,"Memory Card Supported, upto 1 TB",Android v12
Samsung Galaxy A14 5G (6GB RAM + 128GB),"₹20,999",4.75;,5000 mAh Battery with 15W Fast Charging,"Dual Sim, 5G, VoLTE, Wi-Fi","Exynos 1330, Octa Core, 2.4 GHz Processor","6 GB RAM, 128 GB inbuilt","6.6 inches, 1080 x 2408 px, 90 Hz Display with Water Drop Notch",50 MP + 2 MP + 2 MP Triple Rear & 13 MP Front Camera,"Memory Card Supported, upto 1 TB",Android v13
Realme 10,"₹14,990",4.25;,5000 mAh Battery with 33W Fast Charging,"Dual Sim, 4G, VoLTE, Wi-Fi","Helio G99, Octa Core, 2.2 GHz Processor","4 GB RAM, 64 GB inbuilt","6.4 inches, 1080 x 2400 px, 90 Hz Display with Punch Hole",50 MP + 2 MP Dual Rear & 16 MP Front Camera,"Memory Card Supported, upto 1 TB",Android v12
Samsung Galaxy A53 (8GB RAM + 256GB),"₹42,999",4.2;,5000 mAh Battery with 25W Fast Charging,"Dual Sim, 5G, VoLTE, NFC, Wi-Fi","Exynos 1280, Octa Core, 2.4 GHz Processor","8 GB RAM, 256 GB inbuilt","6.5 inches, 1080 x 2400 px, 120 Hz Display with Punch Hole",64 MP Quad Rear & 32 MP Front Camera,"Memory Card Supported, upto 1 TB",Android v12
Xiaomi Redmi 11 Prime 5G (6GB RAM + 128GB),"₹17,500",4.75;,5000 mAh Battery with 18W Fast Charging,"Dual Sim, 5G, VoLTE, Wi-Fi, IR Blaster","Dimensity 700 5G, Octa Core, 2.2 GHz Processor","6 GB RAM, 128 GB inbuilt","6.58 inches, 1080 x 2408 px, 90 Hz Display with Water Drop Notch",50 MP + 2 MP Dual Rear & 5 MP Front Camera,"Memory Card Supported, upto 512 GB",Android v12
Samsung Galaxy Z Fold 4,"₹89,990",4.75;,4400 mAh Battery with 25W Fast Charging,"Dual Sim, 5G, VoLTE, NFC, Wi-Fi","Snapdragon  8+ Gen1, Octa Core, 3.2 GHz Processor","12 GB RAM, 256 GB inbuilt","7.6 inches, 1812 x 2176 px, 120 Hz Display with Punch Hole","Foldable Display, Dual Display",50 MP + 12 MP + 10 MP Triple Rear & 10 MP + 4 MP Dual Front Camera,Android v12
Poco X4 Pro 5G,"₹18,989",4.25;,5000 mAh Battery with 67W Fast Charging,"Dual Sim, 5G, VoLTE, Wi-Fi, IR Blaster","Snapdragon 695 , Octa Core, 2.2 GHz Processor","6 GB RAM, 64 GB inbuilt","6.67 inches, 1080 x 2400 px, 120 Hz Display with Punch Hole",64 MP + 8 MP + 2 MP Triple Rear & 16 MP Front Camera,"Memory Card (Hybrid), upto 1 TB",Android v11
Samsung Galaxy A73 5G (8GB RAM + 256GB),"₹35,599",4.75;,5000 mAh Battery with 25W Fast Charging,"Dual Sim, 5G, VoLTE, NFC, Wi-Fi","Snapdragon 778G, Octa Core, 2.4 GHz Processor","8 GB RAM, 256 GB inbuilt","6.7 inches, 1080 x 2400 px, 120 Hz Display with Punch Hole",108 MP Quad Rear & 32 MP Front Camera,"Memory Card (Hybrid), upto 1 TB",Android v12
Samsung Galaxy S22 Plus 5G,"₹84,998",4.35;,4500 mAh Battery with 45W Fast Charging,"Dual Sim, 5G, VoLTE, Vo5G, NFC, Wi-Fi","Snapdragon  8 Gen1, Octa Core, 3 GHz Processor","8 GB RAM, 128 GB inbuilt","6.6 inches, 1080 x 2340 px, 120 Hz Display with Punch Hole",50 MP + 12 MP + 10 MP Triple Rear & 10 MP Front Camera,Android v12,Bluetooth
Poco M4 Pro 5G (6GB RAM + 128GB),"₹16,999",4.35;,5000 mAh Battery with 33W Fast Charging,"Dual Sim, 5G, VoLTE, Wi-Fi, IR Blaster","Dimensity 810 5G, Octa Core, 2.4 GHz Processor","6 GB RAM, 128 GB inbuilt","6.6 inches, 1080 x 2400 px, 90 Hz Display with Punch Hole",50 MP + 8 MP Dual Rear & 16 MP Front Camera,"Memory Card (Hybrid), upto 1 TB",Android v11
Realme 9 Pro Plus 5G,"₹24,750",4;,4500 mAh Battery with 60W Fast Charging,"Dual Sim, 5G, VoLTE, Wi-Fi","Dimensity  920 5G, Octa Core, 2.5 GHz Processor","6 GB RAM, 128 GB inbuilt","6.4 inches, 1080 x 2400 px, 90 Hz Display with Punch Hole",50 MP + 8 MP + 2 MP Triple Rear & 16 MP Front Camera,Memory Card Not Supported,Android v12
iQOO 9 Pro 5G (12GB RAM + 256GB),"₹44,999",4.45;,4700 mAh Battery with 120W Fast Charging,"Dual Sim, 5G, VoLTE, NFC, Wi-Fi","Snapdragon 8 Gen1, Octa Core, 3 GHz Processor","12 GB RAM, 256 GB inbuilt","6.78 inches, 1440 x 3200 px, 120 Hz Display with Punch Hole",50 MP + 50 MP + 16 MP Triple Rear & 16 MP Front Camera,Android v12,No FM Radio
Samsung Galaxy F22,"₹14,999",4.4;,6000 mAh Battery,"Dual Sim, 4G, VoLTE, Wi-Fi","Helio G80, Octa Core, 2 GHz Processor","4 GB RAM, 64 GB inbuilt","6.4 inches, 720 x 1600 px, 90 Hz Display with Water Drop Notch",48 MP Quad Rear & 13 MP Front Camera,"Memory Card Supported, upto 1 TB",Android v11
OPPO A74 5G,"₹17,990",4;,5000 mAh Battery with 18W Fast Charging,"Dual Sim, 5G, VoLTE, Wi-Fi","Snapdragon  480 , Octa Core, 2 GHz Processor","6 GB RAM, 128 GB inbuilt","6.5 inches, 1080 x 2400 px, 90 Hz Display with Punch Hole",48 MP + 2 MP + 2 MP Triple Rear & 8 MP Front Camera,Memory Card Supported,Android v11
Samsung Galaxy A52 (8GB RAM + 128GB),"₹24,999",4.65;,4500 mAh Battery with 25W Fast Charging,"Dual Sim, 4G, VoLTE, Wi-Fi","Snapdragon  720G, Octa Core, 2.3 GHz Processor","8 GB RAM, 128 GB inbuilt","6.5 inches, 1080 x 2400 px, 90 Hz Display with Punch Hole",64 MP Quad Rear & 32 MP Front Camera,"Memory Card Supported, upto 1 TB",Android v11
Samsung Galaxy A72,"₹24,999",4.5;,5000 mAh Battery with 25W Fast Charging,"Dual Sim, 4G, VoLTE, Wi-Fi","Snapdragon  720G , Octa Core, 2.3 GHz Processor","8 GB RAM, 128 GB inbuilt","6.7 inches, 1080 x 2400 px, 90 Hz Display with Punch Hole",64 MP Quad Rear & 32 MP Front Camera,"Memory Card Supported, upto 1 TB",Android v11
Realme 8 Pro (8GB RAM + 128GB),"₹21,990",4.65;,4500 mAh Battery with 50W Fast Charging,"Dual Sim, 4G, VoLTE, Wi-Fi","Snapdragon 720G , Octa Core, 2.3 GHz Processor","8 GB RAM, 128 GB inbuilt","6.4 inches, 1080 x 2400 px Display with Punch Hole",108 MP Quad Rear & 16 MP Front Camera,"Memory Card Supported, upto 256 GB",Android v11
Vivo V20 Pro,"₹29,990",4.6;,4000 mAh Battery with 33W Fast Charging,"Dual Sim, 5G, VoLTE, Wi-Fi","Snapdragon 765G , Octa Core, 2.4 GHz Processor","8 GB RAM, 128 GB inbuilt","6.44 inches, 1080 x 2400 px Display with Small Notch",64 MP + 8 MP + 2 MP Triple Rear & 44 MP + 8 MP Dual Front Camera,Android v10,No FM Radio
Realme X3 SuperZoom Edition (8GB RAM + 256GB),"₹24,490",4.05;,4200 mAh Battery with 30W Fast Charging,"Dual Sim, 4G, VoLTE, Wi-Fi","Snapdragon 855+, Octa Core, 2.96 GHz Processor","8 GB RAM, 256 GB inbuilt","6.57 inches, 1080 x 2400 px, 120 Hz Display with Dual Punch Hole",64 MP Quad Rear & 32 MP + 8 MP Dual Front Camera,Memory Card Not Supported,Android v10
Xiaomi Redmi Note 9 Pro (4GB RAM + 128GB),"₹15,999",4.1;,5020 mAh Battery with 18W Fast Charging,"Dual Sim, 4G, VoLTE, Wi-Fi, IR Blaster","Snapdragon 720G, Octa Core, 2.3 GHz Processor","4 GB RAM, 128 GB inbuilt","6.67 inches, 1080 x 2400 px Display with Punch Hole",48 MP Quad Rear & 16 MP Front Camera,"Memory Card Supported, upto 512 GB",Android v10.0
Xiaomi Redmi 9i (4GB RAM + 128GB),"₹9,299",4.3;,5000 mAh Battery with 10W Fast Charging,"Dual Sim, 4G, VoLTE, Wi-Fi","Helio G25, Octa Core, 2 GHz Processor","4 GB RAM, 128 GB inbuilt","6.53 inches, 720 x 1600 px Display with Water Drop Notch",13 MP Rear & 5 MP Front Camera,"Memory Card Supported, upto 512 GB",Android v10
Samsung Galaxy Note 20 Ultra 5G,"₹1,16,000",4.1;,4500 mAh Battery with 25W Fast Charging,"Dual Sim, 5G, VoLTE, NFC, Wi-Fi","Exynos 990, Octa Core, 2.73 GHz Processor","12 GB RAM, 256 GB inbuilt","6.9 inches, 1440 x 3088 px, 120 Hz Display with Punch Hole",108 MP + 12 MP + 12 MP Triple Rear & 10 MP Front Camera,"Memory Card (Hybrid), upto 1 TB",Android v10
Lenovo K8 Plus,"₹10,990",4.3;,4000 mAh Battery,"Dual Sim, 4G, VoLTE, Wi-Fi","Helio P25, Octa Core, 2.5 GHz Processor","3 GB RAM, 32 GB inbuilt","5.2 inches, 1080 x 1920 px Display",13 MP + 5 MP Dual Rear & 8 MP Front Camera,"Memory Card Supported, upto 128 GB",Android v7.1.1 (Nougat)
Ringme R1 Plus Legend,"₹1,499",4.4;,4000 mAh Battery,Dual Sim,256 MHz Processor,"32 MB RAM, 32 MB inbuilt","1.8 inches, 128 x 160 px Display",0.3 MP Rear Camera,No FM Radio,
Infinix Smart 20 (4GB RAM + 128GB),"₹13,492",4.65;,5200 mAh Battery with 15W Fast Charging,"Dual Sim, 4G, Wi-Fi, IR Blaster","Helio G81 Ultimate, Octa Core, 2 GHz Processor","4 GB RAM, 128 GB inbuilt","6.78 inches, 720 x 1576 px, 120 Hz Display with Punch Hole",8 MP Rear & 8 MP Front Camera,"Memory Card Supported, upto 2 TB",Android v16
Blackzone Apex,"₹13,999",4.7;,5200 mAh Battery with 10W Fast Charging,"Dual Sim, 3G, Wi-Fi","Octa Core, 2.1 GHz Processor","8 GB RAM, 64 GB inbuilt","6.9 inches, 1640 x 720 px Display with Water Drop Notch",32 MP + 5 MP Dual Rear & 16 MP Front Camera,Android v15,No FM Radio
Oppo Find X9s 5G (12GB RAM + 512GB),"₹89,999",4.65;,7025 mAh Battery with 80W Fast Charging,"Dual Sim, 5G, VoLTE, NFC, eSIM, Wi-Fi, IR Blaster","Dimensity 9500s, Octa Core, 3.73 GHz Processor","12 GB RAM, 512 GB inbuilt","6.59 inches, 1216 x 2640 px, 120 Hz Display with Punch Hole",50 MP + 50 MP + 50 MP Triple Rear & 32 MP Front Camera,Memory Card Not Supported,Android v16
Jmax X4 4G,"₹2,499",4;,3000 mAh Battery,Dual Sim,225 MHz Processor,"32 MB RAM, 32 MB inbuilt","2.8 inches, 320 x 480 px Display",0.3 MP Rear Camera,Memory Card Supported,
Lava Yuva Star 3,"₹11,499",4.4;,5000 mAh Battery with 10W Fast Charging,"Dual Sim, 4G, VoLTE, Wi-Fi","UNISOC 9863a, Octa Core Processor","4 GB RAM, 64 GB inbuilt","6.75 inches, 720 x 1600 px, 90 Hz Display with Punch Hole",13 MP Dual Rear & 5 MP Front Camera,"Memory Card Supported, upto 256 GB",Android v15
Tecno POP X 5G (6GB RAM + 128GB),"₹18,999",4.65;,6500 mAh Battery with 45W Fast Charging,"Dual Sim, 5G, VoLTE, Wi-Fi, IR Blaster","Dimensity 6400, Octa Core, 2.5 GHz Processor","6 GB RAM, 128 GB inbuilt","6.78 inches, 720 x 1576 px, 120 Hz Display with Punch Hole",13 MP Rear & 8 MP Front Camera,"Memory Card Supported, upto 1 TB",Android v16
Ringme Bold S16,"₹9,400",4.35;,"6.85 inches, 128 x 160 px Display","Dual Sim, 4G, VoLTE, Wi-Fi","3 GB RAM, 64 GB inbuilt",3900 mAh Battery,13 MP Rear Camera,Android v30,No FM Radio,Bluetooth
Foneme Power 17C,₹899,4.3;,3000 mAh Battery,Dual Sim,256 MHz Processor,"32 MB RAM, 32 MB inbuilt","2.4 inches, 128 x 160 px Display",0.3 MP Rear Camera,No FM Radio,
itel Zeno 100 (4GB RAM + 64GB),"₹10,499",4.65;,5000 mAh Battery with Fast Charging,"Dual Sim, 4G, Wi-Fi, IR Blaster","Unisoc T7100, Octa Core, 1.8 GHz Processor","4 GB RAM, 64 GB inbuilt","6.6 inches, 720 x 1612 px, 90 Hz Display with Water Drop Notch",8 MP Rear & 5 MP Front Camera,Memory Card Supported,Android v15
Infinix Note Edge 5G (8GB RAM + 128GB),"₹26,999",4.1;,6500 mAh Battery with 45W Fast Charging,"Dual Sim, 5G, VoLTE, NFC, Wi-Fi, IR Blaster","Dimensity 7100, Octa Core, 2.4 GHz Processor","8 GB RAM, 128 GB inbuilt","6.78 inches, 1208 x 2644 px, 120 Hz Display with Punch Hole",50 MP Dual Rear & 13 MP Front Camera,Android v16,Bluetooth
Realme P4 Lite 4G (4GB RAM + 128GB),"₹13,719",4;,6300 mAh Battery with 15W Fast Charging,"Dual Sim, 4G, Wi-Fi","Unisoc T7250, Octa Core, 1.8 GHz Processor","4 GB RAM, 128 GB inbuilt","6.74 inches, 720 x 1600 px Display",13 MP Rear & 5 MP Front Camera,Memory Card Supported,Android v15
HMD 100 (Single Sim),₹968,4.5;,800 mAh Battery with 2.75W Fast Charging,Single Sim,Unisoc 6533G,"8 MB RAM, 4 MB inbuilt","1.77 inches, 160 x 128 px Display",No Rear Camera,S30+​,
iKall I3,"₹1,609",4.75;,2500 mAh Battery,"Dual Sim, 4G",1.4 MHz Processor,"32 MB RAM, 32 MB inbuilt","2.4 inches, 240 x 320 px Display",0.8 MP Rear Camera,"Memory Card Supported, upto 8 GB",
HMD 102,"₹1,269",4.6;,"1.77 inches, 160 x 128 px Display",Dual Sim,"4 MB RAM, 4 MB inbuilt",1000 mAh Battery with 2.7W Fast Charging,QVGA Rear Camera,"Memory Card Supported, upto 32 GB",S30+​,
Foneme F17 Pro,"₹5,900",4.4;,2000 mAh Battery with Fast Charging,"Dual Sim, 4G, Wi-Fi","Helio, 512 MHz Processor","2 GB RAM, 16 GB inbuilt","4 inches, 480 x 320 px Display",5 MP Rear & 2 MP Front Camera,Android v8.1 (Oreo),No FM Radio
itel Zeno 20 Max,"₹7,990",4.3;,5000 mAh Battery with 15W Fast Charging,"Dual Sim, 4G, VoLTE, Wi-Fi","UNISOC T7100, Octa Core Processor","4 GB RAM, 64 GB inbuilt","6.6 inches, 720 x 1612 px, 90 Hz Display with Water Drop Notch",13 MP Dual Rear & 5 MP Front Camera,Memory Card Supported,Android v14
HMD 101,"₹1,069",4.75;,1000 mAh Battery with 2.75W Fast Charging,Dual Sim,Unisoc 6533G,"4 MB RAM, 4 MB inbuilt","1.77 inches, 160 x 128 px Display",No Rear Camera,"Memory Card Supported, upto 32 GB",S30+​
Peace Honor 20,"₹6,400",4.1;,2000 mAh Battery,"Dual Sim, 4G, VoLTE, Wi-Fi","Helio, Single Core, 1.3 MHz Processor","3 GB RAM, 32 GB inbuilt","4.5 inches, 412 x 960 px Display",8 MP Rear & 5 MP Front Camera,Android v12,No FM Radio
Peace Nova 11 4G,"₹8,749",4.65;,2000 mAh Battery,"Dual Sim, 4G, Wi-Fi",Helio 6739,"4 GB RAM, 64 GB inbuilt",6.56 inches Display,20 MP Rear & 5 MP Front Camera,"Memory Card Supported, upto 128 GB",No FM Radio
Lava A1 Josh Bol,"₹1,000",4.5;,"2 inches, 160 x 128 px Display",Dual Sim,"4 MB RAM, 4 MB inbuilt",1000 mAh Battery with Fast Charging,"Memory Card Supported, upto 32 GB",Bluetooth,,
Philips E2104,"₹1,198",4.65;,2 inches Display,Dual Sim,"32 MB RAM, 32 MB inbuilt",1420 mAh Battery,Digital Video Rear Camera,"Memory Card Supported, upto 32 GB",Bluetooth,
iKall Z10 4G 2025,"₹7,699",4;,4000 mAh Battery,"Dual Sim, 4G, VoLTE, Wi-Fi","Octa Core, 2 GHz Processor","4 GB RAM, 64 GB inbuilt","6.53 inches, 720 x 1600 px Display",20 MP Rear & 8 MP Front Camera,Memory Card (Hybrid),Android v14
Lava Shark 5G (4GB RAM + 128GB),"₹14,229",4.65;,5000 mAh Battery with Fast Charging,"Dual Sim, 5G, VoLTE, Wi-Fi","Unisoc T765, Octa Core Processor","4 GB RAM, 128 GB inbuilt","6.75 inches, 720 x 1600 px, 90 Hz Display with Punch Hole",13 MP Rear & 5 MP Front Camera,"Memory Card Supported, upto 1 TB",Android v15
Peace Honor 30,"₹5,999",4.4;,3000 mAh Battery,"Dual Sim, 4G, VoLTE, Wi-Fi","Helio, Single Core, 1.3 MHz Processor","3 GB RAM, 32 GB inbuilt","4.5 inches, 412 x 960 px Display",8 MP Rear & 5 MP Front Camera,Android v14.0,No FM Radio
HMD 102 4G,"₹2,263",4.4;,1000 mAh Battery,"Dual Sim, 4G",Unisoc 8910 FF-S,"24 MB RAM, 16 MB inbuilt",2 inches Display,QVGA Rear Camera,"Memory Card Supported, upto 32 GB",S30+​
HMD 101 4G,"₹1,999",4.75;,2 inches Display,"Dual Sim, 4G",Unisoc 8910 FF-S,1000 mAh Battery,No Rear Camera,"Memory Card Supported, upto 32 GB",S30+​,Bluetooth
Apple iPhone Air (512GB),"₹1,21,900",4.6;,3149 mAh Battery with Fast Charging,"Dual Sim, 5G, VoLTE, NFC, eSIM, Wi-Fi","Apple A19 Pro, Hexa Core Processor","8 GB RAM, 512 GB inbuilt","6.5 inches, 1260 x 2736 px Display with Dynamic Island",48 MP Rear & 18 MP Front Camera,Memory Card Not Supported,iOS v26
Apple iPhone Air (1TB),"₹1,41,900",4.4;,3149 mAh Battery with Fast Charging,"Dual Sim, 5G, VoLTE, NFC, eSIM, Wi-Fi","Apple A19 Pro, Hexa Core Processor","8 GB RAM, 1 TB inbuilt","6.5 inches, 1260 x 2736 px Display with Dynamic Island",48 MP Rear & 18 MP Front Camera,Memory Card Not Supported,iOS v26
Lava A2 Smart,"₹1,132",4.15;,1200 mAh Battery,Dual Sim,"Single Core, 1.5 MHz Processor","4 MB RAM, 32 MB inbuilt","2.4 inches, 120 x 240 px Display",Digital Rear Camera,"Memory Card Supported, upto 32 GB",No FM Radio
Foneme FM-2 Mini 26,₹890,4;,1000 mAh Battery,Dual Sim,1.4 MHz Processor,"32 MB RAM, 32 MB inbuilt","0.66 inches, 120 x 240 px Display",No Rear Camera,No FM Radio,
Lava A3 King,"₹1,099",4.05;,1750 mAh Battery,Dual Sim,1 MHz Processor,"4 MB RAM, 3 MB inbuilt","1.8 inches, 128 x 160 px Display",No Rear Camera,"Memory Card Supported, upto 32 GB",
Samsung Galaxy Z Flip 7 5G (12GB RAM+512GB),"₹1,21,999",4.1;,4300 mAh Battery with 25W Fast Charging,"Dual Sim, 5G, VoLTE, Vo5G, NFC, eSIM, Wi-Fi","Exynos 2500, Deca Core, 3.3 GHz Processor","12 GB RAM, 512 GB inbuilt","6.9 inches, 1080 x 2520 px, 120 Hz Display with Punch Hole","Foldable Display, Dual Display",50 MP + 12 MP Dual Rear & 10 MP Front Camera,Memory Card Not Supported
iQOO Z10 Lite 5G (6GB RAM + 128GB),"₹23,979",4.05;,6000 mAh Battery with 15W Fast Charging,"Dual Sim, 5G, VoLTE, Wi-Fi","Dimensity 6300, Octa Core, 2.4 GHz Processor","6 GB RAM, 128 GB inbuilt","6.74 inches, 720 x 1600 px, 90 Hz Display",50 MP + 2 MP Dual Rear & 5 MP Front Camera,Android v15,Bluetooth
Realme C73 (4GB RAM + 128GB),"₹18,990",4.65;,6000 mAh Battery with 15W Fast Charging,"Dual Sim, 5G, VoLTE, Wi-Fi","Dimensity 6300, Octa Core, 2.4 GHz Processor","4 GB RAM, 128 GB inbuilt","6.67 inches, 720 x 1604 px, 120 Hz Display with Punch Hole",32 MP Dual Rear & 8 MP Front Camera,"Memory Card (Hybrid), upto 2 TB",Android v15
Lava Shark 5G,"₹12,799",4.15;,5000 mAh Battery with Fast Charging,"Dual Sim, 5G, VoLTE, Wi-Fi","Unisoc T765, Octa Core Processor","4 GB RAM, 64 GB inbuilt","6.75 inches, 720 x 1600 px, 90 Hz Display with Punch Hole",13 MP Rear & 5 MP Front Camera,"Memory Card Supported, upto 1 TB",Android v15
Alcatel V3 Classic,"₹12,999",4.05;,5200 mAh Battery with 18W Fast Charging,"Dual Sim, 5G, VoLTE, NFC, Wi-Fi","Dimensity 6300, Octa Core, 2.4 GHz Processor","4 GB RAM, 128 GB inbuilt","6.67 inches, 720 x 1600 px, 120 Hz Display with Punch Hole",50 MP + 0.08 MP Dual Rear & 8 MP Front Camera,"Memory Card (Hybrid), upto 2 TB",Android v15
Acer Super ZX,"₹14,499",4.3;,5000 mAh Battery with 33W Fast Charging,"Dual Sim, 5G, VoLTE, Wi-Fi","Dimensity 6300, Octa Core, 2.4 GHz Processor","4 GB RAM, 128 GB inbuilt","6.8 inches, 1080 x 2400 px, 120 Hz Display with Punch Hole",64 MP + 2 MP + 2 MP Triple Rear & 13 MP Front Camera,Android v15,Bluetooth
Acer Super ZX 5G  (6GB RAM + 128GB),"₹14,399",4.45;,5000 mAh Battery with 33W Fast Charging,"Dual Sim, 5G, VoLTE, Wi-Fi","Dimensity 6300, Octa Core, 2.4 GHz Processor","6 GB RAM, 128 GB inbuilt","6.8 inches, 1080 x 2400 px, 120 Hz Display with Punch Hole",64 MP + 2 MP + 2 MP Triple Rear & 13 MP Front Camera,Android v15,Bluetooth
Motorola Moto A200,"₹1,154",4.05;,"1.77 inches, 128 x 160 px Display",Dual Sim,"56 MB RAM, 36 MB inbuilt",800 mAh Battery,No Rear Camera,"Memory Card Supported, upto 64 GB",,
Samsung Galaxy F06 5G (4GB RAM + 64GB),"₹13,099",4.05;,5000 mAh Battery with 25W Fast Charging,"Dual Sim, 5G, VoLTE, Wi-Fi","Dimensity 6300, Octa Core, 2.4 GHz Processor","4 GB RAM, 64 GB inbuilt","6.7 inches, 720 x 1600 px Display with Water Drop Notch",50 MP + 2 MP Dual Rear & 8 MP Front Camera,"Memory Card (Hybrid), upto 1 TB",Android v15
Lava Gem Power 2025,"₹1,798",4.1;,2575 mAh Battery,Dual Sim,1.4 MHz Processor,4 MB RAM,"2.8 inches, 245 x 320 px Display",0.3 MP Rear Camera,,
itel King Signal,"₹1,398",4;,1500 mAh Battery,Dual Sim,"SC6513E, Single Core, 1.4 MHz Processor","4 MB RAM, 4 MB inbuilt","2 inches, 160 x 128 px Display",VGA Rear Camera,"Memory Card Supported, upto 32 GB",
HMD 150 Music (2025),"₹2,499",4;,"8 MB RAM, 8 MB inbuilt",Dual Sim,No Wifi,Unisoc 6531F,2500 mAh Battery,"2.4 inches, 240 x 320 px Display",QVGA Rear Camera,"Memory Card Supported, upto 32 GB"
OPPO Reno 13 5G (12GB RAM + 512GB),"₹49,990",4.15;,5600 mAh Battery with 80W Fast Charging,"Dual Sim, 5G, VoLTE, NFC, Wi-Fi, IR Blaster","Dimensity 8350, Octa Core, 3.35 GHz Processor","12 GB RAM, 512 GB inbuilt","6.59 inches, 1256 x 2760 px, 120 Hz Display with Punch Hole",50 MP + 8 MP + 2 MP Triple Rear & 50 MP Front Camera,Android v15,No FM Radio
Apple iPhone 16e (256GB),"₹69,900",4.3;,4005 mAh Battery with Fast Charging,"Dual Sim, 5G, VoLTE, NFC, eSIM, Wi-Fi","Bionic A18, Hexa Core, 4.04 GHz Processor","8 GB RAM, 256 GB inbuilt","6.1 inches, 1170 x 2532 px Display with Small Notch",48 MP Rear & 12 MP Front Camera,Memory Card Not Supported,iOS v18
Amaq Q1 4G,"₹2,899",4.25;,2.8 inches Display,"Dual Sim, 4G",512 MB RAM,3500 mAh Battery,0.6 MP Rear Camera,"Memory Card Supported, upto 32 GB",Bluetooth,
Infinix Zero Flip 5G,"₹54,999",4.1;,4720 mAh Battery with 70W Fast Charging,"Dual Sim, 5G, VoLTE, NFC, Wi-Fi","Dimensity 8020, Octa Core, 2.6 GHz Processor","8 GB RAM, 512 GB inbuilt","6.9 inches, 1080 x 2640 px, 120 Hz Display with Punch Hole","Foldable Display, Dual Display",50 MP + 50 MP Dual Rear & 50 MP Front Camera,Memory Card Not Supported
Nokia 6310 (2024),"₹3,499",4.2;,1450 mAh Battery,Dual Sim,Unisoc 6531F,"8 MB RAM, 16 MB inbuilt","2.8 inches, 240 x 320 px Display",0.3 MP Rear Camera,"Memory Card Supported, upto 32 GB",S30+
OPPO A3x 4G,"₹11,999",4.15;,5100 mAh Battery with 45W Fast Charging,"Dual Sim, 4G, VoLTE, Wi-Fi","Snapdragon 6s Gen1 4G, Octa Core Processor","4 GB RAM, 64 GB inbuilt","6.67 inches, 720 x 1604 px, 90 Hz Display with Punch Hole",8 MP Dual Rear & 5 MP Front Camera,Memory Card (Hybrid),Android v14
Micromax X1i Smart Plus,₹999,4.3;,1750 mAh Battery,Dual Sim,"Single Core, 1.2 MHz Processor","32 MB RAM, 32 MB inbuilt","2.4 inches, 320 x 240 px Display",0.08 MP Rear Camera,Memory Card Supported,
Samsung Galaxy M05,"₹12,490",4.45;,5000 mAh Battery with 25W Fast Charging,"Dual Sim, 4G, VoLTE, Wi-Fi","Helio G85, Octa Core, 2 GHz Processor","4 GB RAM, 64 GB inbuilt","6.7 inches, 720 x 1600 px Display with Water Drop Notch",50 MP + 2 MP Dual Rear & 8 MP Front Camera,"Memory Card Supported, upto 1 TB",Android v14
Google Pixel 9 Pro Fold,"₹1,27,500",4.75;,4650 mAh Battery with Fast Charging,"Dual Sim, 5G, VoLTE, NFC, Wi-Fi","Tensor G4, Octa Core, 3.1 GHz Processor","16 GB RAM, 256 GB inbuilt","8.03 inches, 2152 x 2076 px, 120 Hz Display with Punch Hole","Foldable Display, Dual Display",48 MP + 10.8 MP + 10.5 MP Triple Rear & 10 MP + 10 MP Dual Front Camera,Android v14
Realme 13 Plus 5G (8GB RAM + 256GB),"₹27,989",4.65;,5000 mAh Battery with 80W Fast Charging,"Dual Sim, 5G, VoLTE, NFC, Wi-Fi","Dimensity 7300 E, Octa Core, 2.5 GHz Processor","8 GB RAM, 256 GB inbuilt","6.67 inches, 1080 x 2400 px, 120 Hz Display with Punch Hole",50 MP + 2 MP Dual Rear & 16 MP Front Camera,"Memory Card (Hybrid), upto 2 TB",Android v14
Snexian Rock Fold,"₹1,899",4.65;,1.77 MHz Processor,Dual Sim,No 3G,No Wifi,"32 MB RAM, 32 MB inbuilt",1800 mAh Battery,"2.8 inches, 128 x 160 px Display",2 MP Rear Camera
Realme 13 Pro 5G (8GB RAM + 256GB),"₹29,400",4.3;,5200 mAh Battery with 45W Fast Charging,"Dual Sim, 5G, VoLTE, Wi-Fi","Snapdragon 7s Gen2, Octa Core, 2.4 GHz Processor","8 GB RAM, 256 GB inbuilt","6.7 inches, 1080 x 2412 px, 120 Hz Display with Punch Hole",50 MP + 8 MP + 2 MP Triple Rear & 32 MP Front Camera,Android v14,No FM Radio
HMD 110,"₹1,299",4.6;,1000 mAh Battery,Dual Sim,No Wifi,"4 MB RAM, 4 MB inbuilt","2 inches, 120 x 160 px Display","Memory Card Supported, upto 32 GB",RTOS,
Samsung Galaxy Z Flip 6 (512GB),"₹1,01,999",4.75;,4000 mAh Battery with 25W Fast Charging,"Dual Sim, 5G, VoLTE, Vo5G, NFC, eSIM, Wi-Fi","Snapdragon 8 Gen3, Octa Core, 3.3 GHz Processor","12 GB RAM, 512 GB inbuilt","6.7 inches, 1080 x 2640 px, 120 Hz Display with Punch Hole","Foldable Display, Dual Display",50 MP + 12 MP Dual Rear & 10 MP Front Camera,Memory Card Not Supported
Samsung Galaxy Z Fold 6 (12GB RAM + 512GB),"₹1,61,999",4.25;,4400 mAh Battery with 25W Fast Charging,"Dual Sim, 5G, VoLTE, Vo5G, NFC, eSIM, Wi-Fi","Snapdragon 8 Gen 3, Octa Core, 3.39 GHz Processor","12 GB RAM, 512 GB inbuilt","7.6 inches, 1856 x 2160 px, 120 Hz Display with Punch Hole","Foldable Display, Dual Display",50 MP + 12 MP + 10 MP Triple Rear & 10 MP + 4 MP Dual Front Camera,Android v14
HMD 105,"₹1,099",4.7;,1000 mAh Battery,Dual Sim,No Wifi,"4 MB RAM, 4 MB inbuilt","1.8 inches, 120 x 160 px Display",No Rear Camera,Memory Card Supported,
Lava Hero Shakti,₹890,4.05;,No Rear Camera,Dual Sim,800 mAh Battery,"1.8 inches, 128 x 160 px Display","Memory Card Supported, upto 32 GB",Bluetooth,,
Motorola Moto A50V,"₹1,169",4.75;,"1.8 inches, 160 x 128 px Display",Dual Sim,"4 MB RAM, 4 MB inbuilt",1750 mAh Battery,0.3 MP Rear Camera,"Memory Card Supported, upto 32 GB",Bluetooth,
Tecno Camon 30 Premier 5G,"₹34,999",4;,5000 mAh Battery with 70W Fast Charging,"Dual Sim, 5G, VoLTE, NFC, Wi-Fi, IR Blaster","Dimensity 8200, Octa Core, 3.1 GHz Processor","12 GB RAM, 512 GB inbuilt","6.77 inches, 1264 x 2780 px, 120 Hz Display with Punch Hole",50 MP + 50 MP + 50 MP Triple Rear & 50 MP Front Camera,Memory Card Not Supported,Android v14
Karbonn Jio Bharat A1,"₹1,799",4.3;,2000 mAh Battery,"Single Sim, 4G, VoLTE",1 MHz Processor,"50 MB RAM, 50 MB inbuilt","2.4 inches, 240 x 320 px Display",0.03 MP Rear Camera,Memory Card Supported,No FM Radio
Micromax X1i Smart,₹799,4.4;,1200 mAh Battery,Dual Sim,"Single Core, 1.2 MHz Processor","32 MB RAM, 32 MB inbuilt","2.4 inches, 320 x 240 px Display",0.08 MP Rear Camera,Memory Card Supported,No FM Radio
Ringme R1 Plus 4G,"₹1,599",4.75;,2500 mAh Battery,"Dual Sim, 4G, VoLTE",256 MHz Processor,"32 MB RAM, 32 MB inbuilt","2.4 inches, 320 x 420 px Display",0.3 MP Rear Camera,Browser,
itel Power 450,"₹1,699",4.7;,0.3 MP Rear Camera,Dual Sim,2500 mAh Battery,"2.4 inches, 240 x 320 px Display","Memory Card Supported, upto 32 GB",Nucleus,Bluetooth,
itel A70 4G,"₹9,999",4.3;,5000 mAh Battery with 10W Fast Charging,"Dual Sim, 4G, VoLTE, Wi-Fi","Unisoc T603, Octa Core Processor","4 GB RAM, 128 GB inbuilt","6.6 inches, 720 x 1612 px Display with Water Drop Notch",13 MP Dual Rear & 8 MP Front Camera,"Memory Card Supported, upto 2 TB",Android v13
Tecno Spark Go 2024 (4GB RAM + 64GB),"₹12,990",4.4;,5000 mAh Battery with 10W Fast Charging,"Dual Sim, 4G, VoLTE, Wi-Fi","Unisoc T606, Octa Core, 1.6 GHz Processor","4 GB RAM, 64 GB inbuilt","6.56 inches, 720 x 1600 px, 90 Hz Display with Punch Hole",13 MP Dual Rear & 8 MP Front Camera,"Memory Card Supported, upto 1 TB",Android v13
itel it5330,"₹1,484",4.45;,"2.8 inches, 320 x 240 px Display",Dual Sim,"32 MB RAM, 32 MB inbuilt",1900 mAh Battery,0.3 MP Rear Camera,"Memory Card Supported, upto 32 GB",Bluetooth,
Realme C67 5G (6GB RAM + 128GB),"₹17,990",4.15;,5000 mAh Battery with 33W Fast Charging,"Dual Sim, 5G, VoLTE, Wi-Fi","Dimensity 6100 Plus, Octa Core, 2.2 GHz Processor","6 GB RAM, 128 GB inbuilt","6.72 inches, 1080 x 2400 px, 120 Hz Display with Punch Hole",50 MP + 2 MP Dual Rear & 8 MP Front Camera,"Memory Card Supported, upto 2 TB",Android v13
Nokia 105 Classic 2023 (Dual Sim),"₹1,359",4.65;,"1.77 inches, 128 x 160 px Display",Dual Sim,"4 MB RAM, 4 MB inbuilt",800 mAh Battery,No Rear Camera,S30+,,
OPPO Find N3 Flip,"₹69,999",4.65;,4300 mAh Battery with 44W Fast Charging,"Dual Sim, 5G, VoLTE, NFC, Wi-Fi","Dimensity 9200, Octa Core, 3.05 GHz Processor","12 GB RAM, 256 GB inbuilt","6.8 inches, 1080 x 2520 px, 120 Hz Display with Punch Hole","Foldable Display, Dual Display",50 MP + 48 MP + 32 MP Triple Rear & 32 MP Front Camera,Memory Card Not Supported
Samsung Galaxy S21 FE (Snapdragon + 8GB RAM + 128GB),"₹49,999",4.1;,4500 mAh Battery with 25W Fast Charging,"Dual Sim, 5G, VoLTE, NFC, Wi-Fi","Snapdragon 888, Octa Core, 2.84 GHz Processor","8 GB RAM, 128 GB inbuilt","6.4 inches, 1080 x 2340 px, 120 Hz Display with Punch Hole",12 MP + 12 MP + 8 MP Triple Rear & 32 MP Front Camera,Memory Card Not Supported,Android v13
Motorola Moto A50G,"₹1,177",4.75;,"1.8 inches, 160 x 128 px Display",Dual Sim,"4 MB RAM, 4 MB inbuilt",1750 mAh Battery,0.3 MP Rear Camera,"Memory Card Supported, upto 32 GB",,
Apple iPhone 15 Pro Max (512GB),"₹1,79,900",4.6;,4441 mAh Battery with Fast Charging,"Dual Sim, 5G, VoLTE, NFC, Wi-Fi","Bionic A17 Pro, Hexa Core, 3.78 GHz Processor","8 GB RAM, 512 GB inbuilt","6.7 inches, 1290 x 2796 px, 120 Hz Display with Dynamic Island",48 MP + 12 MP + 12 MP Triple Rear & 12 MP Front Camera,Memory Card Not Supported,iOS v17
Lava A7 Torch,"₹1,698",4;,"2.4 inches, 320 x 240 px Display",Dual Sim,"32 MB RAM, 32 MB inbuilt",2575 mAh Battery,0.3 MP Rear Camera,"Memory Card Supported, upto 32 GB",Bluetooth,
OPPO A58 4G,"₹18,180",4.2;,5000 mAh Battery with 33W Fast Charging,"Dual Sim, 4G, VoLTE, Wi-Fi, IR Blaster","Helio G85, Octa Core, 2 GHz Processor","6 GB RAM, 128 GB inbuilt","6.72 inches, 1080 x 2400 px Display with Water Drop Notch",50 MP + 2 MP Dual Rear & 8 MP Front Camera,"Memory Card Supported, upto 1 TB",Android v13
Xiaomi Redmi Note 12 Pro (12GB RAM + 256GB),"₹29,999",4.55;,5000 mAh Battery with 67W Fast Charging,"Dual Sim, 5G, VoLTE, Wi-Fi, IR Blaster","Dimensity 1080, Octa Core, 2.6 GHz Processor","12 GB RAM, 256 GB inbuilt","6.67 inches, 1080 x 2400 px, 120 Hz Display with Punch Hole",50 MP + 8 MP + 2 MP Triple Rear & 16 MP Front Camera,Android v12,No FM Radio
Samsung Galaxy F34 5G (8GB RAM + 128GB),"₹25,999",4.25;,6000 mAh Battery with 25W Fast Charging,"Dual Sim, 5G, VoLTE, NFC, Wi-Fi","Exynos 1280, Octa Core, 2.4 GHz Processor","8 GB RAM, 128 GB inbuilt","6.5 inches, 1080 x 2340 px, 120 Hz Display with Water Drop Notch",50 MP + 8 MP + 2 MP Triple Rear & 13 MP Front Camera,"Memory Card (Hybrid), upto 1 TB",Android v13
Samsung Galaxy Z Fold 5 (12GB RAM + 512GB),"₹1,64,999",4.05;,4400 mAh Battery with 25W Fast Charging,"Dual Sim, 5G, VoLTE, Vo5G, NFC, Wi-Fi","Snapdragon 8 Gen 2, Octa Core, 3.36 GHz Processor","12 GB RAM, 512 GB inbuilt","7.6 inches, 1812 x 2176 px, 120 Hz Display with Punch Hole","Foldable Display, Dual Display",50 MP + 12 MP + 10 MP Triple Rear & 10 MP + 4 MP Dual Front Camera,Android v13
Samsung Galaxy S21 FE (Snapdragon),"₹74,999",4.35;,4500 mAh Battery with 25W Fast Charging,"Dual Sim, 5G, VoLTE, NFC, Wi-Fi","Snapdragon 888, Octa Core, 2.84 GHz Processor","8 GB RAM, 256 GB inbuilt","6.4 inches, 1080 x 2340 px, 120 Hz Display with Punch Hole",12 MP + 12 MP + 8 MP Triple Rear & 32 MP Front Camera,Memory Card Not Supported,Android v13
Motorola Razr 40 Ultra,"₹57,999",4.2;,3800 mAh Battery with 30W Fast Charging,"Dual Sim, 5G, VoLTE, NFC, Wi-Fi","Snapdragon  8+ Gen1, Octa Core, 3.2 GHz Processor","8 GB RAM, 256 GB inbuilt","6.9 inches, 1080 x 2640 px, 165 Hz Display with Punch Hole","Foldable Display, Dual Display",13 MP + 12 MP Dual Rear & 32 MP Front Camera,Memory Card Not Supported
Realme 11 Pro (8GB RAM + 256GB),"₹24,990",4.35;,5000 mAh Battery with 67W Fast Charging,"Dual Sim, 5G, VoLTE, Wi-Fi","Dimensity 7050, Octa Core, 2.6 GHz Processor","8 GB RAM, 256 GB inbuilt","6.7 inches, 1080 x 2412 px, 120 Hz Display with Punch Hole",100 MP + 2 MP Dual Rear & 16 MP Front Camera,Android v13,No FM Radio
Poco C51,"₹14,999",4.45;,5000 mAh Battery with 10W Fast Charging,"Dual Sim, 4G, VoLTE, Wi-Fi","Helio G36, Octa Core, 2.2 GHz Processor","4 GB RAM, 64 GB inbuilt","6.52 inches, 720 x 1600 px Display with Water Drop Notch",8 MP + 0.08 MP Dual Rear & 5 MP Front Camera,"Memory Card Supported, upto 1 TB",Android v13
Motorola Moto G13,"₹15,999",4.2;,5000 mAh Battery with 10W Fast Charging,"Dual Sim, 4G, VoLTE, Wi-Fi","Helio G85, Octa Core, 2 GHz Processor","4 GB RAM, 128 GB inbuilt","6.5 inches, 720 x 1600 px, 90 Hz Display with Punch Hole",50 MP + 2 MP + 2 MP Triple Rear & 8 MP Front Camera,"Memory Card Supported, upto 512 GB",Android v13
Motorola Moto A10e,"₹1,146",4.3;,"1.8 inches, 128 x 160 px Display",Dual Sim,"4 MB RAM, 32 MB inbuilt",800 mAh Battery,No Rear Camera,"Memory Card Supported, upto 32 GB",,
Motorola Moto G73,"₹21,999",4.05;,5000 mAh Battery with 30W Fast Charging,"Dual Sim, 5G, VoLTE, NFC, Wi-Fi","Dimensity 930, Octa Core, 2.2 GHz Processor","8 GB RAM, 128 GB inbuilt","6.5 inches, 1080 x 2400 px, 120 Hz Display with Punch Hole",50 MP + 8 MP Dual Rear & 16 MP Front Camera,"Memory Card (Hybrid), upto 1 TB",Android v13
Poco X5 Pro,"₹25,999",4.05;,5000 mAh Battery with 67W Fast Charging,"Dual Sim, 5G, VoLTE, Wi-Fi, IR Blaster","Snapdragon 778G, Octa Core, 2.4 GHz Processor","6 GB RAM, 128 GB inbuilt","6.67 inches, 1080 x 2400 px, 120 Hz Display with Punch Hole",108 MP + 8 MP + 2 MP Triple Rear & 16 MP Front Camera,Memory Card Not Supported,Android v12
Samsung Galaxy F04,"₹11,499",4.7;,5000 mAh Battery with 15W Fast Charging,"Dual Sim, 4G, VoLTE, Wi-Fi","Helio P35, Octa Core, 2.3 GHz Processor","4 GB RAM, 64 GB inbuilt","6.5 inches, 720 x 1600 px Display with Water Drop Notch",13 MP + 2 MP Dual Rear & 5 MP Front Camera,"Memory Card Supported, upto 1 TB",Android v12
Motorola Moto E22s,"₹11,499",4.7;,5000 mAh Battery with 10W Fast Charging,"Dual Sim, 4G, VoLTE, Wi-Fi","Helio G37, Octa Core, 2.3 GHz Processor","4 GB RAM, 64 GB inbuilt","6.5 inches, 720 x 1600 px, 90 Hz Display with Punch Hole",16 MP + 2 MP Dual Rear & 8 MP Front Camera,Memory Card Supported,Android v12
OPPO A17K,"₹12,999",4.35;,5000 mAh Battery,"Dual Sim, 4G, VoLTE, Wi-Fi","Helio G35, Octa Core, 2.3 GHz Processor","3 GB RAM, 64 GB inbuilt","6.56 inches, 720 x 1612 px Display with Water Drop Notch",8 MP Rear & 5 MP Front Camera,"Memory Card Supported, upto 1 TB",Android v12
Lava Gem Power,"₹1,627",4.2;,"512 MB RAM, 512 MB inbuilt",Dual Sim,No 3G,No Wifi,2575 mAh Battery,"2.8 inches, 320 x 240 px Display",1.3 MP Rear Camera,"Memory Card Supported, upto 32 GB"
Motorola Edge 30 Fusion 5G,"₹49,999",4.4;,4400 mAh Battery with 68W Fast Charging,"Dual Sim, 5G, VoLTE, NFC, Wi-Fi","Snapdragon 888+, Octa Core, 2.9 GHz Processor","8 GB RAM, 128 GB inbuilt","6.55 inches, 1080 x 2400 px, 144 Hz Display with Punch Hole",50 MP + 13 MP + 2 MP Triple Rear & 32 MP Front Camera,Memory Card Not Supported,Android v12
Xiaomi Redmi 11 Prime 5G,"₹17,990",4.45;,5000 mAh Battery with 18W Fast Charging,"Dual Sim, 5G, VoLTE, Wi-Fi, IR Blaster","Dimensity 700 5G, Octa Core, 2.2 GHz Processor","4 GB RAM, 64 GB inbuilt","6.58 inches, 1080 x 2408 px, 90 Hz Display with Water Drop Notch",50 MP + 2 MP Dual Rear & 5 MP Front Camera,"Memory Card Supported, upto 512 GB",Android v12
OPPO A77 (4GB RAM + 128 GB),"₹15,998",4.6;,5000 mAh Battery with 33W Fast Charging,"Dual Sim, 4G, VoLTE, Wi-Fi","Helio G35, Octa Core, 2.3 GHz Processor","4 GB RAM, 128 GB inbuilt","6.56 inches, 720 x 1600 px Display with Water Drop Notch",50 MP Dual Rear & 8 MP Front Camera,Memory Card Supported,Android v12
itel MagicX Play 4G,"₹2,199",4.2;,1900 mAh Battery,"Dual Sim, 4G, VoLTE, Wi-Fi",No 3G,"48 MB RAM, 128 MB inbuilt","1.8 inches, 128 x 160 px Display",0.3 MP Rear Camera,"Memory Card Supported, upto 64 GB",Mocor
Samsung Galaxy Z Fold 4 (12GB RAM + 512GB),"₹95,999",4.35;,4400 mAh Battery with 25W Fast Charging,"Dual Sim, 5G, VoLTE, NFC, Wi-Fi","Snapdragon  8+ Gen1, Octa Core, 3.2 GHz Processor","12 GB RAM, 512 GB inbuilt","7.6 inches, 1812 x 2176 px, 120 Hz Display with Punch Hole","Foldable Display, Dual Display",50 MP + 12 MP + 10 MP Triple Rear & 10 MP + 4 MP Dual Front Camera,Android v12
Motorola Moto G32,"₹16,999",4.15;,5000 mAh Battery with 33W Fast Charging,"Dual Sim, 4G, VoLTE, Wi-Fi","Snapdragon 680, Octa Core, 2.4 GHz Processor","4 GB RAM, 64 GB inbuilt","6.55 inches, 1080 x 2400 px, 90 Hz Display with Punch Hole",50 MP + 8 MP + 2 MP Triple Rear & 16 MP Front Camera,"Memory Card (Hybrid), upto 1 TB",Android v12
OnePlus 10T (12GB RAM + 256GB),"₹54,999",4.45;,4800 mAh Battery with 150W Fast Charging,"Dual Sim, 5G, VoLTE, NFC, Wi-Fi","Snapdragon 8+ Gen1, Octa Core, 3.2 GHz Processor","12 GB RAM, 256 GB inbuilt","6.7 inches, 1080 x 2412 px, 120 Hz Display with Punch Hole",50 MP + 8 MP + 2 MP Triple Rear & 16 MP Front Camera,Android v12,No FM Radio
OPPO Reno 8 Pro 5G,"₹31,990",4.4;,4500 mAh Battery with 80W Fast Charging,"Dual Sim, 5G, VoLTE, NFC, Wi-Fi","Dimensity 8100-Max, Octa Core, 2.85 GHz Processor","12 GB RAM, 256 GB inbuilt","6.7 inches, 1080 x 2412 px, 120 Hz Display with Punch Hole",50 MP + 8 MP + 2 MP Triple Rear & 32 MP Front Camera,Android v12,No FM Radio
Samsung Galaxy M13 (4GB RAM + 64GB),"₹13,981",4.75;,6000 mAh Battery with 15W Fast Charging,"Dual Sim, 4G, VoLTE, Wi-Fi","Exynos  850, Octa Core, 2 GHz Processor","4 GB RAM, 64 GB inbuilt","6.6 inches, 1080 x 2400 px Display with Water Drop Notch",50 MP + 5 MP + 2 MP Triple Rear & 8 MP Front Camera,"Memory Card Supported, upto 1 TB",Android v12
Samsung Galaxy M13 5G (4GB RAM + 64GB),"₹16,999",4.35;,5000 mAh Battery with 15W Fast Charging,"Dual Sim, 5G, VoLTE, Wi-Fi","Dimensity 700, Octa Core, 2.2 GHz Processor","4 GB RAM, 64 GB inbuilt","6.5 inches, 720 x 1600 px, 90 Hz Display with Water Drop Notch",50 MP + 2 MP Dual Rear & 5 MP Front Camera,"Memory Card Supported, upto 1 TB",Android v12
Motorola Moto G42,"₹15,900",4.5;,5000 mAh Battery with 20W Fast Charging,"Dual Sim, 4G, VoLTE, NFC, Wi-Fi","Snapdragon 680, Octa Core, 2.4 GHz Processor","4 GB RAM, 64 GB inbuilt","6.47 inches, 1080 x 2400 px Display with Punch Hole",50 MP + 8 MP + 2 MP Triple Rear & 16 MP Front Camera,"Memory Card Supported, upto 1 TB",Android v12
Motorola Edge 30 5G (8GB RAM + 128GB),"₹34,999",4.65;,4020 mAh Battery with 33W Fast Charging,"Dual Sim, 5G, VoLTE, NFC, Wi-Fi","Snapdragon 778G+, Octa Core, 2.5 GHz Processor","8 GB RAM, 128 GB inbuilt","6.5 inches, 1080 x 2400 px, 144 Hz Display with Punch Hole",50 MP + 50 MP + 2 MP Triple Rear & 32 MP Front Camera,Android v12,No FM Radio
Poco M4 5G,"₹13,499",4;,5000 mAh Battery with 18W Fast Charging,"Dual Sim, 5G, VoLTE, Wi-Fi, IR Blaster","Dimensity 700 5G, Octa Core, 2.2 GHz Processor","4 GB RAM, 64 GB inbuilt","6.58 inches, 1080 x 2400 px, 90 Hz Display with Water Drop Notch",50 MP + 2 MP Dual Rear & 8 MP Front Camera,"Memory Card Supported, upto 512 GB",Android v12
Poco M4 5G (6GB RAM + 128GB),"₹17,999",4.15;,5000 mAh Battery with 18W Fast Charging,"Dual Sim, 5G, VoLTE, Wi-Fi, IR Blaster","Dimensity 700 5G, Octa Core, 2.2 GHz Processor","6 GB RAM, 128 GB inbuilt","6.58 inches, 1080 x 2400 px, 90 Hz Display with Water Drop Notch",50 MP + 2 MP Dual Rear & 8 MP Front Camera,"Memory Card Supported, upto 512 GB",Android v12
Xiaomi Redmi 10A (4GB RAM + 64GB),"₹13,990",4.5;,5000 mAh Battery,"Dual Sim, 4G, VoLTE, Wi-Fi","Helio  G25, Octa Core, 2 GHz Processor","4 GB RAM, 64 GB inbuilt","6.53 inches, 720 x 1600 px Display with Water Drop Notch",13 MP Rear & 5 MP Front Camera,"Memory Card Supported, upto 512 GB",Android v11
Xiaomi 12 Pro 5G (12GB RAM + 256GB),"₹39,990",4.35;,4600 mAh Battery with 120W Fast Charging,"Dual Sim, 5G, VoLTE, NFC, Wi-Fi, IR Blaster","Snapdragon 8 Gen1, Octa Core, 3 GHz Processor","12 GB RAM, 256 GB inbuilt","6.73 inches, 1440 x 3200 px, 120 Hz Display with Punch Hole",50 MP + 50 MP + 50 MP Triple Rear & 32 MP Front Camera,Android v12,No FM Radio
OPPO A76,"₹21,498",4.15;,5000 mAh Battery with 33W Fast Charging,"Dual Sim, 4G, VoLTE, Wi-Fi","Snapdragon  680 , Octa Core, 2.4 GHz Processor","6 GB RAM, 128 GB inbuilt","6.56 inches, 720 x 1612 px, 90 Hz Display with Punch Hole",13 MP + 2 MP Dual Rear & 8 MP Front Camera,Memory Card Supported,Android v11
Xiaomi Redmi 10,"₹14,990",4.6;,6000 mAh Battery with 18W Fast Charging,"Dual Sim, 4G, VoLTE, Wi-Fi","Snapdragon 680, Octa Core, 2.4 GHz Processor","4 GB RAM, 64 GB inbuilt","6.7 inches, 720 x 1600 px Display with Water Drop Notch",50 MP + 2 MP Dual Rear & 5 MP Front Camera,"Memory Card Supported, upto 512 GB",Android v11
POCO M4 Pro 4G (6GB RAM + 128GB),"₹16,999",4.65;,5000 mAh Battery with 33W Fast Charging,"Dual Sim, 4G, VoLTE, Wi-Fi, IR Blaster","Helio G96, Octa Core, 2.05 GHz Processor","6 GB RAM, 128 GB inbuilt","6.43 inches, 1080 x 2400 px, 90 Hz Display with Punch Hole",64 MP + 8 MP + 2 MP Triple Rear & 16 MP Front Camera,"Memory Card Supported, upto 1 TB",Android v11
Realme C35 (4GB RAM + 128GB),"₹10,999",4.6;,5000 mAh Battery with 18W Fast Charging,"Dual Sim, 4G, VoLTE, Wi-Fi","Tiger  T616, Octa Core, 2 GHz Processor","4 GB RAM, 128 GB inbuilt","6.6 inches, 1080 x 2408 px, 90 Hz Display with Water Drop Notch",50 MP + 2 MP + 2 MP Triple Rear & 8 MP Front Camera,"Memory Card Supported, upto 1 TB",Android v11
iQOO 9 Pro 5G,"₹39,999",4.15;,4700 mAh Battery with 120W Fast Charging,"Dual Sim, 5G, VoLTE, NFC, Wi-Fi","Snapdragon 8 Gen1, Octa Core, 3 GHz Processor","8 GB RAM, 256 GB inbuilt","6.78 inches, 1440 x 3200 px, 120 Hz Display with Punch Hole",50 MP + 50 MP + 16 MP Triple Rear & 16 MP Front Camera,Android v12,No FM Radio
iQOO 9 SE 5G (12GB RAM + 256GB),"₹34,999",4.7;,4500 mAh Battery with 66W Fast Charging,"Dual Sim, 5G, VoLTE, NFC, Wi-Fi","Snapdragon  888 , Octa Core, 2.84 GHz Processor","12 GB RAM, 256 GB inbuilt","6.62 inches, 1080 x 2400 px, 120 Hz Display with Punch Hole",48 MP + 13 MP + 2 MP Triple Rear & 16 MP Front Camera,Android v12,No FM Radio
iQOO 9 5G,"₹34,999",4.55;,4350 mAh Battery with 120W Fast Charging,"Dual Sim, 5G, VoLTE, Wi-Fi","Snapdragon  888+, Octa Core, 2.9 GHz Processor","8 GB RAM, 128 GB inbuilt","6.56 inches, 1080 x 2376 px, 120 Hz Display with Punch Hole",48 MP + 13 MP + 13 MP Triple Rear & 16 MP Front Camera,Android v12,No FM Radio
Asus ROG Phone 5s Pro 5G,"₹79,999",4.45;,6000 mAh Battery with 65W Fast Charging,"Dual Sim, 5G, VoLTE, NFC, Wi-Fi","Snapdragon  888+, Octa Core, 2.9 GHz Processor","18 GB RAM, 512 GB inbuilt","6.78 inches, 1080 x 2448 px, 144 Hz Display",64 MP + 13 MP + 5 MP Triple Rear & 24 MP Front Camera,Android v11,No FM Radio
Samsung Galaxy S22 Plus 5G (8GB RAM + 256GB),"₹1,05,999",4.65;,4500 mAh Battery with 45W Fast Charging,"Dual Sim, 5G, VoLTE, Vo5G, NFC, Wi-Fi","Snapdragon  8 Gen1, Octa Core, 3 GHz Processor","8 GB RAM, 256 GB inbuilt","6.6 inches, 1080 x 2340 px, 120 Hz Display with Punch Hole",50 MP + 12 MP + 10 MP Triple Rear & 10 MP Front Camera,Android v12,Bluetooth
Xiaomi 11T Pro 5G (8GB RAM + 256GB),"₹36,246",4.15;,5000 mAh Battery with 120W Fast Charging,"Dual Sim, 5G, VoLTE, NFC, Wi-Fi, IR Blaster","Snapdragon  888 , Octa Core, 2.84 GHz Processor","8 GB RAM, 256 GB inbuilt","6.67 inches, 1080 x 2400 px, 120 Hz Display with Punch Hole",108 MP + 8 MP + 5 MP Triple Rear & 16 MP Front Camera,Android v11,No FM Radio
Motorola Moto G71 5G,"₹19,890",4.65;,5000 mAh Battery with 33W Fast Charging,"Dual Sim, 5G, VoLTE, NFC, Wi-Fi","Snapdragon 695, Octa Core, 2.2 GHz Processor","6 GB RAM, 128 GB inbuilt","6.4 inches, 1080 x 2400 px Display with Punch Hole",50 MP + 8 MP + 2 MP Triple Rear & 16 MP Front Camera,Memory Card Not Supported,Android v11
Xiaomi Mi 11T Pro 5G,"₹32,990",4.6;,5000 mAh Battery with 120W Fast Charging,"Dual Sim, 5G, VoLTE, NFC, Wi-Fi, IR Blaster","Snapdragon  888 , Octa Core, 2.84 GHz Processor","8 GB RAM, 128 GB inbuilt","6.67 inches, 1080 x 2400 px, 120 Hz Display with Punch Hole",108 MP + 8 MP + 5 MP Triple Rear & 16 MP Front Camera,Android v11,No FM Radio
Xiaomi Mi 11i 5G,"₹20,499",4;,5160 mAh Battery with 67W Fast Charging,"Dual Sim, 5G, VoLTE, Wi-Fi, IR Blaster","Dimensity  920 5G, Octa Core, 2.5 GHz Processor","6 GB RAM, 128 GB inbuilt","6.67 inches, 2400 x 1080 px, 120 Hz Display with Punch Hole",108 MP + 8 MP + 2 MP Triple Rear & 16 MP Front Camera,"Memory Card (Hybrid), upto 1 TB",Android v11
Xiaomi 11i HyperCharge 5G (8GB RAM + 128GB),"₹19,990",4.65;,4500 mAh Battery with 120W Fast Charging,"Dual Sim, 5G, VoLTE, Wi-Fi, IR Blaster","Dimensity  920 5G, Octa Core, 2.5 GHz Processor","8 GB RAM, 128 GB inbuilt","6.67 inches, 2400 x 1080 px, 120 Hz Display with Punch Hole",108 MP + 8 MP + 2 MP Triple Rear & 16 MP Front Camera,"Memory Card (Hybrid), upto 1 TB",Android v11
POCO C31 (4GB RAM + 64GB),"₹11,990",4.6;,5000 mAh Battery,"Dual Sim, 4G, VoLTE, Wi-Fi","Helio G35, Octa Core, 2.3 GHz Processor","4 GB RAM, 64 GB inbuilt","6.53 inches, 720 x 1600 px Display with Water Drop Notch",13 MP + 2 MP + 2 MP Triple Rear & 5 MP Front Camera,"Memory Card Supported, upto 512 GB",Android v10
Samsung Galaxy F42 5G,"₹23,999",4.35;,5000 mAh Battery with 15W Fast Charging,"Dual Sim, 5G, VoLTE, Wi-Fi","Dimensity 700 5G, Octa Core, 2.2 GHz Processor","6 GB RAM, 128 GB inbuilt","6.6 inches, 1080 x 2408 px, 90 Hz Display with Water Drop Notch",64 MP + 5 MP + 2 MP Triple Rear & 8 MP Front Camera,"Memory Card Supported, upto 1 TB",Android v11
Xiaomi Mi 11 Lite NE 5G (8GB RAM + 128GB),"₹25,999",4.6;,4250 mAh Battery with 33W Fast Charging,"Dual Sim, 5G, VoLTE, NFC, Wi-Fi, IR Blaster","Snapdragon  778G , Octa Core, 2.4 GHz Processor","8 GB RAM, 128 GB inbuilt","6.55 inches, 1080 x 2400 px, 90 Hz Display with Punch Hole",64 MP + 8 MP + 5 MP Triple Rear & 20 MP Front Camera,Memory Card (Hybrid),Android v11
Motorola Edge 20 5G,"₹26,490",4.15;,4000 mAh Battery with 30W Fast Charging,"Dual Sim, 5G, VoLTE, NFC, Wi-Fi","Snapdragon  778G , Octa Core, 2.4 GHz Processor","8 GB RAM, 128 GB inbuilt","6.7 inches, 1080 x 2460 px, 144 Hz Display with Punch Hole",108 MP + 16 MP + 8 MP Triple Rear & 32 MP Front Camera,Android v11,Bluetooth
Samsung Galaxy Z Flip 3,"₹95,999",4.2;,3300 mAh Battery with 15W Fast Charging,"Dual Sim, 5G, VoLTE, NFC, eSIM, Wi-Fi","Snapdragon 888, Octa Core, 2.84 GHz Processor","8 GB RAM, 128 GB inbuilt","6.7 inches, 1080 x 2640 px, 120 Hz Display with Punch Hole","Foldable Display, Dual Display",12 MP + 12 MP Dual Rear & 10 MP Front Camera,Memory Card Not Supported
Xiaomi Mi 11 Lite,"₹15,990",4.7;,4250 mAh Battery with 33W Fast Charging,"Dual Sim, 4G, VoLTE, Wi-Fi, IR Blaster","Snapdragon 732G, Octa Core, 2.3 GHz Processor","6 GB RAM, 128 GB inbuilt","6.55 inches, 1080 x 2400 px, 90 Hz Display with Punch Hole",64 MP + 8 MP + 5 MP Triple Rear & 16 MP Front Camera,"Memory Card (Hybrid), upto 512 GB",Android v11
Realme X7 Max (12GB RAM + 256GB),"₹32,999",4.1;,4500 mAh Battery with 50W Fast Charging,"Dual Sim, 5G, VoLTE, NFC, Wi-Fi","Dimensity 1200, Octa Core, 3 GHz Processor","12 GB RAM, 256 GB inbuilt","6.43 inches, 1080 x 2400 px, 120 Hz Display with Punch Hole",64 MP + 8 MP + 2 MP Triple Rear & 16 MP Front Camera,Android v11,No FM Radio
Realme X7 Max,"₹26,999",4.55;,4500 mAh Battery with 50W Fast Charging,"Dual Sim, 5G, VoLTE, NFC, Wi-Fi","Dimensity 1200, Octa Core, 3 GHz Processor","8 GB RAM, 128 GB inbuilt","6.43 inches, 1080 x 2400 px, 120 Hz Display with Punch Hole",64 MP + 8 MP + 2 MP Triple Rear & 16 MP Front Camera,Android v11,No FM Radio
Xiaomi Mi 11X 5G (8GB RAM + 128GB),"₹29,999",4.3;,4520 mAh Battery with 33W Fast Charging,"Dual Sim, 5G, VoLTE, Wi-Fi, IR Blaster","Snapdragon 870, Octa Core, 3.2 GHz Processor","8 GB RAM, 128 GB inbuilt","6.67 inches, 1080 x 2400 px, 120 Hz Display with Punch Hole",48 MP + 8 MP + 5 MP Triple Rear & 20 MP Front Camera,Android v11,No FM Radio
Realme C21 (4GB RAM + 64GB),"₹9,999",4.35;,5000 mAh Battery,"Dual Sim, 4G, VoLTE, Wi-Fi","Helio G35, Octa Core, 2.3 GHz Processor","4 GB RAM, 64 GB inbuilt","6.5 inches, 1600 x 720 px Display with Water Drop Notch",13 MP + 2 MP + 2 MP Triple Rear & 5 MP Front Camera,"Memory Card Supported, upto 256 GB",Android v10
Samsung Galaxy F12,"₹12,999",4.65;,6000 mAh Battery with 15W Fast Charging,"Dual Sim, 4G, VoLTE, Wi-Fi","Exynos 850, Octa Core, 2 GHz Processor","4 GB RAM, 64 GB inbuilt","6.5 inches, 720 x 1600 px, 90 Hz Display with Water Drop Notch",48 MP Quad Rear & 8 MP Front Camera,"Memory Card Supported, upto 512 GB",Android v11
Samsung Galaxy A72 (8GB RAM + 256GB),"₹37,999",4.1;,5000 mAh Battery with 25W Fast Charging,"Dual Sim, 4G, VoLTE, Wi-Fi","Snapdragon  720G , Octa Core, 2.3 GHz Processor","8 GB RAM, 256 GB inbuilt","6.7 inches, 1080 x 2400 px, 90 Hz Display with Punch Hole",64 MP Quad Rear & 32 MP Front Camera,"Memory Card Supported, upto 1 TB",Android v11
Realme X7 Pro,"₹29,999",4.05;,4500 mAh Battery with 65W Fast Charging,"Dual Sim, 5G, VoLTE, NFC, Wi-Fi","Dimensity 1000+, Octa Core, 2.6 GHz Processor","8 GB RAM, 128 GB inbuilt","6.55 inches, 1080 x 2400 px, 120 Hz Display with Punch Hole",64 MP Quad Rear & 32 MP Front Camera,Android v10,No FM Radio
Realme 7i (4GB RAM + 128GB),"₹14,249",4.45;,5000 mAh Battery with 18W Fast Charging,"Dual Sim, 4G, VoLTE, Wi-Fi","Snapdragon 662, Octa Core, 2 GHz Processor","4 GB RAM, 128 GB inbuilt","6.5 inches, 720 x 1600 px, 90 Hz Display with Punch Hole",64 MP Quad Rear & 16 MP Front Camera,"Memory Card Supported, upto 256 GB",Android v10
Xiaomi Mi 10T 5G,"₹35,999",4.65;,5000 mAh Battery with 33W Fast Charging,"Dual Sim, 5G, VoLTE, NFC, Wi-Fi","Snapdragon 865, Octa Core, 2.84 GHz Processor","6 GB RAM, 128 GB inbuilt","6.67 inches, 2400 x 1080 px, 144 Hz Display with Punch Hole",64 MP + 13 MP + 5 MP Triple Rear & 20 MP Front Camera,Android v10,No FM Radio
Samsung Galaxy Note 20,"₹86,000",4.05;,4300 mAh Battery with 25W Fast Charging,"Dual Sim, 4G, VoLTE, NFC, Wi-Fi","Exynos  990, Octa Core, 2.73 GHz Processor","8 GB RAM, 256 GB inbuilt","6.7 inches, 1080 x 2400 px Display with Punch Hole",64 MP + 12 MP + 12 MP Triple Rear & 10 MP Front Camera,Android v10,No FM Radio
Poco M2,"₹10,999",4.45;,5000 mAh Battery with 18W Fast Charging,"Dual Sim, 4G, VoLTE, Wi-Fi, IR Blaster","Helio G80, Octa Core, 2 GHz Processor","6 GB RAM, 64 GB inbuilt","6.53 inches, 1080 x 2340 px Display with Water Drop Notch",13 MP Quad Rear & 8 MP Front Camera,"Memory Card Supported, upto 512 GB",Android v10.0
Nokia 5310 Dual Sim,"₹3,789",4.35;,"2.4 inches, 240 x 320 px Display",Dual Sim,"8 MB RAM, 16 MB inbuilt",1200 mAh Battery,0.3 MP Rear Camera,"Memory Card Supported, upto 32 GB",Bluetooth,Browser
Xiaomi Redmi 9,"₹11,999",4.35;,5000 mAh Battery,"Dual Sim, 4G, VoLTE, Wi-Fi","Helio G35, Octa Core, 2.3 GHz Processor","4 GB RAM, 64 GB inbuilt","6.53 inches, 720 x 1600 px Display with Water Drop Notch",13 MP + 2 MP Dual Rear & 5 MP Front Camera,"Memory Card Supported, upto 512 GB",Android v10
Realme X3 SuperZoom Edition (12GB RAM + 256GB),"₹26,499",4.3;,4200 mAh Battery with 30W Fast Charging,"Dual Sim, 4G, VoLTE, Wi-Fi","Snapdragon 855+, Octa Core, 2.96 GHz Processor","12 GB RAM, 256 GB inbuilt","6.57 inches, 1080 x 2400 px, 120 Hz Display with Dual Punch Hole",64 MP Quad Rear & 32 MP + 8 MP Dual Front Camera,Memory Card Not Supported,Android v10
Realme X50 Pro 5G (8GB RAM + 128GB),"₹41,999",4.65;,4200 mAh Battery with 65W Fast Charging,"Dual Sim, 5G, VoLTE, NFC, Wi-Fi","Snapdragon 865, Octa Core, 2.84 GHz Processor","8 GB RAM, 128 GB inbuilt","6.44 inches, 1080 x 2400 px, 90 Hz Display with Dual Punch Hole",64 MP Quad Rear & 32 MP + 8 MP Dual Front Camera,Memory Card Not Supported,Android v10
Realme X,"₹17,999",4.35;,3765 mAh Battery with 20W Fast Charging,"Dual Sim, 4G, VoLTE, Wi-Fi","Snapdragon 710, Octa Core, 2.2 GHz Processor","4 GB RAM, 128 GB inbuilt","6.53 inches, 1080 x 2340 px Display",48 MP + 5 MP Dual Rear & 16 MP Front Camera,Memory Card Not Supported,Android v9.0 (Pie)
Xiaomi Redmi K20 Pro,"₹28,999",4.1;,4000 mAh Battery with 27W Fast Charging,"Dual Sim, 4G, VoLTE, Wi-Fi","Snapdragon  855, Octa Core, 2.8 GHz Processor","6 GB RAM, 128 GB inbuilt","6.39 inches, 1080 x 2340 px Display",48 MP + 13 MP + 8 MP Triple Rear & 20 MP Front Camera,Memory Card Not Supported,Android v9.0 (Pie)
Realme 3 Pro,"₹15,999",4.3;,4045 mAh Battery with Fast Charging,"Dual Sim, 4G, VoLTE, Wi-Fi","Qualcomm Snapdragon 710 AIE, Octa Core, 2.2 GHz Processor","4 GB RAM, 64 GB inbuilt","6.3 inches, 1080 x 2340 px Display with Water Drop Notch",16 MP + 5 MP Dual Rear & 25 MP Front Camera,"Memory Card Supported, upto 256 GB",Android v9.0 (Pie)
Realme 3 (3GB RAM + 32GB),"₹10,999",4.1;,4230 mAh Battery,"Dual Sim, 4G, VoLTE, Wi-Fi","Helio P70, Octa Core, 2.1 GHz Processor","3 GB RAM, 32 GB inbuilt","6.22 inches, 1520 x 720 px Display with Water Drop Notch",13 MP + 2 MP Dual Rear & 13 MP Front Camera,"Memory Card Supported, upto 256 GB",Android v9.0 (Pie)
Realme 2 (3GB RAM + 32GB),"₹9,990",4.45;,4230 mAh Battery,"Dual Sim, 4G, VoLTE, Wi-Fi","Snapdragon 450, Octa Core, 1.8 GHz Processor","3 GB RAM, 32 GB inbuilt","6.2 inches, 720 x 1520 px Display with Small Notch",13 MP + 2 MP Dual Rear & 8 MP Front Camera,"Memory Card Supported, upto 256 GB",Android v8.1 (Oreo)
Apple iPhone 8 Plus (256GB),"₹84,900",4.1;,2691 mAh Battery with Fast Charging,"Single Sim, 4G, VoLTE, NFC, Wi-Fi","Apple A11, Hexa Core, 2.39 GHz Processor","3 GB RAM, 256 GB inbuilt","5.5 inches, 1080 x 1920 px Display",12 MP + 12 MP Dual Rear & 7 MP Front Camera,Memory Card Not Supported,iOS v11
Apple iPhone 8 Plus,"₹49,900",4.3;,2691 mAh Battery with Fast Charging,"Single Sim, 4G, VoLTE, NFC, Wi-Fi","Apple A11, Hexa Core, 2.39 GHz Processor","3 GB RAM, 64 GB inbuilt","5.5 inches, 1080 x 1920 px Display",12 MP + 12 MP Dual Rear & 7 MP Front Camera,Memory Card Not Supported,iOS v11
Samsung Guru E1200,"₹2,001",4.3;,"1.5 inches, 128 x 128 px Display",Single Sim,No Wifi,800 mAh Battery,No Rear Camera,No FM Radio,,
Caul X1 Force,"₹1,130",4.55;,1000 mAh Battery with Fast Charging,Dual Sim,"Helio, Dual Core, 512 MHz Processor","32 MB RAM, 32 MB inbuilt","1.77 inches, 240 x 320 px Display",0.3 MP Rear Camera,No FM Radio,
Caul X1 Classic,"₹1,079",4.05;,1000 mAh Battery,"Dual Sim, 3G, Wi-Fi","Helio, Dual Core, 512 MHz Processor","32 MB RAM, 32 MB inbuilt","1.77 inches, 320 x 480 px Display",No Rear Camera,Bluetooth,
HMD Vibe 2 5G (4GB RAM + 128GB),"₹16,999",4.5;,6000 mAh Battery with 18W Fast Charging,"Dual Sim, 5G, VoLTE, Wi-Fi","Unisoc T8200, Octa Core, 2.3 GHz Processor","4 GB RAM, 128 GB inbuilt","6.75 inches, 720 x 1600 px, 120 Hz Display with Water Drop Notch",50 MP Dual Rear & 8 MP Front Camera,"Memory Card (Hybrid), upto 1 TB",Android v16
Gamma K2 Mini 1,"₹1,050",4.55;,1000 mAh Battery with Fast Charging,Dual Sim,1 MHz Processor,"32 MB RAM, 32 MB inbuilt","0.66 inches, 128 x 160 px Display",No Rear Camera,Symbian v1.5,No FM Radio
Gamma K2 Mini 2,"₹1,115",4.2;,"32 MB RAM, 32 MB inbuilt",Dual Sim,No Wifi,1 MHz Processor,1000 mAh Battery,"0.66 inches, 128 x 160 px Display",No Rear Camera,v40
Jmax Walkie,"₹1,299",4.7;,3000 mAh Battery,Dual Sim,1.3 GHz Processor,"32 MB RAM, 32 MB inbuilt",2.4 inches Display,0.3 MP Rear Camera,Memory Card (Hybrid),Bluetooth
Foneme FM-1 Power 30C,₹998,4.65;,3000 mAh Battery,Dual Sim,"Single Core, 1.77 MHz Processor","8 MB RAM, 16 MB inbuilt","2.4 inches, 128 x 160 px Display",0.3 MP Rear Camera,Symbian v60,Bluetooth
Foneme Fm-2 Guru 4G,"₹1,499",4.45;,3000 mAh Battery,"Dual Sim, 4G, VoLTE","Single Core, 1.77 MHz Processor","32 MB RAM, 32 MB inbuilt","2.4 inches, 128 x 160 px Display",0.3 MP Rear Camera,"Memory Card (Hybrid), upto 8 GB",Symbian v4.11
Foneme Power 20,₹799,4;,"1.8 inches, 176 x 220 px Display",Dual Sim,"32 MB RAM, 32 MB inbuilt",3000 mAh Battery,0.3 MP Rear Camera,,,
Foneme Power 10,₹799,4.3;,"1.8 inches, 176 x 220 px Display",Dual Sim,"32 MB RAM, 32 MB inbuilt",3000 mAh Battery,0.3 MP Rear Camera,,,
Snexian Rock Z Flip,"₹1,899",4.55;,2000 mAh Battery,Dual Sim,Single Core Processor,"32 MB RAM, 32 MB inbuilt","2.4 inches, 320 x 240 px Display",0.3 MP Rear Camera,Symbian v0,No FM Radio
Snexian Guru 219C,₹749,4.15;,1000 mAh Battery,Dual Sim,1.41 MHz Processor,16 MB RAM,"1.8 inches, 120 x 240 px Display",0.3 MP Rear Camera,Symbian v30,Bluetooth
Snexian Guru 218C,₹749,4.6;,1000 mAh Battery,Dual Sim,1.41 MHz Processor,"16 MB RAM, 128 MB inbuilt","1.8 inches, 120 x 240 px Display",0.3 MP Rear Camera,Symbian v30,Bluetooth
Snexian Rock X Flip,"₹1,498",4.4;,1500 mAh Battery,Dual Sim,"Unisoc, Single Core, 1 MHz Processor","32 MB RAM, 32 MB inbuilt","1.8 inches, 120 x 240 px Display",0.3 MP Rear Camera,Symbian v0,No FM Radio
GFive Shark 3,₹699,4.55;,2500 mAh Battery,Dual Sim,"Unisoc, Quad Core Processor","32 MB RAM, 32 MB inbuilt","1.8 inches, 320 x 480 px Display",0.3 MP Rear Camera,Symbian v30,Bluetooth
MTR M115,₹950,4.15;,1100 mAh Battery,Dual Sim,128 MHz Processor,"32 MB RAM, 32 MB inbuilt","1.44 inches, 120 x 240 px Display",0.03 MP Rear Camera,Memory Card Supported,No FM Radio
GFive Z18 MIni,₹799,4;,"0.66 inches, 160 x 120 px Display",Dual Sim,"32 MB RAM, 32 MB inbuilt",800 mAh Battery,No Rear Camera,"Memory Card (Hybrid), upto 8 GB",No FM Radio,Bluetooth
Snexian Guru Three,₹799,4.5;,"32 MB RAM, 32 MB inbuilt",Dual Sim,No 3G,No Wifi,2500 mAh Battery,"2.4 inches, 320 x 240 px Display",0.3 MP Rear Camera,"Memory Card Supported, upto 16 GB"
MTR M10,₹900,4.2;,700 mAh Battery,Dual Sim,256 MHz Processor,"32 MB RAM, 32 MB inbuilt","0.66 inches, 120 x 240 px Display",No Rear Camera,No FM Radio,
Snexian Guru One,₹899,4.2;,"2.4 inches, 320 x 240 px Display",Dual Sim,"32 MB RAM, 32 MB inbuilt",2500 mAh Battery,0.3 MP Rear Camera,"Memory Card Supported, upto 16 GB",Symbian v30,Bluetooth
Peace Honor 10 (4GB RAM + 64GB),"₹8,999",4.3;,3000 mAh Battery,"Dual Sim, 4G, VoLTE, Wi-Fi","Helio, Single Core, 1.3 MHz Processor","4 GB RAM, 64 GB inbuilt","4.5 inches, 412 x 960 px Display",8 MP Rear Camera,Android v14.0,No FM Radio
Gamma G26,₹999,4.55;,1000 mAh Battery,Dual Sim,1 MHz Processor,"32 MB RAM, 32 MB inbuilt","0.66 inches, 128 x 160 px Display",No Rear Camera,No FM Radio,Bluetooth
Giva i30,₹855,4.75;,"1.8 inches, 128 x 160 px Display",Dual Sim,"512 MB RAM, 32 MB inbuilt",1000 mAh Battery,0.3 MP Rear Camera,Memory Card Supported,Bluetooth,
itel Zeno 100,"₹8,899",4.45;,5000 mAh Battery with Fast Charging,"Dual Sim, 4G, Wi-Fi, IR Blaster","Unisoc T7100, Octa Core, 1.8 GHz Processor","3 GB RAM, 64 GB inbuilt","6.6 inches, 720 x 1612 px, 90 Hz Display with Water Drop Notch",8 MP Rear & 5 MP Front Camera,Memory Card Supported,Android v15
Lava A1 Tejas,"₹1,099",4.7;,"2 inches, 160 x 128 px Display",Dual Sim,"4 MB RAM, 4 MB inbuilt",1000 mAh Battery with Fast Charging,Main Rear Camera,"Memory Card Supported, upto 32 GB",Bluetooth,
iKall I2 New,"₹1,906",4.45;,2500 mAh Battery,"Dual Sim, 4G",1.4 MHz Processor,"32 MB RAM, 32 MB inbuilt","2.8 inches, 240 x 320 px Display",1 MP Rear Camera,"Memory Card Supported, upto 8 GB",No FM Radio
itel it2165c,₹999,4.15;,1200 mAh Battery,Dual Sim,"Single Core, 308 MHz Processor","32 MB RAM, 32 MB inbuilt","2 inches, 120 x 240 px Display",No Rear Camera,"Memory Card Supported, upto 32 GB",No FM Radio
Jmax Smart Vibe,₹999,4.4;,3000 mAh Battery,Dual Sim,1.2 MHz Processor,"32 MB RAM, 16 MB inbuilt","1.8 inches, 320 x 480 px Display",0.3 MP Rear Camera,"Memory Card (Hybrid), upto 16 GB",Symbian v30
Tryto T1 Blade,₹700,4;,1000 mAh Battery,Dual Sim,250 MHz Processor,"64 MB RAM, 64 MB inbuilt","1.8 inches, 128 x 160 px Display",1 MP Rear Camera,Memory Card (Hybrid),v7.5
Jmax A24,"₹1,190",4.65;,"32 MB RAM, 32 MB inbuilt",Dual Sim,No Wifi,500 MHz Processor,3000 mAh Battery,"2.4 inches, 320 x 480 px Display",1 MP Rear Camera,Memory Card (Hybrid)
Jmax A18,₹990,4.5;,"1.8 inches, 320 x 480 px Display",Dual Sim,"32 MB RAM, 32 MB inbuilt",3000 mAh Battery,0.4 MP Rear Camera,Memory Card (Hybrid),Bluetooth,
Snexian Rock 999 4G,"₹1,499",4.45;,2500 mAh Battery,"Dual Sim, 4G, VoLTE",1.77 MHz Processor,"32 MB RAM, 32 MB inbuilt","2.4 inches, 320 x 240 px Display",0.3 MP Rear Camera,Memory Card Supported,v1
Karbonn K190,"₹1,087",4.05;,1000 mAh Battery,Dual Sim,1 MHz Processor,"40 MB RAM, 65 MB inbuilt",1.8 inches Display,1 MP Rear Camera,"Memory Card (Hybrid), upto 16 GB",Bluetooth
HMD 100,₹999,4.5;,800 mAh Battery with 2.75W Fast Charging,Dual Sim,Unisoc 6533G,"8 MB RAM, 4 MB inbuilt","1.77 inches, 160 x 128 px Display",No Rear Camera,S30+​,
Hotline Crystal Card,₹999,4.25;,1000 mAh Battery,Dual Sim,"Unisoc, Dual Core, 1.2 GHz Processor","32 MB RAM, 32 MB inbuilt","1.44 inches, 240 x 120 px Display",0.3 MP Rear Camera,Symbian v30,No FM Radio
Gamma K2 Tiny,₹999,4.45;,1000 mAh Battery,Dual Sim,1 MHz Processor,"32 MB RAM, 32 MB inbuilt","0.66 inches, 120 x 360 px Display",No Rear Camera,No FM Radio,
Hotline Clear 31,₹545,4.4;,1100 mAh Battery,Dual Sim,1.3 MHz Processor,"32 MB RAM, 32 MB inbuilt","1.8 inches, 128 x 160 px Display",1.3 MP Rear Camera,"Memory Card (Hybrid), upto 32 GB",Bluetooth
Jmax Fast,₹990,4.6;,3000 mAh Battery with Fast Charging,Dual Sim,"Unisoc, Quad Core, 1.2 GHz Processor","32 MB RAM, 32 MB inbuilt","1.8 inches, 120 x 240 px Display",Main Rear Camera,Symbian v30,Bluetooth
Snexian Bold Royal,"₹2,249",4;,3000 mAh Battery,Dual Sim,1.77 MHz Processor,"32 MB RAM, 32 MB inbuilt","1.8 inches, 240 x 320 px Display",0.3 MP Rear Camera,"Memory Card (Hybrid), upto 16 GB",Symbian
iKall A5 Flip,"₹1,699",4;,"32 MB RAM, 32 MB inbuilt",Dual Sim,No Wifi,1 MHz Processor,2000 mAh Battery,"1.8 inches, 160 x 240 px Display",0.3 MP Rear Camera,"Memory Card Supported, upto 8 GB"
Ringme Bold Z,"₹1,200",4.65;,2500 mAh Battery,Dual Sim,100 kHz Processor,"32 MB RAM, 32 MB inbuilt","2.4 inches, 120 x 240 px Display",0.3 MP Rear Camera,No FM Radio,
Peace P60,₹799,4.6;,"2.4 inches, 320 x 240 px Display",Dual Sim,"3 MB RAM, 128 MB inbuilt",2500 mAh Battery,0.3 MP Rear Camera,,,
Peace P4 New,₹699,4.25;,850 mAh Battery,"Dual Sim, 3G, Wi-Fi",1.2 MHz Processor,"64 MB RAM, 256 MB inbuilt","1.8 inches, 320 x 240 px Display",0.3 MP Rear Camera,No FM Radio,Bluetooth
Karbonn K103i,"₹1,199",4.6;,"35 MB RAM, 30 MB inbuilt",Dual Sim,No Wifi,"Helio, 100 kHz Processor",1000 mAh Battery,1.8 inches Display,No Rear Camera,"Memory Card (Hybrid), upto 32 GB"
Peace Mi3,₹749,4.3;,"1.77 inches, 320 x 240 px Display",Dual Sim,3 MB RAM,2500 mAh Battery,0.3 MP Rear Camera,,,
Philips E2101C,"₹1,029",4.4;,No Rear Camera,"32 MB RAM, 32 MB inbuilt",1000 mAh Battery,1.77 inches Display,"Memory Card Supported, upto 32 GB",,,
Snexian Bold 40K,"₹1,249",4.25;,"32 MB RAM, 32 MB inbuilt",Dual Sim,No Wifi,1 MHz Processor,2500 mAh Battery,"2.8 inches, 240 x 320 px Display",No Rear Camera,Symbian v30
Snexian Rock R21,₹849,4.05;,3000 mAh Battery,Dual Sim,1 MHz Processor,"32 MB RAM, 32 MB inbuilt","1.8 inches, 240 x 320 px Display",0.3 MP Rear & 0.3 MP Front Camera,"Memory Card Supported, upto 32 GB",Symbian
Snexian Guru 555,₹699,4.55;,1000 mAh Battery,Dual Sim,1.41 MHz Processor,"512 MB RAM, 256 MB inbuilt","1.8 inches, 120 x 240 px Display",0.3 MP Rear Camera,Symbian v30,Bluetooth
itel it2181,"₹1,199",4.45;,1200 mAh Battery with Fast Charging,Dual Sim,"Single Core, 1 MHz Processor","4 MB RAM, 4 MB inbuilt","2 inches, 240 x 320 px Display",0.3 MP Rear Camera,"Memory Card Supported, upto 32 GB",
itel it5027 Slim,"₹1,139",4.7;,1200 mAh Battery,Dual Sim,208 MHz Processor,"4 MB RAM, 4 MB inbuilt","2.4 inches, 240 x 320 px Display",0.3 MP Rear Camera,"Memory Card Supported, upto 32 GB",
Lava A1 Music,"₹1,033",4.75;,"2 inches, 240 x 320 px Display",Dual Sim,"32 MB RAM, 32 MB inbuilt",1000 mAh Battery,0.3 MP Rear Camera,"Memory Card Supported, upto 32 GB",Bluetooth,
itel IT5608 Neo,"₹1,449",4.35;,100 kHz Processor,Dual Sim,No 3G,No Wifi,"4 MB RAM, 4 MB inbuilt",2500 mAh Battery with Fast Charging,"1.8 inches, 128 x 160 px Display",0.3 MP Rear Camera
Philips E2221,"₹1,598",4.3;,Digital Camera Rear Camera,"32 MB RAM, 32 MB inbuilt",2500 mAh Battery,2.44 inches Display,"Memory Card Supported, upto 32 GB",,,
Philips E2102,"₹1,234",4.7;,1.77 inches Display,Unisoc SC6531E,"4 MB RAM, 4 MB inbuilt",1000 mAh Battery,0.08 MP Rear Camera,Memory Card Supported,,
Gamma Shine 4G,"₹1,982",4;,2500 mAh Battery with Fast Charging,"Dual Sim, Wi-Fi",1 MHz Processor,"32 MB RAM, 32 MB inbuilt","2.4 inches, 120 x 360 px Display",0.3 MP Rear Camera,"Memory Card (Hybrid), upto 8 GB",Bluetooth
Snexian Bold A27,₹799,4.2;,600 mAh Battery,Dual Sim,1.77 MHz Processor,"32 MB RAM, 32 MB inbuilt","0.66 inches, 120 x 240 px Display",No Rear Camera,Memory Card Supported,No FM Radio
Snexian Bold A26,₹899,4.3;,850 mAh Battery,Dual Sim,100 kHz Processor,"32 MB RAM, 32 MB inbuilt","0.66 inches, 120 x 240 px Display",No Rear Camera,Memory Card Supported,No FM Radio
Philips E2112,"₹1,374",4.4;,Main Rear Camera,"32 MB RAM, 32 MB inbuilt",2500 mAh Battery,1.77 inches Display,"Memory Card Supported, upto 32 GB",,,
Philips E2103,"₹1,099",4.4;,No Rear Camera,"32 MB RAM, 32 MB inbuilt",1000 mAh Battery,1.77 inches Display,"Memory Card Supported, upto 32 GB",,,
Snexian Rock Fold Mini,"₹2,349",4.65;,2500 mAh Battery,Dual Sim,1.77 MHz Processor,"32 MB RAM, 32 MB inbuilt","2.8 inches, 320 x 420 px Display",0.3 MP Rear Camera,"Memory Card Supported, upto 16 GB",Bluetooth
Snexian Rock K300,₹999,4.75;,1200 mAh Battery,Dual Sim,1.77 MHz Processor,"32 MB RAM, 32 MB inbuilt","2.1 inches, 240 x 320 px Display",0.3 MP Rear Camera,Memory Card Supported,No FM Radio
Lava Hero Shakti 2025,₹890,4.5;,800 mAh Battery,Dual Sim,1.5 MHz Processor,"4 MB RAM, 32 GB inbuilt","1.8 inches, 160 x 128 px Display",No Rear Camera,Memory Card (Hybrid),
Foneme F60,₹649,4.55;,1000 mAh Battery,Dual Sim,"Single Core, 1.77 MHz Processor","8 MB RAM, 16 MB inbuilt","1.8 inches, 128 x 160 px Display",0.3 MP Rear Camera,Symbian v7.5,
Micromax J3 Plus,"₹1,087",4.15;,1000 mAh Battery,Dual Sim,"Single Core, 1.2 GHz Processor","32 MB RAM, 32 MB inbuilt","1.77 inches, 180 x 320 px Display",No Rear Camera,No FM Radio,
GFive K-116 C,₹969,4.1;,1000 mAh Battery,"Dual Sim, 3G","Spreadtrum, Single Core, 1.4 GHz Processor","32 MB RAM, 32 MB inbuilt","1.44 inches, 320 x 480 px Display",0.3 MP Rear Camera,Memory Card (Hybrid),Symbian v30
Jmax Sports Pro,₹999,4.05;,3000 mAh Battery,Dual Sim,"Spreadtrum, 1.2 GHz Processor","32 MB RAM, 32 MB inbuilt","1.8 inches, 120 x 240 px Display",0.3 MP Rear Camera,v30,No FM Radio
Lvix L1 L77,₹990,4.25;,1000 mAh Battery,Dual Sim,1.77 MHz Processor,"16 MB RAM, 32 MB inbuilt","1.77 inches, 176 x 220 px Display",0.3 MP Rear Camera,Symbian v4.11,No FM Radio
Lvix L1 4G-3,"₹1,549",4.35;,2500 mAh Battery,"Dual Sim, 4G",1.77 MHz Processor,"16 MB RAM, 32 MB inbuilt","2.4 inches, 240 x 380 px Display",0.3 MP Rear Camera,Memory Card (Hybrid),v30
iKall I5,₹999,4.4;,2500 mAh Battery,Dual Sim,1.3 MHz Processor,"32 MB RAM, 32 MB inbuilt","2.4 inches, 240 x 320 px Display",0.3 MP Rear Camera,"Memory Card Supported, upto 32 MB",Symbian v9.1
Foneme Bouzouki FM-2,"₹1,699",4.05;,5000 mAh Battery,Dual Sim,1.4 MHz Processor,"32 MB RAM, 32 MB inbuilt","2.8 inches, 128 x 160 px Display",0.3 MP Rear Camera,Memory Card (Hybrid),Bluetooth
Apple iPhone 16e (512GB),"₹89,900",4.35;,4005 mAh Battery with Fast Charging,"Dual Sim, 5G, VoLTE, NFC, eSIM, Wi-Fi","Bionic A18, Hexa Core, 4.04 GHz Processor","8 GB RAM, 512 GB inbuilt","6.1 inches, 1170 x 2532 px Display with Small Notch",48 MP Rear & 12 MP Front Camera,Memory Card Not Supported,iOS v18
GFive Z15 Mini,₹777,4.05;,"Mediatek, mediatek, 1 MHz Processor",Dual Sim,No 3G,No Wifi,"32 MB RAM, 32 MB inbuilt",600 mAh Battery,"0.66 inches, 160 x 120 px Display","Memory Card (Hybrid), upto 8 GB"
Foneme FM 1 Fold,"₹2,199",4.15;,3000 mAh Battery,Dual Sim,1.4 MHz Processor,"32 MB RAM, 32 MB inbuilt","2.8 inches, 120 x 240 px Display",Dual Display,0.3 MP Rear Camera,Memory Card (Hybrid)
Lava A7 Torch Plus,"₹1,899",4.3;,"2.4 inches, 320 x 240 px Display",Dual Sim,"32 MB RAM, 32 MB inbuilt",2575 mAh Battery,0.3 MP Rear Camera,"Memory Card Supported, upto 32 GB",Bluetooth,
Jio Bharat Karbonn K2,"₹1,499",4.45;,"1.77 inches, 240 x 320 px Display","Single Sim, 4G, VoLTE",No Wifi,1000 mAh Battery,0.3 MP Rear Camera,Memory Card Supported,Bluetooth,
Oppo Find X8 5G (16GB RAM + 512GB),"₹89,999",4.25;,5630 mAh Battery with 80W Fast Charging,"Dual Sim, 5G, VoLTE, NFC, Wi-Fi, IR Blaster","Dimensity 9400, Octa Core, 3.63 GHz Processor","16 GB RAM, 512 GB inbuilt","6.59 inches, 1256 x 2760 px, 120 Hz Display with Punch Hole",50 MP + 50 MP + 50 MP Triple Rear & 32 MP Front Camera,Android v15,No FM Radio
Karbonn K99 Yuva,"₹1,740",4.05;,1 MHz Processor,Dual Sim,No 3G,No Wifi,"70 MB RAM, 65 MB inbuilt",2500 mAh Battery,"2.8 inches, 480 x 640 px Display","Memory Card (Hybrid), upto 32 GB"
Ringme R1 Pro 2 Flip,"₹1,499",4.1;,1000 mAh Battery,Dual Sim,256 MHz Processor,"32 MB RAM, 64 MB inbuilt","2.4 inches, 128 x 160 px Display",1 MP Rear Camera,"Memory Card Supported, upto 8 GB",No FM Radio
Lava A3 Torch,"₹1,341",4.45;,1750 mAh Battery,Dual Sim,1 MHz Processor,"4 MB RAM, 3 MB inbuilt","1.8 inches, 128 x 160 px Display",0.3 MP Rear Camera,"Memory Card Supported, upto 32 GB",Bluetooth
GFive Shark New,₹568,4.25;,1000 mAh Battery,Dual Sim,1.2 MHz Processor,"32 MB RAM, 32 MB inbuilt","1.8 inches, 320 x 480 px Display",0.3 MP Rear Camera,Memory Card Supported,No FM Radio
Snexian Guru GT 4G,"₹1,599",4;,2500 mAh Battery,"Dual Sim, 4G, VoLTE",1.77 MHz Processor,"32 MB RAM, 32 MB inbuilt","2.4 inches, 320 x 240 px Display",0.3 MP Rear Camera,Memory Card Supported,No FM Radio
